2026-02-03 01:31:33,169 [ERROR] LogOutputStream:75 - [STDERR_REDIRECT] 
2026-02-03 08:33:01,922 [INFO] Activator:176 - 


2026-02-03 08:33:01,923 [INFO] Activator:177 - !SESSION log4j initialized
2026-02-03 08:33:06,114 [INFO] LogOutputStream:77 - [STDOUT_REDIRECT] 
2026-02-03 08:33:07,042 [INFO] ApplicationProperties:184 - Using Application install path: /opt/st/stm32cubeide_1.19.0/plugins/com.st.stm32cube.common.mx_6.15.0.202507011659
2026-02-03 08:33:07,062 [INFO] DbMcusXml:78 - Set database path to: /opt/st/stm32cubeide_1.19.0/plugins/com.st.stm32cube.common.mx_6.15.0.202507011659//db//mcu/
2026-02-03 08:33:07,062 [INFO] ApiDb:274 - Set plugin database path to: /opt/st/stm32cubeide_1.19.0/plugins/com.st.stm32cube.common.mx_6.15.0.202507011659//db//plugins/boardmanager/
2026-02-03 08:33:07,062 [WARN] ApiDb:259 - Overriding images path with different value:  => /opt/st/stm32cubeide_1.19.0/plugins/com.st.stm32cube.common.mx_6.15.0.202507011659//db//plugins/mcufinder/images/
2026-02-03 08:33:07,070 [INFO] ApiDb:250 - Set database path to: /home/krushna/.stmcufinder/plugins/mcufinder//mcu/
2026-02-03 08:33:07,071 [INFO] DbMcusAds:125 - Set database path to: /home/krushna/.stmcufinder/plugins/mcufinder//mcu/
2026-02-03 08:33:07,074 [INFO] CrossReferenceDbSqlite:203 - Set database path to: /home/krushna/.stmcufinder/plugins/mcufinder//mcu/cs/
2026-02-03 08:33:07,193 [INFO] RulesReader:64 - Compatibility file has been processed (317 Rules)
2026-02-03 08:33:07,259 [INFO] DbMcusXml:78 - Set database path to: /opt/st/stm32cubeide_1.19.0/plugins/com.st.stm32cube.common.mx_6.15.0.202507011659//db//mcu/
2026-02-03 08:33:07,259 [INFO] ApiDb:274 - Set plugin database path to: /opt/st/stm32cubeide_1.19.0/plugins/com.st.stm32cube.common.mx_6.15.0.202507011659//db//plugins/boardmanager/
2026-02-03 08:33:07,259 [INFO] ApiDb:261 - Set plugin images path to: /opt/st/stm32cubeide_1.19.0/plugins/com.st.stm32cube.common.mx_6.15.0.202507011659//db//plugins/mcufinder/images/
2026-02-03 08:33:07,259 [WARN] DbFile:41 - Overriding database path with different value: /home/krushna/.stmcufinder/plugins/mcufinder/ => /home/krushna/.stmcufinder/plugins/mcufinder
2026-02-03 08:33:07,259 [INFO] ApiDb:250 - Set database path to: /home/krushna/.stmcufinder/plugins/mcufinder//mcu/
2026-02-03 08:33:07,259 [WARN] DbFile:41 - Overriding database path with different value: /home/krushna/.stmcufinder/plugins/mcufinder/ => /home/krushna/.stmcufinder/plugins/mcufinder
2026-02-03 08:33:07,260 [INFO] DbMcusAds:125 - Set database path to: /home/krushna/.stmcufinder/plugins/mcufinder//mcu/
2026-02-03 08:33:07,260 [WARN] DbFile:41 - Overriding database path with different value: /home/krushna/.stmcufinder/plugins/mcufinder/ => /home/krushna/.stmcufinder/plugins/mcufinder
2026-02-03 08:33:07,260 [WARN] DbFile:41 - Overriding database path with different value: /home/krushna/.stmcufinder/plugins/mcufinder/ => /home/krushna/.stmcufinder/plugins/mcufinder
2026-02-03 08:33:07,260 [INFO] CrossReferenceDbSqlite:203 - Set database path to: /home/krushna/.stmcufinder/plugins/mcufinder//mcu/cs/
2026-02-03 08:33:07,341 [INFO] MainPanel:274 - HeapMemory: 268435456
2026-02-03 08:33:07,458 [INFO] DbMcusXml:78 - Set database path to: /opt/st/stm32cubeide_1.19.0/plugins/com.st.stm32cube.common.mx_6.15.0.202507011659//db//mcu/
2026-02-03 08:33:07,458 [INFO] ApiDb:274 - Set plugin database path to: /opt/st/stm32cubeide_1.19.0/plugins/com.st.stm32cube.common.mx_6.15.0.202507011659//db//plugins/boardmanager/
2026-02-03 08:33:07,458 [INFO] ApiDb:261 - Set plugin images path to: /opt/st/stm32cubeide_1.19.0/plugins/com.st.stm32cube.common.mx_6.15.0.202507011659//db//plugins/mcufinder/images/
2026-02-03 08:33:07,458 [WARN] DbFile:41 - Overriding database path with different value: /home/krushna/.stmcufinder/plugins/mcufinder/ => /home/krushna/.stmcufinder/plugins/mcufinder
2026-02-03 08:33:07,459 [INFO] ApiDb:250 - Set database path to: /home/krushna/.stmcufinder/plugins/mcufinder//mcu/
2026-02-03 08:33:07,459 [WARN] DbFile:41 - Overriding database path with different value: /home/krushna/.stmcufinder/plugins/mcufinder/ => /home/krushna/.stmcufinder/plugins/mcufinder
2026-02-03 08:33:07,459 [INFO] DbMcusAds:125 - Set database path to: /home/krushna/.stmcufinder/plugins/mcufinder//mcu/
2026-02-03 08:33:07,459 [WARN] DbFile:41 - Overriding database path with different value: /home/krushna/.stmcufinder/plugins/mcufinder/ => /home/krushna/.stmcufinder/plugins/mcufinder
2026-02-03 08:33:07,459 [WARN] DbFile:41 - Overriding database path with different value: /home/krushna/.stmcufinder/plugins/mcufinder/ => /home/krushna/.stmcufinder/plugins/mcufinder
2026-02-03 08:33:07,459 [INFO] CrossReferenceDbSqlite:203 - Set database path to: /home/krushna/.stmcufinder/plugins/mcufinder//mcu/cs/
2026-02-03 08:33:07,473 [INFO] ApplicationProperties:184 - Using Application install path: /opt/st/stm32cubeide_1.19.0/plugins/com.st.stm32cube.common.mx_6.15.0.202507011659
2026-02-03 08:33:07,474 [INFO] PluginManage:196 - Search for loadable plugins [exclusion list=, ]
2026-02-03 08:33:07,475 [INFO] PluginManage:310 - Check plugin analytics
2026-02-03 08:33:07,604 [INFO] AnalyticsPlugin:253 - Accepted Software Licenses: 
2026-02-03 08:33:07,604 [INFO] AnalyticsPlugin:255 - Accepted CMSIS Pack Licenses: 
2026-02-03 08:33:07,604 [INFO] AnalyticsPlugin:257 - Accepted Firmware Licenses: FW.F4.1.28.0
2026-02-03 08:33:07,606 [INFO] PluginManage:359 - Loaded plugin analytics (category:tool,tabindex:-1)
2026-02-03 08:33:07,607 [INFO] PluginManage:310 - Check plugin cadmodel
2026-02-03 08:33:07,612 [INFO] CADModel:105 - Init CAD model plugin
2026-02-03 08:33:07,612 [INFO] PluginManage:359 - Loaded plugin cadmodel (category:power,tabindex:5)
2026-02-03 08:33:07,612 [INFO] PluginManage:310 - Check plugin clock
2026-02-03 08:33:07,621 [INFO] PluginManage:359 - Loaded plugin clock (category:base,tabindex:2)
2026-02-03 08:33:07,621 [INFO] PluginManage:310 - Check plugin ddr
2026-02-03 08:33:07,623 [INFO] PluginManage:359 - Loaded plugin ddr (category:tool,tabindex:6)
2026-02-03 08:33:07,623 [INFO] PluginManage:310 - Check plugin filemanager
2026-02-03 08:33:07,771 [INFO] PluginManage:359 - Loaded plugin filemanager (category:base,tabindex:10)
2026-02-03 08:33:07,771 [INFO] PluginManage:310 - Check plugin ipmanager
2026-02-03 08:33:07,777 [INFO] PluginManage:359 - Loaded plugin ipmanager (category:base,tabindex:5)
2026-02-03 08:33:07,777 [INFO] PluginManage:310 - Check plugin lpbam
2026-02-03 08:33:07,787 [INFO] PluginManage:359 - Loaded plugin lpbam (category:base,tabindex:0)
2026-02-03 08:33:07,787 [INFO] PluginManage:310 - Check plugin memorymap
2026-02-03 08:33:07,799 [INFO] PluginManage:359 - Loaded plugin memorymap (category:base,tabindex:4)
2026-02-03 08:33:07,799 [INFO] PluginManage:310 - Check plugin pinoutandconfiguration
2026-02-03 08:33:07,808 [INFO] PluginManage:359 - Loaded plugin pinoutandconfiguration (category:base,tabindex:1)
2026-02-03 08:33:07,808 [INFO] PluginManage:310 - Check plugin pinoutconfig
2026-02-03 08:33:07,893 [WARN] SupportedApi:132 - Cannot load RTOS API schema: s4s-elt-must-match.1: The content of 'definitions' must match (annotation?, (simpleType | complexType)?, (unique | key | keyref)*)). A problem was found starting at: attribute.
2026-02-03 08:33:08,024 [INFO] PluginManage:359 - Loaded plugin pinoutconfig (category:base,tabindex:0)
2026-02-03 08:33:08,025 [INFO] PluginManage:310 - Check plugin power
2026-02-03 08:33:08,034 [INFO] PluginManage:359 - Loaded plugin power (category:power,tabindex:4)
2026-02-03 08:33:08,035 [INFO] PluginManage:310 - Check plugin projectmanager
2026-02-03 08:33:08,051 [INFO] PluginManage:359 - Loaded plugin projectmanager (category:projectmanager,tabindex:4)
2026-02-03 08:33:08,051 [INFO] PluginManage:310 - Check plugin rif
2026-02-03 08:33:08,062 [INFO] PluginManage:359 - Loaded plugin rif (category:base,tabindex:3)
2026-02-03 08:33:08,063 [INFO] PluginManage:310 - Check plugin thirdparty
2026-02-03 08:33:08,222 [INFO] PluginManage:359 - Loaded plugin thirdparty (category:base,tabindex:-1)
2026-02-03 08:33:08,222 [WARN] IntegrityCheckThread:84 - waiting for thirdparty lock release [integrity check]
2026-02-03 08:33:08,222 [INFO] IntegrityCheckThread:86 - entering critical section [integrity check]
2026-02-03 08:33:08,222 [INFO] PluginManage:310 - Check plugin tools
2026-02-03 08:33:08,222 [INFO] ThirdPartyUpdaterWithRetryManager:70 - Updater plugin not ready yet. [1/15]
2026-02-03 08:33:08,224 [INFO] PluginManage:359 - Loaded plugin tools (category:base,tabindex:7)
2026-02-03 08:33:08,224 [INFO] PluginManage:310 - Check plugin tutovideos
2026-02-03 08:33:08,451 [INFO] PluginManage:359 - Loaded plugin tutovideos (category:base,tabindex:-1)
2026-02-03 08:33:08,452 [INFO] PluginManage:310 - Check plugin updater
2026-02-03 08:33:08,475 [INFO] PluginManage:359 - Loaded plugin updater (category:base,tabindex:12)
2026-02-03 08:33:08,475 [INFO] PluginManage:310 - Check plugin userauth
2026-02-03 08:33:08,481 [INFO] UserAuth:118 - Init User Auth plugin
2026-02-03 08:33:08,482 [INFO] PluginManage:359 - Loaded plugin userauth (category:base,tabindex:14)
2026-02-03 08:33:08,483 [INFO] PluginManage:283 - PluginManage : Loaded plugins [18]
2026-02-03 08:33:08,723 [INFO] PinOutPanel:1589 - setPackage(No Configuration,No Configuration)
2026-02-03 08:33:08,804 [INFO] CADModel:165 - CPN selected for project level
2026-02-03 08:33:08,804 [INFO] CADModel:114 - Register for checkConnection events
2026-02-03 08:33:08,819 [INFO] IPUIPlugin:80 - create IPUIPlugin
2026-02-03 08:33:08,820 [INFO] PluginManager:220 - loadIPPluginJar : add tsc
2026-02-03 08:33:08,827 [INFO] IPUIPlugin:80 - create IPUIPlugin
2026-02-03 08:33:08,828 [INFO] PluginManager:220 - loadIPPluginJar : add gpio
2026-02-03 08:33:08,838 [INFO] IPUIPlugin:80 - create IPUIPlugin
2026-02-03 08:33:08,838 [INFO] PluginManager:220 - loadIPPluginJar : add linkedlist
2026-02-03 08:33:08,852 [INFO] IPUIPlugin:80 - create IPUIPlugin
2026-02-03 08:33:08,853 [INFO] PluginManager:220 - loadIPPluginJar : add fmc
2026-02-03 08:33:08,862 [INFO] IPUIPlugin:80 - create IPUIPlugin
2026-02-03 08:33:08,866 [INFO] PluginManager:220 - loadIPPluginJar : add plateformsettings
2026-02-03 08:33:08,870 [INFO] IPUIPlugin:80 - create IPUIPlugin
2026-02-03 08:33:08,870 [INFO] PluginManager:220 - loadIPPluginJar : add cryp
2026-02-03 08:33:08,874 [INFO] IPUIPlugin:80 - create IPUIPlugin
2026-02-03 08:33:08,874 [INFO] PluginManager:220 - loadIPPluginJar : add i2c
2026-02-03 08:33:08,878 [INFO] IPUIPlugin:80 - create IPUIPlugin
2026-02-03 08:33:08,878 [INFO] PluginManager:220 - loadIPPluginJar : add lorawan
2026-02-03 08:33:08,882 [INFO] IPUIPlugin:80 - create IPUIPlugin
2026-02-03 08:33:08,882 [INFO] PluginManager:220 - loadIPPluginJar : add touchsensing
2026-02-03 08:33:08,884 [INFO] IPUIPlugin:80 - create IPUIPlugin
2026-02-03 08:33:08,884 [INFO] PluginManager:220 - loadIPPluginJar : add ltdc
2026-02-03 08:33:08,886 [INFO] IPUIPlugin:80 - create IPUIPlugin
2026-02-03 08:33:08,887 [INFO] PluginManager:220 - loadIPPluginJar : add i2s
2026-02-03 08:33:08,888 [INFO] IPUIPlugin:80 - create IPUIPlugin
2026-02-03 08:33:08,888 [INFO] PluginManager:220 - loadIPPluginJar : add fatfs
2026-02-03 08:33:08,897 [INFO] IPUIPlugin:80 - create IPUIPlugin
2026-02-03 08:33:08,897 [INFO] PluginManager:220 - loadIPPluginJar : add mdma
2026-02-03 08:33:08,900 [INFO] IPUIPlugin:80 - create IPUIPlugin
2026-02-03 08:33:08,900 [INFO] PluginManager:220 - loadIPPluginJar : add ts
2026-02-03 08:33:08,902 [INFO] IPUIPlugin:80 - create IPUIPlugin
2026-02-03 08:33:08,902 [INFO] PluginManager:220 - loadIPPluginJar : add ucpd
2026-02-03 08:33:08,904 [INFO] IPUIPlugin:80 - create IPUIPlugin
2026-02-03 08:33:08,905 [INFO] PluginManager:220 - loadIPPluginJar : add radio
2026-02-03 08:33:08,910 [INFO] IPUIPlugin:80 - create IPUIPlugin
2026-02-03 08:33:08,910 [INFO] PluginManager:220 - loadIPPluginJar : add ipddr
2026-02-03 08:33:08,915 [INFO] IPUIPlugin:80 - create IPUIPlugin
2026-02-03 08:33:08,915 [INFO] PluginManager:220 - loadIPPluginJar : add nvic
2026-02-03 08:33:08,919 [INFO] IPUIPlugin:80 - create IPUIPlugin
2026-02-03 08:33:08,919 [INFO] PluginManager:220 - loadIPPluginJar : add ddr_ctrl_phy
2026-02-03 08:33:08,922 [INFO] IPUIPlugin:80 - create IPUIPlugin
2026-02-03 08:33:08,922 [INFO] PluginManager:220 - loadIPPluginJar : add opamp
2026-02-03 08:33:08,925 [INFO] IPUIPlugin:80 - create IPUIPlugin
2026-02-03 08:33:08,925 [INFO] PluginManager:220 - loadIPPluginJar : add usart
2026-02-03 08:33:08,932 [INFO] IPUIPlugin:80 - create IPUIPlugin
2026-02-03 08:33:08,932 [INFO] PluginManager:220 - loadIPPluginJar : add freertos
2026-02-03 08:33:08,936 [INFO] IPUIPlugin:80 - create IPUIPlugin
2026-02-03 08:33:08,936 [INFO] PluginManager:220 - loadIPPluginJar : add usbx
2026-02-03 08:33:08,939 [INFO] IPUIPlugin:80 - create IPUIPlugin
2026-02-03 08:33:08,939 [INFO] PluginManager:220 - loadIPPluginJar : add sai
2026-02-03 08:33:08,942 [INFO] IPUIPlugin:80 - create IPUIPlugin
2026-02-03 08:33:08,942 [INFO] PluginManager:220 - loadIPPluginJar : add hash
2026-02-03 08:33:08,945 [INFO] IPUIPlugin:80 - create IPUIPlugin
2026-02-03 08:33:08,945 [INFO] PluginManager:220 - loadIPPluginJar : add openamp
2026-02-03 08:33:08,950 [INFO] IPUIPlugin:80 - create IPUIPlugin
2026-02-03 08:33:08,951 [INFO] PluginManager:220 - loadIPPluginJar : add gic
2026-02-03 08:33:08,954 [INFO] IPUIPlugin:80 - create IPUIPlugin
2026-02-03 08:33:08,954 [INFO] PluginManager:220 - loadIPPluginJar : add extmemmanager
2026-02-03 08:33:08,958 [INFO] IPUIPlugin:80 - create IPUIPlugin
2026-02-03 08:33:08,958 [INFO] PluginManager:220 - loadIPPluginJar : add pdm2pcm
2026-02-03 08:33:08,960 [INFO] IPUIPlugin:80 - create IPUIPlugin
2026-02-03 08:33:08,960 [INFO] PluginManager:220 - loadIPPluginJar : add tim
2026-02-03 08:33:08,962 [INFO] IPUIPlugin:80 - create IPUIPlugin
2026-02-03 08:33:08,962 [INFO] PluginManager:220 - loadIPPluginJar : add dma3
2026-02-03 08:33:08,969 [INFO] IPUIPlugin:80 - create IPUIPlugin
2026-02-03 08:33:08,969 [INFO] PluginManager:220 - loadIPPluginJar : add adc
2026-02-03 08:33:08,976 [INFO] IPUIPlugin:80 - create IPUIPlugin
2026-02-03 08:33:08,977 [INFO] PluginManager:220 - loadIPPluginJar : add stm32_wpan
2026-02-03 08:33:08,979 [INFO] IPUIPlugin:80 - create IPUIPlugin
2026-02-03 08:33:08,979 [INFO] PluginManager:220 - loadIPPluginJar : add tracer_emb
2026-02-03 08:33:08,981 [INFO] IPUIPlugin:80 - create IPUIPlugin
2026-02-03 08:33:08,981 [INFO] PluginManager:220 - loadIPPluginJar : add dfsdm
2026-02-03 08:33:08,984 [INFO] IPUIPlugin:80 - create IPUIPlugin
2026-02-03 08:33:08,985 [INFO] PluginManager:220 - loadIPPluginJar : add i3c
2026-02-03 08:33:08,989 [INFO] IPUIPlugin:80 - create IPUIPlugin
2026-02-03 08:33:08,989 [INFO] PluginManager:220 - loadIPPluginJar : add resmgrutility
2026-02-03 08:33:08,995 [INFO] IPUIPlugin:80 - create IPUIPlugin
2026-02-03 08:33:08,996 [INFO] PluginManager:220 - loadIPPluginJar : add dma
2026-02-03 08:33:08,998 [INFO] IPUIPlugin:80 - create IPUIPlugin
2026-02-03 08:33:08,999 [INFO] PluginManager:220 - loadIPPluginJar : add aes
2026-02-03 08:33:09,000 [INFO] IPUIPlugin:80 - create IPUIPlugin
2026-02-03 08:33:09,001 [INFO] PluginManager:220 - loadIPPluginJar : add quadspi
2026-02-03 08:33:09,004 [INFO] IPUIPlugin:80 - create IPUIPlugin
2026-02-03 08:33:09,004 [INFO] PluginManager:220 - loadIPPluginJar : add gtzc
2026-02-03 08:33:09,006 [INFO] IPUIPlugin:80 - create IPUIPlugin
2026-02-03 08:33:09,006 [INFO] PluginManager:220 - loadIPPluginJar : add spi
2026-02-03 08:33:09,009 [INFO] IPUIPlugin:80 - create IPUIPlugin
2026-02-03 08:33:09,009 [INFO] PluginManager:220 - loadIPPluginJar : add can
2026-02-03 08:33:09,010 [INFO] IPUIPlugin:80 - create IPUIPlugin
2026-02-03 08:33:09,010 [INFO] PluginManager:220 - loadIPPluginJar : add genericplugin
2026-02-03 08:33:09,012 [INFO] IPUIPlugin:80 - create IPUIPlugin
2026-02-03 08:33:09,012 [INFO] PluginManager:220 - loadIPPluginJar : add comp
2026-02-03 08:33:09,014 [INFO] IPUIPlugin:80 - create IPUIPlugin
2026-02-03 08:33:09,014 [INFO] PluginManager:220 - loadIPPluginJar : add gfxmmu
2026-02-03 08:33:09,118 [FATAL] Updater:351 - Updater called before beeing initialized
2026-02-03 08:33:09,156 [INFO] RulesReader:64 - Compatibility file has been processed (317 Rules)
2026-02-03 08:33:09,185 [INFO] RulesReader:64 - Compatibility file has been processed (317 Rules)
2026-02-03 08:33:09,198 [INFO] CADModel:165 - CPN selected for project level
2026-02-03 08:33:09,198 [INFO] CADModel:114 - Register for checkConnection events
2026-02-03 08:33:09,199 [FATAL] Updater:351 - Updater called before beeing initialized
2026-02-03 08:33:09,199 [ERROR] CADModel:125 - Updater not yet initialized, retry later 
2026-02-03 08:33:09,349 [FATAL] Updater:351 - Updater called before beeing initialized
2026-02-03 08:33:09,351 [INFO] CADModel:165 - CPN selected for project level
2026-02-03 08:33:09,351 [INFO] CADModel:114 - Register for checkConnection events
2026-02-03 08:33:09,351 [FATAL] Updater:351 - Updater called before beeing initialized
2026-02-03 08:33:09,351 [ERROR] CADModel:125 - Updater not yet initialized, retry later 
2026-02-03 08:33:09,356 [FATAL] Updater:351 - Updater called before beeing initialized
2026-02-03 08:33:09,472 [FATAL] Updater:351 - Updater called before beeing initialized
2026-02-03 08:33:09,476 [INFO] DbMcusAds:53 - JSON generation date=Thu Jan 08 21:27:51 IST 2026 (1767887871456)
2026-02-03 08:33:09,477 [FATAL] Updater:351 - Updater called before beeing initialized
2026-02-03 08:33:09,515 [WARN] DetailPanel:346 - Failed to get advertising image, set to default
2026-02-03 08:33:09,591 [FATAL] Updater:351 - Updater called before beeing initialized
2026-02-03 08:33:09,593 [FATAL] Updater:351 - Updater called before beeing initialized
2026-02-03 08:33:09,594 [FATAL] Updater:351 - Updater called before beeing initialized
2026-02-03 08:33:09,594 [WARN] DetailPanel:346 - Failed to get advertising image, set to default
2026-02-03 08:33:09,595 [FATAL] Updater:351 - Updater called before beeing initialized
2026-02-03 08:33:09,633 [ERROR] Updater:1198 - MainUpdater not yet initialized. External WinMGr cannot be set.
2026-02-03 08:33:09,635 [INFO] Updater:1134 - Updater Version found : 6.15.0
2026-02-03 08:33:09,660 [INFO] ApplicationProperties:184 - Using Application install path: /opt/st/stm32cubeide_1.19.0/plugins/com.st.stm32cube.common.mx_6.15.0.202507011659
2026-02-03 08:33:09,985 [INFO] MainUpdater:2872 - connection check result : 10
2026-02-03 08:33:09,985 [INFO] MainUpdater:289 - Updater Check For Update Now.
2026-02-03 08:33:09,986 [INFO] MicroXplorer:498 - Change Database Version : DB.6.0.150
2026-02-03 08:33:09,990 [INFO] McuFinderGlobals:63 - Set McuFinder mode to 2 (CubeIDE integrated)
2026-02-03 08:33:09,991 [INFO] UserAuth:171 - activating auth plugin
2026-02-03 08:33:09,994 [INFO] UserAuth:487 - Internet connection configuration mode: 1
2026-02-03 08:33:10,022 [INFO] JxBrowserEngine:152 - Initiate JxBrowser Engine with user profile folder
2026-02-03 08:33:10,200 [INFO] CheckServerUpdateThread:120 - End of CheckServer Thread
2026-02-03 08:33:10,902 [INFO] WebApp:169 - Instantiating new browser for Auth
2026-02-03 08:33:11,395 [WARN] PackLoader:240 - Cannot read IP mode file for STMicroelectronics.FP-SNS-MOTENVWB1.1.4.0
2026-02-03 08:33:11,405 [WARN] PackLoader:240 - Cannot read IP mode file for STMicroelectronics.FP-ATR-ASTRA1.2.0.2
2026-02-03 08:33:11,414 [WARN] PackLoader:240 - Cannot read IP mode file for STMicroelectronics.X-CUBE-SMBUS.2.1.0
2026-02-03 08:33:11,420 [WARN] PackLoader:240 - Cannot read IP mode file for STMicroelectronics.X-CUBE-ST60.1.0.0
2026-02-03 08:33:11,463 [WARN] PackLoader:240 - Cannot read IP mode file for STMicroelectronics.X-CUBE-AZRTOS-F7.1.1.0
2026-02-03 08:33:11,472 [WARN] PackLoader:240 - Cannot read IP mode file for Cesanta.I-CUBE-Mongoose.7.19.0
2026-02-03 08:33:11,476 [WARN] PackLoader:240 - Cannot read IP mode file for STMicroelectronics.FP-SNS-MOTENV1.5.1.0
2026-02-03 08:33:11,486 [WARN] PackLoader:240 - Cannot read IP mode file for WES.I-CUBE-Cesium.1.4.0
2026-02-03 08:33:11,517 [WARN] PackLoader:240 - Cannot read IP mode file for Infineon.AIROC-Wi-Fi-Bluetooth-STM32.1.7.1
2026-02-03 08:33:11,532 [WARN] PackLoader:240 - Cannot read IP mode file for STMicroelectronics.X-CUBE-DISPLAY.3.0.0
2026-02-03 08:33:11,545 [WARN] PackLoader:240 - Cannot read IP mode file for STMicroelectronics.X-CUBE-NFC10.1.0.0
2026-02-03 08:33:11,552 [WARN] PackLoader:240 - Cannot read IP mode file for STMicroelectronics.X-CUBE-ST60.1.1.0
2026-02-03 08:33:11,565 [WARN] PackLoader:240 - Cannot read IP mode file for emotas.I-CUBE-CANOPEN.1.3.0
2026-02-03 08:33:11,591 [WARN] PackLoader:240 - Cannot read IP mode file for STMicroelectronics.X-CUBE-GNSS1.7.1.0
2026-02-03 08:33:11,605 [WARN] PackLoader:240 - Cannot read IP mode file for STMicroelectronics.FP-SNS-SMARTAG2.1.2.0
2026-02-03 08:33:11,614 [WARN] PackLoader:240 - Cannot read IP mode file for STMicroelectronics.FP-SNS-FLIGHT1.5.1.0
2026-02-03 08:33:11,634 [INFO] LogOutputStream:77 - [STDOUT_REDIRECT] 1 : Invalid condition id : UX_CORESTACK_Condition cause : null
2026-02-03 08:33:11,640 [INFO] LogOutputStream:77 - [STDOUT_REDIRECT] 1 : Invalid condition id : UX_CORESTACK_Condition cause : null
2026-02-03 08:33:11,641 [INFO] LogOutputStream:77 - [STDOUT_REDIRECT] 1 : Invalid condition id : UX_CORESTACK_Condition cause : null
2026-02-03 08:33:11,641 [INFO] LogOutputStream:77 - [STDOUT_REDIRECT] 1 : Invalid condition id : UX_CORESTACK_Condition cause : null
2026-02-03 08:33:11,642 [INFO] LogOutputStream:77 - [STDOUT_REDIRECT] 1 : Invalid condition id : UX_CORESTACK_Condition cause : null
2026-02-03 08:33:11,647 [WARN] PackLoader:240 - Cannot read IP mode file for STMicroelectronics.X-CUBE-AZRTOS-WL.2.0.0
2026-02-03 08:33:11,652 [WARN] PackLoader:240 - Cannot read IP mode file for STMicroelectronics.FP-SNS-MOTENV1.5.0.0
2026-02-03 08:33:11,683 [WARN] PackLoader:240 - Cannot read IP mode file for STMicroelectronics.X-CUBE-AZRTOS-H7RS.1.2.0
2026-02-03 08:33:11,695 [WARN] PackLoader:240 - Cannot read IP mode file for STMicroelectronics.X-CUBE-BLE2.3.3.0
2026-02-03 08:33:11,797 [WARN] PackLoader:240 - Cannot read IP mode file for STMicroelectronics.X-CUBE-NFC9.1.0.0
2026-02-03 08:33:11,797 [INFO] WebApp:463 - Apply proxy settings
2026-02-03 08:33:11,798 [INFO] WebApp:548 - Chromium requires no authentication
2026-02-03 08:33:11,805 [WARN] PackLoader:240 - Cannot read IP mode file for STMicroelectronics.X-CUBE-BLE1.7.1.0
2026-02-03 08:33:11,806 [INFO] WebApp:491 - Direct internet connection detected
2026-02-03 08:33:11,811 [WARN] PackLoader:240 - Cannot read IP mode file for wolfSSL.I-CUBE-wolfMQTT.1.19.2
2026-02-03 08:33:11,818 [WARN] PackLoader:240 - Cannot read IP mode file for STMicroelectronics.X-CUBE-FREERTOS.1.4.0
2026-02-03 08:33:11,826 [WARN] PackLoader:240 - Cannot read IP mode file for STMicroelectronics.X-CUBE-ST67W61.1.1.0
2026-02-03 08:33:11,843 [INFO] WebApp:900 - Register for checkConnection events
2026-02-03 08:33:11,844 [INFO] WebApp:463 - Apply proxy settings
2026-02-03 08:33:11,844 [INFO] WebApp:548 - Chromium requires no authentication
2026-02-03 08:33:11,845 [INFO] WebApp:491 - Direct internet connection detected
2026-02-03 08:33:11,882 [WARN] PackLoader:240 - Cannot read IP mode file for STMicroelectronics.X-CUBE-MEMS1.12.0.0
2026-02-03 08:33:11,987 [WARN] PackLoader:240 - Cannot read IP mode file for STMicroelectronics.X-CUBE-AZRTOS-G0.1.1.0
2026-02-03 08:33:11,994 [WARN] PackLoader:240 - Cannot read IP mode file for STMicroelectronics.X-CUBE-SAFEA1.1.2.2
2026-02-03 08:33:11,998 [WARN] PackLoader:240 - Cannot read IP mode file for STMicroelectronics.X-CUBE-NFC4.3.0.0
2026-02-03 08:33:12,005 [WARN] PackLoader:240 - Cannot read IP mode file for EmbeddedOffice.I-CUBE-FS-RTOS.1.0.1
2026-02-03 08:33:12,011 [WARN] PackLoader:240 - Cannot read IP mode file for STMicroelectronics.X-CUBE-WB05N.2.0.0
2026-02-03 08:33:12,015 [WARN] PackLoader:240 - Cannot read IP mode file for wolfSSL.I-CUBE-wolfTPM.3.8.0
2026-02-03 08:33:12,019 [WARN] PackLoader:240 - Cannot read IP mode file for STMicroelectronics.X-CUBE-TCPP.4.2.0
2026-02-03 08:33:12,023 [WARN] PackLoader:240 - Cannot read IP mode file for RealThread.X-CUBE-RT-Thread_Nano.4.1.1
2026-02-03 08:33:12,026 [WARN] PackLoader:240 - Cannot read IP mode file for STMicroelectronics.FP-ATR-SIGFOX1.3.2.0
2026-02-03 08:33:12,030 [WARN] PackLoader:240 - Cannot read IP mode file for ITTIA_DB.I-CUBE-ITTIADB.8.9.0
2026-02-03 08:33:12,036 [WARN] PackLoader:240 - Cannot read IP mode file for STMicroelectronics.X-CUBE-NFC6.3.2.0
2026-02-03 08:33:12,042 [WARN] PackLoader:240 - Cannot read IP mode file for STMicroelectronics.X-CUBE-ST67W61.1.0.0
2026-02-03 08:33:12,058 [INFO] WebApp:225 - Starting web application
2026-02-03 08:33:12,058 [INFO] WebApp:593 - Web application path used /opt/st/stm32cubeide_1.19.0/plugins/com.st.stm32cube.common.mx_6.15.0.202507011659/db/plugins/mcufinder/reactClient1/index.html
2026-02-03 08:33:12,065 [WARN] PackLoader:240 - Cannot read IP mode file for SEGGER.I-CUBE-embOS.1.3.1
2026-02-03 08:33:12,134 [WARN] PackLoader:240 - Cannot read IP mode file for STMicroelectronics.X-CUBE-ALGOBUILD.1.4.0
2026-02-03 08:33:12,173 [WARN] PackLoader:240 - Cannot read IP mode file for STMicroelectronics.X-CUBE-MEMS1.11.3.0
2026-02-03 08:33:12,281 [WARN] PackLoader:240 - Cannot read IP mode file for STMicroelectronics.X-CUBE-PM33A1.1.0.0
2026-02-03 08:33:12,305 [WARN] PackLoader:240 - Cannot read IP mode file for STMicroelectronics.X-CUBE-AZRTOS-F4.1.1.0
2026-02-03 08:33:12,312 [WARN] PackLoader:240 - Cannot read IP mode file for Avnet-IotConnect.X-CUBE-IoTC-DA16k-PMOD.1.0.0
2026-02-03 08:33:12,317 [WARN] PackLoader:240 - Cannot read IP mode file for STMicroelectronics.X-CUBE-ISPU.2.1.0
2026-02-03 08:33:12,336 [WARN] PackLoader:240 - Cannot read IP mode file for STMicroelectronics.X-CUBE-IPS.3.2.0
2026-02-03 08:33:12,364 [WARN] PackLoader:240 - Cannot read IP mode file for STMicroelectronics.X-CUBE-AZRTOS-L5.2.0.0
2026-02-03 08:33:12,377 [WARN] PackLoader:240 - Cannot read IP mode file for STMicroelectronics.X-CUBE-NFC6.3.1.0
2026-02-03 08:33:12,392 [WARN] PackLoader:240 - Cannot read IP mode file for STMicroelectronics.X-CUBE-FREERTOS.1.3.1
2026-02-03 08:33:12,401 [WARN] PackLoader:240 - Cannot read IP mode file for STMicroelectronics.X-CUBE-TOUCHGFX.4.26.0
2026-02-03 08:33:12,439 [WARN] PackLoader:240 - Cannot read IP mode file for STMicroelectronics.X-CUBE-DPower.1.3.0
2026-02-03 08:33:12,468 [WARN] ConditionMgr:438 - getConditionDescription Invalid condition id : LAN8742 Phy interface Condition cause : null
2026-02-03 08:33:12,469 [WARN] PackLoader:240 - Cannot read IP mode file for STMicroelectronics.X-CUBE-AZRTOS-L4.2.0.0
2026-02-03 08:33:12,471 [WARN] ConditionMgr:1044 - genDependencies : Invalid condition id : LAN8742 Phy interface Condition cause : null
2026-02-03 08:33:12,471 [WARN] ConditionMgr:1044 - genDependencies : Invalid condition id : LAN8742 Phy interface Condition cause : null
2026-02-03 08:33:12,472 [WARN] ConditionMgr:1044 - genDependencies : Invalid condition id : LAN8742 Phy interface Condition cause : null
2026-02-03 08:33:12,484 [WARN] PackLoader:240 - Cannot read IP mode file for STMicroelectronics.X-CUBE-SFXS2LP1.4.0.0
2026-02-03 08:33:12,494 [WARN] PackLoader:240 - Cannot read IP mode file for STMicroelectronics.X-CUBE-ST67W61.1.2.0
2026-02-03 08:33:12,510 [WARN] ConditionMgr:438 - getConditionDescription Invalid condition id : UX DEVICE CLASS RTOS Condition cause : null
2026-02-03 08:33:12,511 [WARN] ConditionMgr:438 - getConditionDescription Invalid condition id : UX DEVICE CLASS RTOS Condition cause : null
2026-02-03 08:33:12,515 [WARN] PackLoader:240 - Cannot read IP mode file for STMicroelectronics.X-CUBE-AZRTOS-WB.2.0.0
2026-02-03 08:33:12,516 [WARN] ConditionMgr:1044 - genDependencies : Invalid condition id : UX DEVICE CLASS RTOS Condition cause : null
2026-02-03 08:33:12,516 [WARN] ConditionMgr:1044 - genDependencies : Invalid condition id : UX DEVICE CLASS RTOS Condition cause : null
2026-02-03 08:33:12,516 [WARN] ConditionMgr:1044 - genDependencies : Invalid condition id : UX DEVICE CLASS RTOS Condition cause : null
2026-02-03 08:33:12,517 [WARN] ConditionMgr:1044 - genDependencies : Invalid condition id : UX DEVICE CLASS RTOS Condition cause : null
2026-02-03 08:33:12,517 [WARN] ConditionMgr:1044 - genDependencies : Invalid condition id : UX DEVICE CLASS RTOS Condition cause : null
2026-02-03 08:33:12,532 [WARN] PackLoader:240 - Cannot read IP mode file for STMicroelectronics.X-CUBE-GNSS1.7.0.1
2026-02-03 08:33:12,537 [WARN] PackLoader:240 - Cannot read IP mode file for STMicroelectronics.X-CUBE-TOUCHGFX.4.25.0
2026-02-03 08:33:12,537 [INFO] WebApp:191 - Connection restablished
2026-02-03 08:33:12,540 [WARN] ConditionMgr:438 - getConditionDescription Invalid condition id : Cortex-A Device cause : null
2026-02-03 08:33:12,549 [WARN] ConditionMgr:1044 - genDependencies : Invalid condition id : Cortex-A Device cause : null
2026-02-03 08:33:12,550 [WARN] ConditionMgr:1044 - genDependencies : Invalid condition id : Cortex-A Device cause : null
2026-02-03 08:33:12,550 [WARN] ConditionMgr:1044 - genDependencies : Invalid condition id : Cortex-A Device cause : null
2026-02-03 08:33:12,558 [WARN] PackLoader:240 - Cannot read IP mode file for STMicroelectronics.X-CUBE-STSE01.2.0.0
2026-02-03 08:33:12,566 [WARN] PackLoader:240 - Cannot read IP mode file for STMicroelectronics.X-CUBE-SUBG2.5.0.0
2026-02-03 08:33:12,587 [WARN] PackLoader:240 - Cannot read IP mode file for STMicroelectronics.X-CUBE-AZRTOS-H7RS.1.1.0
2026-02-03 08:33:12,604 [WARN] PackLoader:240 - Cannot read IP mode file for STMicroelectronics.X-CUBE-AZRTOS-G4.2.0.0
2026-02-03 08:33:12,609 [WARN] PackLoader:240 - Cannot read IP mode file for wolfSSL.I-CUBE-wolfSSH.1.4.20
2026-02-03 08:33:12,614 [WARN] PackLoader:240 - Cannot read IP mode file for STMicroelectronics.X-CUBE-NFC7.2.0.0
2026-02-03 08:33:12,631 [WARN] PackLoader:240 - Cannot read IP mode file for STMicroelectronics.X-CUBE-IPS.3.1.0
2026-02-03 08:33:12,642 [WARN] PackLoader:240 - Cannot read IP mode file for STMicroelectronics.X-CUBE-ALS.1.0.2
2026-02-03 08:33:12,648 [WARN] PackLoader:240 - Cannot read IP mode file for STMicroelectronics.X-CUBE-STSE01.1.0.0
2026-02-03 08:33:12,664 [WARN] PackLoader:240 - Cannot read IP mode file for STMicroelectronics.X-CUBE-TOF1.3.4.3
2026-02-03 08:33:12,679 [INFO] ThirdParty:978 - Integrity check success = true
2026-02-03 08:33:12,679 [INFO] IntegrityCheckThread:100 - exiting critical section [integrity check]
2026-02-03 08:33:12,679 [INFO] IntegrityCheckThread:103 - End integrity checks thread
2026-02-03 08:33:14,353 [INFO] McuFinderGlobals:63 - Set McuFinder mode to 2 (CubeIDE integrated)
2026-02-03 08:33:14,357 [INFO] MainUpdater:2872 - connection check result : 10
2026-02-03 08:33:14,358 [INFO] MainUpdater:2872 - connection check result : 10
2026-02-03 08:33:14,386 [INFO] MicroXplorer:468 - Change Database Path : 
2026-02-03 08:33:14,386 [INFO] MicroXplorer:498 - Change Database Version : DB.6.0.150
2026-02-03 08:33:14,396 [WARN] ThirdParty:871 - waiting for thirdparty lock release [close project]
2026-02-03 08:33:14,396 [INFO] ThirdParty:873 - entering critical section [close project]
2026-02-03 08:33:14,396 [INFO] ThirdParty:883 - exiting critical section [close project]
2026-02-03 08:33:14,399 [INFO] PinOutPanel:1589 - setPackage(No Configuration,No Configuration)
2026-02-03 08:33:14,401 [INFO] UtilMem:75 - Begin LoadConfig() Used Memory: 232170424 Bytes (367001600)
2026-02-03 08:33:14,407 [INFO] MicroXplorer:468 - Change Database Path : /home/krushna/.stm32cubemx/databases/DB.6.0.130/db/
2026-02-03 08:33:14,407 [INFO] MicroXplorer:498 - Change Database Version : DB.6.0.130
2026-02-03 08:33:18,369 [INFO] OpenFileManager:355 - Change cursor
2026-02-03 08:33:18,409 [INFO] Mcu:2029 - Initializing MCU STM32F407V(E-G)Tx STM32F407VGTx STM32F407VGT6
2026-02-03 08:33:19,795 [INFO] Context:786 - Trying to add GPIOservice into a context  which must be forbidden
2026-02-03 08:33:20,340 [INFO] ImportTextPane:234 - (OptionalMessage_ERROR) Pin15 (VP_RIF_VS_RIF1) cannot be retrieved for this MCU
2026-02-03 08:33:20,492 [INFO] RtosManager:558 - Registered RTOS mode: class=CMSIS, group=RTOS, mode=CMSIS_V1, owner=FREERTOS
2026-02-03 08:33:20,493 [INFO] RtosManager:558 - Registered RTOS mode: class=CMSIS, group=RTOS2, mode=CMSIS_V2, owner=FREERTOS
2026-02-03 08:33:20,493 [INFO] RtosManager:558 - Registered RTOS mode: class=RTOS, group=Core, mode=CMSIS_V1, owner=FREERTOS
2026-02-03 08:33:20,493 [INFO] RtosManager:558 - Registered RTOS mode: class=RTOS, group=Core, mode=CMSIS_V2, owner=FREERTOS
2026-02-03 08:33:20,493 [WARN] ModelIntegratedComponent:184 - Missing modes for component STMicroelectronics:FreeRTOS:0.0.1:STMicroelectronics:RTOS:FreeRTOS:Core:::10.2.0:
2026-02-03 08:33:20,515 [WARN] ModelIntegratedComponent:63 - No mode defined for component null
2026-02-03 08:33:20,516 [WARN] ModelIntegratedComponent:63 - No mode defined for component null
2026-02-03 08:33:20,516 [WARN] ModelIntegratedComponent:63 - No mode defined for component null
2026-02-03 08:33:20,516 [WARN] ModelIntegratedComponent:63 - No mode defined for component null
2026-02-03 08:33:20,516 [WARN] ModelIntegratedComponent:63 - No mode defined for component null
2026-02-03 08:33:20,516 [WARN] ModelIntegratedComponent:63 - No mode defined for component null
2026-02-03 08:33:20,516 [WARN] ModelIntegratedComponent:63 - No mode defined for component null
2026-02-03 08:33:20,516 [WARN] ModelIntegratedComponent:63 - No mode defined for component null
2026-02-03 08:33:20,516 [WARN] ModelIntegratedComponent:63 - No mode defined for component null
2026-02-03 08:33:20,516 [WARN] ModelIntegratedComponent:63 - No mode defined for component null
2026-02-03 08:33:20,516 [WARN] ModelIntegratedComponent:63 - No mode defined for component null
2026-02-03 08:33:20,516 [WARN] ModelIntegratedComponent:63 - No mode defined for component null
2026-02-03 08:33:20,516 [WARN] ModelIntegratedComponent:63 - No mode defined for component null
2026-02-03 08:33:20,516 [WARN] ModelIntegratedComponent:63 - No mode defined for component null
2026-02-03 08:33:20,516 [WARN] ModelIntegratedComponent:63 - No mode defined for component null
2026-02-03 08:33:20,516 [WARN] ModelIntegratedComponent:63 - No mode defined for component null
2026-02-03 08:33:20,516 [WARN] ModelIntegratedComponent:63 - No mode defined for component null
2026-02-03 08:33:20,516 [WARN] ModelIntegratedComponent:63 - No mode defined for component null
2026-02-03 08:33:20,517 [WARN] ModelIntegratedComponent:63 - No mode defined for component null
2026-02-03 08:33:20,517 [WARN] ModelIntegratedComponent:63 - No mode defined for component null
2026-02-03 08:33:20,517 [WARN] ModelIntegratedComponent:63 - No mode defined for component null
2026-02-03 08:33:20,517 [WARN] ModelIntegratedComponent:63 - No mode defined for component null
2026-02-03 08:33:20,517 [WARN] ModelIntegratedComponent:63 - No mode defined for component null
2026-02-03 08:33:20,517 [WARN] ModelIntegratedComponent:63 - No mode defined for component null
2026-02-03 08:33:20,517 [WARN] ModelIntegratedComponent:63 - No mode defined for component null
2026-02-03 08:33:20,517 [WARN] ModelIntegratedComponent:63 - No mode defined for component null
2026-02-03 08:33:20,517 [WARN] ModelIntegratedComponent:63 - No mode defined for component null
2026-02-03 08:33:20,517 [WARN] ModelIntegratedComponent:63 - No mode defined for component null
2026-02-03 08:33:20,517 [WARN] ModelIntegratedComponent:63 - No mode defined for component null
2026-02-03 08:33:20,517 [WARN] ModelIntegratedComponent:63 - No mode defined for component null
2026-02-03 08:33:20,517 [WARN] ModelIntegratedComponent:63 - No mode defined for component null
2026-02-03 08:33:20,517 [WARN] ModelIntegratedComponent:63 - No mode defined for component null
2026-02-03 08:33:20,517 [WARN] ModelIntegratedComponent:63 - No mode defined for component null
2026-02-03 08:33:20,517 [WARN] ModelIntegratedComponent:63 - No mode defined for component null
2026-02-03 08:33:20,518 [WARN] ModelIntegratedComponent:63 - No mode defined for component null
2026-02-03 08:33:20,518 [WARN] ModelPack:524 - Component already loaded: STMicroelectronics:HAL Drivers:0.0.0:STMicroelectronics:Device:STMicro_Driver:XSPI:HAL::0.0.1:HAL_XSPI
2026-02-03 08:33:20,607 [INFO] ThirdPartyModel:298 - Start build external matchings
2026-02-03 08:33:21,049 [INFO] ThirdPartyModel:316 - End build external matchings
2026-02-03 08:33:21,076 [INFO] ImportTextPane:234 - (OptionalMessage_ERROR) IP (DMA) : Parameter (Instance) has Id (ADC2) currently not set
2026-02-03 08:33:21,076 [INFO] ImportTextPane:234 - (OptionalMessage_ERROR) IP (DMA) : Parameter (Channel) has Id (ADC2) currently not set
2026-02-03 08:33:21,076 [INFO] ImportTextPane:234 - (OptionalMessage_ERROR) IP (DMA) : Parameter (Direction) has Id (ADC2) currently not set
2026-02-03 08:33:21,076 [INFO] ImportTextPane:234 - (OptionalMessage_ERROR) IP (DMA) : Parameter (PeriphInc) has Id (ADC2) currently not set
2026-02-03 08:33:21,076 [INFO] ImportTextPane:234 - (OptionalMessage_ERROR) IP (DMA) : Parameter (MemInc) has Id (ADC2) currently not set
2026-02-03 08:33:21,076 [INFO] ImportTextPane:234 - (OptionalMessage_ERROR) IP (DMA) : Parameter (PeriphDataAlignment) has Id (ADC2) currently not set
2026-02-03 08:33:21,077 [INFO] ImportTextPane:234 - (OptionalMessage_ERROR) IP (DMA) : Parameter (MemDataAlignment) has Id (ADC2) currently not set
2026-02-03 08:33:21,077 [INFO] ImportTextPane:234 - (OptionalMessage_ERROR) IP (DMA) : Parameter (Mode) has Id (ADC2) currently not set
2026-02-03 08:33:21,077 [INFO] ImportTextPane:234 - (OptionalMessage_ERROR) IP (DMA) : Parameter (Priority) has Id (ADC2) currently not set
2026-02-03 08:33:21,077 [INFO] ImportTextPane:234 - (OptionalMessage_ERROR) IP (DMA) : Parameter (FIFOMode) has Id (ADC2) currently not set
2026-02-03 08:33:21,079 [INFO] ImportTextPane:234 - (OptionalMessage_ERROR) IP (RCC) : Parameter (RTCHSEDivFreq_Value) has invalid value (4000000)
2026-02-03 08:33:21,381 [INFO] ApiDb:581 - Connected to CubeFinder SQLite database (/home/krushna/.stmcufinder/plugins/mcufinder/mcu/cube-finder-db.db)
2026-02-03 08:33:21,434 [INFO] ApiDb:668 - CubeFinder database Data Model version=2.1
2026-02-03 08:33:21,434 [INFO] ApiDb:669 - CubeFinder database Configuration version=3.0.39
2026-02-03 08:33:21,434 [INFO] ApiDb:670 - CubeFinder database generation date=2025-12-22 (1766407740)
2026-02-03 08:33:21,435 [INFO] ApiDb:671 - CubeFinder database FW Pack versions=[FP-ATR-ASTRA1_V2.0.0, FP-SNS-FLIGHT1_V5.1.0, FP-SNS-MOTENV1_V5.1.0, FP-SNS-MOTENVWB1_V1.4.0, FP-SNS-SMARTAG2_V1.2.0, FP-SNS-STBOX1_V2.1.0, STM32Cube_FW_C0_V1.4.0, STM32Cube_FW_F4_V1.28.3, STM32Cube_FW_F7_V1.17.4, STM32Cube_FW_G0_V1.6.2, STM32Cube_FW_G4_V1.6.1, STM32Cube_FW_H5_V1.5.1, STM32Cube_FW_H7RS_V1.3.0, STM32Cube_FW_H7_V1.12.1, STM32Cube_FW_L0_V1.12.2, STM32Cube_FW_L4_V1.18.1, STM32Cube_FW_L5_V1.6.0, STM32Cube_FW_N6_V1.3.0, STM32Cube_FW_U0_V1.3.0, STM32Cube_FW_U3_V1.2.1, STM32Cube_FW_U5_V1.8.0, STM32Cube_FW_WB0_V1.4.0, STM32Cube_FW_WBA_V1.8.0, STM32Cube_FW_WB_V1.24.0, STM32Cube_FW_WL3_V1.3.0, STM32Cube_FW_WL_V1.4.0, X-CUBE-ALGOBUILD_V1.4.0, X-CUBE-ALS_V1.0.2, X-CUBE-AZRTOS-F4_V1.1.0, X-CUBE-AZRTOS-F7_V1.1.0, X-CUBE-AZRTOS-G0_V1.1.0, X-CUBE-AZRTOS-G4_V2.0.0, X-CUBE-AZRTOS-H7RS_V1.1.0, X-CUBE-AZRTOS-H7_V3.4.0, X-CUBE-AZRTOS-L4_V2.0.0, X-CUBE-AZRTOS-L5_V2.0.0, X-CUBE-AZRTOS-WB_V2.0.0, X-CUBE-AZRTOS-WL_V2.0.0, X-CUBE-BLE1_V7.1.0, X-CUBE-BLE2_V3.3.0, X-CUBE-BLEMGR_V4.1.0, X-CUBE-EEPRMA1_V5.2.0, X-CUBE-FREERTOS_V1.3.1, X-CUBE-GNSS1_V6.0.0, X-CUBE-MEMS1_V12.0.0, X-CUBE-NFC4_V3.0.0, X-CUBE-NFC7_V2.0.0, X-CUBE-SFXS2LP1_V4.0.0, X-CUBE-ST67W61_V1.1.0, X-CUBE-SUBG2_V5.0.0, X-CUBE-TOF1_V3.4.3]
2026-02-03 08:33:21,533 [INFO] DbBoardsSqlite:226 - include board P-NUCLEO-WB55-NUCLEO as a kit item of type 'Nucleo-64'
2026-02-03 08:33:21,534 [INFO] DbBoardsSqlite:226 - include board P-NUCLEO-WB55-USBDONGLE as a kit item of type 'Nucleo USB Dongle'
2026-02-03 08:33:21,535 [INFO] DbBoardsSqlite:226 - include board STEVAL-IDP005V1 as a kit item of type 'Evaluation Board'
2026-02-03 08:33:21,536 [INFO] DbBoardsSqlite:226 - include board STEVAL-IDP005V2 as a kit item of type 'Evaluation Board'
2026-02-03 08:33:21,653 [INFO] ApiDb:240 - Found 880 in-development CPN: [B-G473E-ZEST1S, B-WB1M-WPAN1, B-WBA5M-WPAN, B-WL5M-SUBG1, NUCLEO-C031C6, NUCLEO-C051C8, NUCLEO-C071RB, NUCLEO-C092RC, NUCLEO-H503RB, NUCLEO-H533RE, NUCLEO-H563ZI, NUCLEO-H7S3L8, NUCLEO-N657X0-Q, NUCLEO-U031R8, NUCLEO-U083RC, NUCLEO-U385RG-Q, NUCLEO-U545RE-Q, NUCLEO-U5A5ZJ-Q, NUCLEO-WB05KZ, NUCLEO-WB07CC, NUCLEO-WB09KE, NUCLEO-WBA52CG, NUCLEO-WBA55CG, NUCLEO-WL33CC1, NUCLEO-WL33CC2, STEVAL-PROTEUS1, STEVAL-SMARTAG2, STEVAL-STWINBX1, STM320518-EVAL, STM32C0116-DK, STM32C011D6Y3TR, STM32C011D6Y6TR, STM32C011F4P3, STM32C011F4P6, STM32C011F4U3, STM32C011F4U6TR, STM32C011F6P3, STM32C011F6P6, STM32C011F6U3, STM32C011F6U6TR, STM32C011J4M3, STM32C011J4M6, STM32C011J6M3, STM32C011J6M6, STM32C0316-DK, STM32C031C4T3, STM32C031C4T6, STM32C031C4U3, STM32C031C4U6, STM32C031C6T3, STM32C031C6T6, STM32C031C6U3, STM32C031C6U6, STM32C031F4P3, STM32C031F4P6, STM32C031F6P3, STM32C031F6P6, STM32C031G4U3, STM32C031G4U6, STM32C031G6U3, STM32C031G6U6, STM32C031K4T3, STM32C031K4T6, STM32C031K4U3, STM32C031K4U6, STM32C031K6T3, STM32C031K6T6, STM32C031K6U3, STM32C031K6U6, STM32C051C6T6, STM32C051C6U6, STM32C051C8T6, STM32C051C8U6, STM32C051D8Y6TR, STM32C051F6P6, STM32C051F8P6, STM32C051G6U6, STM32C051G8U6, STM32C051K6T6, STM32C051K6U6, STM32C051K8T6, STM32C071C8T6, STM32C071C8T6N, STM32C071C8U6, STM32C071C8U6N, STM32C071CBT6, STM32C071CBT6N, STM32C071CBU6, STM32C071CBU6N, STM32C071F8P6, STM32C071F8P6N, STM32C071FBP6, STM32C071FBP6N, STM32C071FBY6TR, STM32C071G8U6, STM32C071G8U6N, STM32C071GBU6, STM32C071GBU6N, STM32C071K8T6, STM32C071K8T6N, STM32C071K8U6, STM32C071K8U6N, STM32C071KBT6, STM32C071KBT6N, STM32C071KBU6, STM32C071KBU6N, STM32C071R8T6, STM32C071R8T6N, STM32C071RBI6N, STM32C071RBT6, STM32C071RBT6N, STM32C091CBT6, STM32C091CBU6, STM32C091CCT6, STM32C091CCU6, STM32C091ECY6TR, STM32C091FBP6, STM32C091FCP6, STM32C091GBU6, STM32C091GCU6, STM32C091KBT6, STM32C091KBU6, STM32C091KCT6, STM32C091KCU6, STM32C091RBT6, STM32C091RCI6, STM32C091RCT6, STM32C092CBT6, STM32C092CBU6, STM32C092CCT6, STM32C092CCU6, STM32C092ECY6TR, STM32C092FBP6, STM32C092FCP6, STM32C092GBU6, STM32C092GCU6, STM32C092KBT6, STM32C092KBU6, STM32C092KCT6, STM32C092KCU6, STM32C092RBT6, STM32C092RCI6, STM32C092RCT6, STM32G071K8TXN, STM32G071K8UXN, STM32G081GBU6N, STM32G081KBT6N, STM32G081KBUXN, STM32G0B1CCT6N, STM32G0B1KCT6, STM32G0B1NEY6TR, STM32G0B1RCT6N, STM32G0C1CCT6, STM32G0C1CCT6N, STM32G0C1CCU6N, STM32G0C1CET6N, STM32G0C1CEU6N, STM32G0C1KCT6, STM32G0C1NEY6TR, STM32G0C1RCI6N, STM32G0C1RCT6N, STM32G0C1REI6N, STM32G0C1RET6N, STM32G0C1VCI6, STM32G0C1VEI6, STM32G411C6T3, STM32G411C6T6, STM32G411C6U3, STM32G411C6U6, STM32G411C8T3, STM32G411C8T6, STM32G411C8U3, STM32G411C8U6, STM32G411CBT3, STM32G411CBT6, STM32G411CBU3, STM32G411CBU6, STM32G411K6T3, STM32G411K6T6, STM32G411K6U3, STM32G411K6U6, STM32G411K8T3, STM32G411K8T6, STM32G411K8U3, STM32G411K8U6, STM32G411KBT3, STM32G411KBT6, STM32G411KBU3, STM32G411KBU6, STM32G411M6T3, STM32G411M6T6, STM32G411M8T3, STM32G411M8T6, STM32G411MBT3, STM32G411MBT6, STM32G411R6T3, STM32G411R6T6, STM32G411R8T3, STM32G411R8T6, STM32G411RBT3, STM32G411RBT6, STM32G414CBT3, STM32G414CBT6, STM32G414CBU3, STM32G414CBU6, STM32G414CCT3, STM32G414CCT6, STM32G414CCU3, STM32G414CCU6, STM32G414MBT3, STM32G414MBT6, STM32G414MCT3, STM32G414MCT6, STM32G414RBT3, STM32G414RBT6, STM32G414RCT3, STM32G414RCT6, STM32G414VBT3, STM32G414VBT6, STM32G414VCT3, STM32G414VCT6, STM32G431CBT3Z, STM32G431RBT3Z, STM32G471CCT6, STM32G471CCU6, STM32G471CET3, STM32G471CET6, STM32G471CEU3, STM32G471CEU6, STM32G471MCT6, STM32G471MET3, STM32G471MET6, STM32G471MEY6TR, STM32G471QCT6, STM32G471QET3, STM32G471RCT6, STM32G471RET3, STM32G471RET6, STM32G471VCH6, STM32G471VCI6, STM32G471VCT6, STM32G471VEH3, STM32G471VEH6, STM32G471VEI3, STM32G471VEI6, STM32G471VET3, STM32G471VET6, STM32G473QET3Z, STM32G473RET3Z, STM32G474CCT6, STM32G491RET3Z, STM32H503CBT6, STM32H503CBU6, STM32H503EBY6TR, STM32H503KBU6, STM32H503RBT6, STM32H523CCT6, STM32H523CCU6, STM32H523CET6, STM32H523CEU6, STM32H523HEY6TR, STM32H523RCT6, STM32H523RET6, STM32H523VCI6, STM32H523VCT6, STM32H523VEI6, STM32H523VET6, STM32H523ZCJ6, STM32H523ZCT6, STM32H523ZEJ6, STM32H523ZET6, STM32H533CET6, STM32H533CEU6, STM32H533HEY6TR, STM32H533RET6, STM32H533VEI6, STM32H533VET6, STM32H533ZEJ6, STM32H533ZET6, STM32H562AGI6, STM32H562AII6, STM32H562IGK6, STM32H562IGT6, STM32H562IIK6, STM32H562IIT6, STM32H562RGT6, STM32H562RGV6, STM32H562RIT6, STM32H562RIV6, STM32H562VGT6, STM32H562VIT6, STM32H562ZGT6, STM32H562ZIT6, STM32H563AGI6, STM32H563AII3Q, STM32H563AII6, STM32H563IGK6, STM32H563IGT6, STM32H563IIK3Q, STM32H563IIK6, STM32H563IIT3Q, STM32H563IIT6, STM32H563MIY3QTR, STM32H563RGT6, STM32H563RGV6, STM32H563RIT6, STM32H563RIV6, STM32H563VGT6, STM32H563VIT3Q, STM32H563VIT6, STM32H563ZGT6, STM32H563ZIT3Q, STM32H563ZIT6, STM32H573AII3Q, STM32H573AII6, STM32H573I-DK, STM32H573IIK3Q, STM32H573IIK6, STM32H573IIT3Q, STM32H573IIT6, STM32H573MIY3QTR, STM32H573RIT6, STM32H573RIV6, STM32H573VIT3Q, STM32H573VIT6, STM32H573ZIT3Q, STM32H573ZIT6, STM32H7R3A8I6, STM32H7R3I8K6, STM32H7R3I8T6, STM32H7R3L8H6, STM32H7R3L8H6H, STM32H7R3R8V6, STM32H7R3V8H6, STM32H7R3V8T6, STM32H7R3V8Y6TR, STM32H7R3Z8J6, STM32H7R3Z8T6, STM32H7R7A8I6, STM32H7R7I8K6, STM32H7R7I8T6, STM32H7R7L8H6, STM32H7R7L8H6H, STM32H7R7Z8J6, STM32H7S3A8I6, STM32H7S3I8K6, STM32H7S3I8T6, STM32H7S3L8H6, STM32H7S3L8H6H, STM32H7S3R8V6, STM32H7S3V8H6, STM32H7S3V8T6, STM32H7S3V8Y6TR, STM32H7S3Z8J6, STM32H7S3Z8T6, STM32H7S78-DK, STM32H7S7A8I6, STM32H7S7I8K6, STM32H7S7I8T6, STM32H7S7L8H6, STM32H7S7L8H6H, STM32H7S7Z8J6, STM32L4R5QGI6STR, STM32MP131AAE3, STM32MP131AAF3, STM32MP131AAG3, STM32MP131CAE3, STM32MP131CAF3, STM32MP131CAG3, STM32MP131DAE7, STM32MP131DAF7, STM32MP131DAG7, STM32MP131FAE7, STM32MP131FAF7, STM32MP131FAG7, STM32MP133AAE3, STM32MP133AAF3, STM32MP133AAG3, STM32MP133CAE3, STM32MP133CAF3, STM32MP133CAG3, STM32MP133DAE7, STM32MP133DAF7, STM32MP133DAG7, STM32MP133FAE7, STM32MP133FAF7, STM32MP133FAG7, STM32MP135AAE3, STM32MP135AAF3, STM32MP135AAG3, STM32MP135CAE3, STM32MP135CAF3, STM32MP135CAG3, STM32MP135DAE7, STM32MP135DAF7, STM32MP135DAG7, STM32MP135F-DK, STM32MP135FAE7, STM32MP135FAF7, STM32MP135FAF7T, STM32MP135FAF7U, STM32MP135FAG7, STM32MP211AAL3, STM32MP211AAM3, STM32MP211AAN3, STM32MP211AAO3, STM32MP211CAL3, STM32MP211CAM3, STM32MP211CAN3, STM32MP211CAO3, STM32MP211DAL3, STM32MP211DAM3, STM32MP211DAN3, STM32MP211DAO3, STM32MP211FAL3, STM32MP211FAM3, STM32MP211FAN3, STM32MP211FAO3, STM32MP213AAL3, STM32MP213AAM3, STM32MP213AAN3, STM32MP213AAO3, STM32MP213CAL3, STM32MP213CAM3, STM32MP213CAN3, STM32MP213CAO3, STM32MP213DAL3, STM32MP213DAM3, STM32MP213DAN3, STM32MP213DAO3, STM32MP213FAL3, STM32MP213FAM3, STM32MP213FAN3, STM32MP213FAO3, STM32MP215AAL3, STM32MP215AAM3, STM32MP215AAN3, STM32MP215AAO3, STM32MP215CAL3, STM32MP215CAM3, STM32MP215CAN3, STM32MP215CAO3, STM32MP215DAL3, STM32MP215DAM3, STM32MP215DAN3, STM32MP215DAO3, STM32MP215F-DK, STM32MP215FAL3, STM32MP215FAM3, STM32MP215FAN3, STM32MP215FAO3, STM32MP231AAJ3, STM32MP231AAK3, STM32MP231AAL3, STM32MP231CAJ3, STM32MP231CAK3, STM32MP231CAL3, STM32MP231DAJ3, STM32MP231DAK3, STM32MP231DAL3, STM32MP231FAJ3, STM32MP231FAK3, STM32MP231FAL3, STM32MP233AAJ3, STM32MP233AAK3, STM32MP233AAL3, STM32MP233CAJ3, STM32MP233CAK3, STM32MP233CAL3, STM32MP233DAJ3, STM32MP233DAK3, STM32MP233DAL3, STM32MP233FAJ3, STM32MP233FAK3, STM32MP233FAL3, STM32MP235AAJ3, STM32MP235AAK3, STM32MP235AAL3, STM32MP235CAJ3, STM32MP235CAK3, STM32MP235CAL3, STM32MP235DAJ3, STM32MP235DAK3, STM32MP235DAL3, STM32MP235FAJ3, STM32MP235FAK3, STM32MP235FAL3, STM32MP251AAI3, STM32MP251AAK3, STM32MP251AAL3, STM32MP251CAI3, STM32MP251CAK3, STM32MP251CAL3, STM32MP251DAI3, STM32MP251DAK3, STM32MP251DAL3, STM32MP251FAI3, STM32MP251FAK3, STM32MP251FAL3, STM32MP253AAI3, STM32MP253AAK3, STM32MP253AAL3, STM32MP253CAI3, STM32MP253CAK3, STM32MP253CAL3, STM32MP253DAI3, STM32MP253DAK3, STM32MP253DAL3, STM32MP253FAI3, STM32MP253FAK3, STM32MP253FAL3, STM32MP255AAI3, STM32MP255AAK3, STM32MP255AAL3, STM32MP255CAI3, STM32MP255CAK3, STM32MP255CAL3, STM32MP255DAI3, STM32MP255DAK3, STM32MP255DAL3, STM32MP255FAI3, STM32MP255FAK3, STM32MP255FAL3, STM32MP257AAI3, STM32MP257AAK3, STM32MP257AAL3, STM32MP257CAI3, STM32MP257CAK3, STM32MP257CAL3, STM32MP257DAI3, STM32MP257DAK3, STM32MP257DAL3, STM32MP257F-DK, STM32MP257F-EV1, STM32MP257FAI3, STM32MP257FAK3, STM32MP257FAL3, STM32N645A0H3Q, STM32N645B0H3Q, STM32N645I0H3Q, STM32N645L0H3Q, STM32N645X0H3Q, STM32N645Z0H3Q, STM32N647A0H3Q, STM32N647B0H3Q, STM32N647I0H3Q, STM32N647L0H3Q, STM32N647X0H3Q, STM32N647Z0H3Q, STM32N655A0H3Q, STM32N655B0H3Q, STM32N655I0H3Q, STM32N655L0H3Q, STM32N655X0H3Q, STM32N655Z0H3Q, STM32N6570-DK, STM32N657A0H3Q, STM32N657B0H3Q, STM32N657I0H3Q, STM32N657L0H3Q, STM32N657X0H3Q, STM32N657Z0H3Q, STM32U031C6T6, STM32U031C6U6, STM32U031C8T6, STM32U031C8U6, STM32U031F4P6, STM32U031F6P6, STM32U031F8P6, STM32U031G6Y6TR, STM32U031G8Y6TR, STM32U031K4U6, STM32U031K6U6, STM32U031K8U6, STM32U031R6I6, STM32U031R6T6, STM32U031R8I6, STM32U031R8T6, STM32U073C8T6, STM32U073C8U6, STM32U073CBT6, STM32U073CBU6, STM32U073CCT6, STM32U073CCU6, STM32U073H8Y6TR, STM32U073HBY6TR, STM32U073HCY6TR, STM32U073K8U6, STM32U073KBU6, STM32U073KCU6, STM32U073M8I6, STM32U073M8T6, STM32U073MBI6, STM32U073MBT6, STM32U073MCI6, STM32U073MCT6, STM32U073R8I6, STM32U073R8T6, STM32U073RBI6, STM32U073RBT6, STM32U073RCI6, STM32U073RCT6, STM32U083C-DK, STM32U083CCT6, STM32U083CCU6, STM32U083HCY6TR, STM32U083KCU6, STM32U083MCI6, STM32U083MCT6, STM32U083RCI6, STM32U083RCT6, STM32U375CET6, STM32U375CET6Q, STM32U375CEU6, STM32U375CEU6Q, STM32U375CEY6QTR, STM32U375CGT6, STM32U375CGT6Q, STM32U375CGU6, STM32U375CGU6Q, STM32U375CGY6QTR, STM32U375KEU6, STM32U375KGU6, STM32U375REI6, STM32U375REI6Q, STM32U375RET6, STM32U375RET6Q, STM32U375REY6GTR, STM32U375REY6QTR, STM32U375RGI6, STM32U375RGI6Q, STM32U375RGT6, STM32U375RGT6Q, STM32U375RGY6GTR, STM32U375RGY6QTR, STM32U375VEI6, STM32U375VEI6Q, STM32U375VET6, STM32U375VET6Q, STM32U375VGI6, STM32U375VGI6Q, STM32U375VGT6, STM32U375VGT6Q, STM32U385CGT6, STM32U385CGT6Q, STM32U385CGU6, STM32U385CGU6Q, STM32U385CGY6QTR, STM32U385KGU6, STM32U385RGI6, STM32U385RGI6Q, STM32U385RGT6, STM32U385RGT6Q, STM32U385RGY6GTR, STM32U385RGY6QTR, STM32U385VGI6, STM32U385VGI6Q, STM32U385VGT6, STM32U385VGT6Q, STM32U535CBT6, STM32U535CBT6Q, STM32U535CBU6, STM32U535CBU6Q, STM32U535CCT6, STM32U535CCT6Q, STM32U535CCU6, STM32U535CCU6Q, STM32U535CET6, STM32U535CET6Q, STM32U535CEU6, STM32U535CEU6Q, STM32U535JEY6QTR, STM32U535NCY6QTR, STM32U535NEY6QTR, STM32U535RBI6, STM32U535RBI6Q, STM32U535RBT6, STM32U535RBT6Q, STM32U535RCI6, STM32U535RCI6Q, STM32U535RCT6, STM32U535RCT6Q, STM32U535REI6, STM32U535REI6Q, STM32U535RET6, STM32U535RET6Q, STM32U535VCI6, STM32U535VCI6Q, STM32U535VCT6, STM32U535VCT6Q, STM32U535VEI6, STM32U535VEI6Q, STM32U535VET6, STM32U535VET6Q, STM32U545CET6, STM32U545CET6Q, STM32U545CEU6, STM32U545CEU6Q, STM32U545JEY6QTR, STM32U545NEY6QTR, STM32U545REI6, STM32U545REI6Q, STM32U545RET6, STM32U545RET6Q, STM32U545VEI6, STM32U545VEI6Q, STM32U545VET6, STM32U545VET6Q, STM32U595AIH6, STM32U595AIH6Q, STM32U595AJH6, STM32U595AJH6Q, STM32U595QII6, STM32U595QII6Q, STM32U595QJI6, STM32U595QJI6Q, STM32U595RIT6, STM32U595RIT6Q, STM32U595RJT6, STM32U595RJT6Q, STM32U595VIT6, STM32U595VIT6Q, STM32U595VJT6, STM32U595VJT6Q, STM32U595ZIT6, STM32U595ZIT6Q, STM32U595ZIY6QTR, STM32U595ZJT6, STM32U595ZJT6Q, STM32U595ZJY6QTR, STM32U599BJY6QTR, STM32U599NIH6Q, STM32U599NJH6Q, STM32U599VIT6Q, STM32U599VJT6, STM32U599VJT6Q, STM32U599ZIT6Q, STM32U599ZIY6QTR, STM32U599ZJT6Q, STM32U599ZJY6QTR, STM32U5A5AJH6, STM32U5A5AJH6Q, STM32U5A5QII3Q , STM32U5A5QJI6, STM32U5A5QJI6Q, STM32U5A5RJT6, STM32U5A5RJT6Q, STM32U5A5VJT6, STM32U5A5VJT6Q, STM32U5A5ZJT6, STM32U5A5ZJT6Q, STM32U5A5ZJY6QTR, STM32U5A9BJY6QTR, STM32U5A9J-DK, STM32U5A9NJH6Q, STM32U5A9VJT6Q, STM32U5A9ZJT6Q, STM32U5A9ZJY6QTR, STM32U5F7VIT6, STM32U5F7VIT6Q, STM32U5F7VJT6, STM32U5F7VJT6Q, STM32U5F9BJY6QTR, STM32U5F9NJH6Q, STM32U5F9VIT6Q, STM32U5F9VJT6Q, STM32U5F9ZIJ6QTR, STM32U5F9ZIT6Q, STM32U5F9ZJJ6QTR, STM32U5F9ZJT6Q, STM32U5G7VJT6, STM32U5G7VJT6Q, STM32U5G9BJY6QTR, STM32U5G9J-DK1, STM32U5G9J-DK2, STM32U5G9NJH6Q, STM32U5G9VJT6Q, STM32U5G9ZJJ6QTR, STM32U5G9ZJT6Q, STM32WB05KZV6TR, STM32WB05KZV7TR, STM32WB05TZF6TR, STM32WB05TZF7TR, STM32WB06CCF6TR, STM32WB06CCF7TR, STM32WB06CCV6TR, STM32WB06CCV7TR, STM32WB06KCV6TR, STM32WB06KCV7TR, STM32WB07CCF6TR, STM32WB07CCF7TR, STM32WB07CCV6TR, STM32WB07CCV7TR, STM32WB07KCV6TR, STM32WB07KCV7TR, STM32WB09KEV6TR, STM32WB09KEV7TR, STM32WB09TEF6TR, STM32WB09TEF7TR, STM32WB1MMCH6, STM32WBA50KGU6, STM32WBA50KGU6TR, STM32WBA52CEU6, STM32WBA52CEU6TR, STM32WBA52CEU7, STM32WBA52CEU7TR, STM32WBA52CGU6, STM32WBA52CGU6TR, STM32WBA52CGU6U, STM32WBA52CGU7, STM32WBA52CGU7TR, STM32WBA52KEU6, STM32WBA52KEU6TR, STM32WBA52KGU6, STM32WBA52KGU6TR, STM32WBA54CEU6, STM32WBA54CEU6TR, STM32WBA54CEU7, STM32WBA54CEU7TR, STM32WBA54CGU6, STM32WBA54CGU6TR, STM32WBA54CGU7, STM32WBA54CGU7TR, STM32WBA54KEU6, STM32WBA54KEU6TR, STM32WBA54KEU7, STM32WBA54KEU7TR, STM32WBA54KGU6, STM32WBA54KGU6TR, STM32WBA54KGU7, STM32WBA54KGU7TR, STM32WBA55CEU6, STM32WBA55CEU6TR, STM32WBA55CEU7, STM32WBA55CEU7TR, STM32WBA55CGU6, STM32WBA55CGU6TR, STM32WBA55CGU6U, STM32WBA55CGU7, STM32WBA55CGU7TR, STM32WBA55G-DK1, STM32WBA55HEF6, STM32WBA55HEF7, STM32WBA55HGF6, STM32WBA55HGF7, STM32WBA55UEI6, STM32WBA55UEI6TR, STM32WBA55UEI7, STM32WBA55UEI7TR, STM32WBA55UGI6, STM32WBA55UGI6TR, STM32WBA55UGI7, STM32WBA55UGI7TR, STM32WBA5MMGH6TR, STM32WBA62MGF6, STM32WBA62MIF6, STM32WBA65MGF7, STM32WBA65MIF6, STM32WBA65MIF7, STM32WL30K8V6, STM32WL30KBV6, STM32WL31C8V6, STM32WL31CBV6, STM32WL31K8V6, STM32WL31KBV6, STM32WL33C8V6, STM32WL33C8V6X, STM32WL33CBV6, STM32WL33CBV6X, STM32WL33CCV6, STM32WL33CCV6A, STM32WL33CCV6X, STM32WL33K8V7, STM32WL33K8V7X, STM32WL33KBV7 , STM32WL33KBV7X, STM32WL33KCV7, STM32WL33KCV7X, STM32WL5MOCH6, STM32WL5MOCH6TR]
2026-02-03 08:33:21,659 [INFO] ApiDb:668 - CubeFinder database Data Model version=2.1
2026-02-03 08:33:21,659 [INFO] ApiDb:669 - CubeFinder database Configuration version=3.0.39
2026-02-03 08:33:21,659 [INFO] ApiDb:670 - CubeFinder database generation date=2025-12-22 (1766407740)
2026-02-03 08:33:21,659 [INFO] ApiDb:671 - CubeFinder database FW Pack versions=[FP-ATR-ASTRA1_V2.0.0, FP-SNS-FLIGHT1_V5.1.0, FP-SNS-MOTENV1_V5.1.0, FP-SNS-MOTENVWB1_V1.4.0, FP-SNS-SMARTAG2_V1.2.0, FP-SNS-STBOX1_V2.1.0, STM32Cube_FW_C0_V1.4.0, STM32Cube_FW_F4_V1.28.3, STM32Cube_FW_F7_V1.17.4, STM32Cube_FW_G0_V1.6.2, STM32Cube_FW_G4_V1.6.1, STM32Cube_FW_H5_V1.5.1, STM32Cube_FW_H7RS_V1.3.0, STM32Cube_FW_H7_V1.12.1, STM32Cube_FW_L0_V1.12.2, STM32Cube_FW_L4_V1.18.1, STM32Cube_FW_L5_V1.6.0, STM32Cube_FW_N6_V1.3.0, STM32Cube_FW_U0_V1.3.0, STM32Cube_FW_U3_V1.2.1, STM32Cube_FW_U5_V1.8.0, STM32Cube_FW_WB0_V1.4.0, STM32Cube_FW_WBA_V1.8.0, STM32Cube_FW_WB_V1.24.0, STM32Cube_FW_WL3_V1.3.0, STM32Cube_FW_WL_V1.4.0, X-CUBE-ALGOBUILD_V1.4.0, X-CUBE-ALS_V1.0.2, X-CUBE-AZRTOS-F4_V1.1.0, X-CUBE-AZRTOS-F7_V1.1.0, X-CUBE-AZRTOS-G0_V1.1.0, X-CUBE-AZRTOS-G4_V2.0.0, X-CUBE-AZRTOS-H7RS_V1.1.0, X-CUBE-AZRTOS-H7_V3.4.0, X-CUBE-AZRTOS-L4_V2.0.0, X-CUBE-AZRTOS-L5_V2.0.0, X-CUBE-AZRTOS-WB_V2.0.0, X-CUBE-AZRTOS-WL_V2.0.0, X-CUBE-BLE1_V7.1.0, X-CUBE-BLE2_V3.3.0, X-CUBE-BLEMGR_V4.1.0, X-CUBE-EEPRMA1_V5.2.0, X-CUBE-FREERTOS_V1.3.1, X-CUBE-GNSS1_V6.0.0, X-CUBE-MEMS1_V12.0.0, X-CUBE-NFC4_V3.0.0, X-CUBE-NFC7_V2.0.0, X-CUBE-SFXS2LP1_V4.0.0, X-CUBE-ST67W61_V1.1.0, X-CUBE-SUBG2_V5.0.0, X-CUBE-TOF1_V3.4.3]
2026-02-03 08:33:24,154 [INFO] ApiDb:240 - Found 880 in-development CPN: [B-G473E-ZEST1S, B-WB1M-WPAN1, B-WBA5M-WPAN, B-WL5M-SUBG1, NUCLEO-C031C6, NUCLEO-C051C8, NUCLEO-C071RB, NUCLEO-C092RC, NUCLEO-H503RB, NUCLEO-H533RE, NUCLEO-H563ZI, NUCLEO-H7S3L8, NUCLEO-N657X0-Q, NUCLEO-U031R8, NUCLEO-U083RC, NUCLEO-U385RG-Q, NUCLEO-U545RE-Q, NUCLEO-U5A5ZJ-Q, NUCLEO-WB05KZ, NUCLEO-WB07CC, NUCLEO-WB09KE, NUCLEO-WBA52CG, NUCLEO-WBA55CG, NUCLEO-WL33CC1, NUCLEO-WL33CC2, STEVAL-PROTEUS1, STEVAL-SMARTAG2, STEVAL-STWINBX1, STM320518-EVAL, STM32C0116-DK, STM32C011D6Y3TR, STM32C011D6Y6TR, STM32C011F4P3, STM32C011F4P6, STM32C011F4U3, STM32C011F4U6TR, STM32C011F6P3, STM32C011F6P6, STM32C011F6U3, STM32C011F6U6TR, STM32C011J4M3, STM32C011J4M6, STM32C011J6M3, STM32C011J6M6, STM32C0316-DK, STM32C031C4T3, STM32C031C4T6, STM32C031C4U3, STM32C031C4U6, STM32C031C6T3, STM32C031C6T6, STM32C031C6U3, STM32C031C6U6, STM32C031F4P3, STM32C031F4P6, STM32C031F6P3, STM32C031F6P6, STM32C031G4U3, STM32C031G4U6, STM32C031G6U3, STM32C031G6U6, STM32C031K4T3, STM32C031K4T6, STM32C031K4U3, STM32C031K4U6, STM32C031K6T3, STM32C031K6T6, STM32C031K6U3, STM32C031K6U6, STM32C051C6T6, STM32C051C6U6, STM32C051C8T6, STM32C051C8U6, STM32C051D8Y6TR, STM32C051F6P6, STM32C051F8P6, STM32C051G6U6, STM32C051G8U6, STM32C051K6T6, STM32C051K6U6, STM32C051K8T6, STM32C071C8T6, STM32C071C8T6N, STM32C071C8U6, STM32C071C8U6N, STM32C071CBT6, STM32C071CBT6N, STM32C071CBU6, STM32C071CBU6N, STM32C071F8P6, STM32C071F8P6N, STM32C071FBP6, STM32C071FBP6N, STM32C071FBY6TR, STM32C071G8U6, STM32C071G8U6N, STM32C071GBU6, STM32C071GBU6N, STM32C071K8T6, STM32C071K8T6N, STM32C071K8U6, STM32C071K8U6N, STM32C071KBT6, STM32C071KBT6N, STM32C071KBU6, STM32C071KBU6N, STM32C071R8T6, STM32C071R8T6N, STM32C071RBI6N, STM32C071RBT6, STM32C071RBT6N, STM32C091CBT6, STM32C091CBU6, STM32C091CCT6, STM32C091CCU6, STM32C091ECY6TR, STM32C091FBP6, STM32C091FCP6, STM32C091GBU6, STM32C091GCU6, STM32C091KBT6, STM32C091KBU6, STM32C091KCT6, STM32C091KCU6, STM32C091RBT6, STM32C091RCI6, STM32C091RCT6, STM32C092CBT6, STM32C092CBU6, STM32C092CCT6, STM32C092CCU6, STM32C092ECY6TR, STM32C092FBP6, STM32C092FCP6, STM32C092GBU6, STM32C092GCU6, STM32C092KBT6, STM32C092KBU6, STM32C092KCT6, STM32C092KCU6, STM32C092RBT6, STM32C092RCI6, STM32C092RCT6, STM32G071K8TXN, STM32G071K8UXN, STM32G081GBU6N, STM32G081KBT6N, STM32G081KBUXN, STM32G0B1CCT6N, STM32G0B1KCT6, STM32G0B1NEY6TR, STM32G0B1RCT6N, STM32G0C1CCT6, STM32G0C1CCT6N, STM32G0C1CCU6N, STM32G0C1CET6N, STM32G0C1CEU6N, STM32G0C1KCT6, STM32G0C1NEY6TR, STM32G0C1RCI6N, STM32G0C1RCT6N, STM32G0C1REI6N, STM32G0C1RET6N, STM32G0C1VCI6, STM32G0C1VEI6, STM32G411C6T3, STM32G411C6T6, STM32G411C6U3, STM32G411C6U6, STM32G411C8T3, STM32G411C8T6, STM32G411C8U3, STM32G411C8U6, STM32G411CBT3, STM32G411CBT6, STM32G411CBU3, STM32G411CBU6, STM32G411K6T3, STM32G411K6T6, STM32G411K6U3, STM32G411K6U6, STM32G411K8T3, STM32G411K8T6, STM32G411K8U3, STM32G411K8U6, STM32G411KBT3, STM32G411KBT6, STM32G411KBU3, STM32G411KBU6, STM32G411M6T3, STM32G411M6T6, STM32G411M8T3, STM32G411M8T6, STM32G411MBT3, STM32G411MBT6, STM32G411R6T3, STM32G411R6T6, STM32G411R8T3, STM32G411R8T6, STM32G411RBT3, STM32G411RBT6, STM32G414CBT3, STM32G414CBT6, STM32G414CBU3, STM32G414CBU6, STM32G414CCT3, STM32G414CCT6, STM32G414CCU3, STM32G414CCU6, STM32G414MBT3, STM32G414MBT6, STM32G414MCT3, STM32G414MCT6, STM32G414RBT3, STM32G414RBT6, STM32G414RCT3, STM32G414RCT6, STM32G414VBT3, STM32G414VBT6, STM32G414VCT3, STM32G414VCT6, STM32G431CBT3Z, STM32G431RBT3Z, STM32G471CCT6, STM32G471CCU6, STM32G471CET3, STM32G471CET6, STM32G471CEU3, STM32G471CEU6, STM32G471MCT6, STM32G471MET3, STM32G471MET6, STM32G471MEY6TR, STM32G471QCT6, STM32G471QET3, STM32G471RCT6, STM32G471RET3, STM32G471RET6, STM32G471VCH6, STM32G471VCI6, STM32G471VCT6, STM32G471VEH3, STM32G471VEH6, STM32G471VEI3, STM32G471VEI6, STM32G471VET3, STM32G471VET6, STM32G473QET3Z, STM32G473RET3Z, STM32G474CCT6, STM32G491RET3Z, STM32H503CBT6, STM32H503CBU6, STM32H503EBY6TR, STM32H503KBU6, STM32H503RBT6, STM32H523CCT6, STM32H523CCU6, STM32H523CET6, STM32H523CEU6, STM32H523HEY6TR, STM32H523RCT6, STM32H523RET6, STM32H523VCI6, STM32H523VCT6, STM32H523VEI6, STM32H523VET6, STM32H523ZCJ6, STM32H523ZCT6, STM32H523ZEJ6, STM32H523ZET6, STM32H533CET6, STM32H533CEU6, STM32H533HEY6TR, STM32H533RET6, STM32H533VEI6, STM32H533VET6, STM32H533ZEJ6, STM32H533ZET6, STM32H562AGI6, STM32H562AII6, STM32H562IGK6, STM32H562IGT6, STM32H562IIK6, STM32H562IIT6, STM32H562RGT6, STM32H562RGV6, STM32H562RIT6, STM32H562RIV6, STM32H562VGT6, STM32H562VIT6, STM32H562ZGT6, STM32H562ZIT6, STM32H563AGI6, STM32H563AII3Q, STM32H563AII6, STM32H563IGK6, STM32H563IGT6, STM32H563IIK3Q, STM32H563IIK6, STM32H563IIT3Q, STM32H563IIT6, STM32H563MIY3QTR, STM32H563RGT6, STM32H563RGV6, STM32H563RIT6, STM32H563RIV6, STM32H563VGT6, STM32H563VIT3Q, STM32H563VIT6, STM32H563ZGT6, STM32H563ZIT3Q, STM32H563ZIT6, STM32H573AII3Q, STM32H573AII6, STM32H573I-DK, STM32H573IIK3Q, STM32H573IIK6, STM32H573IIT3Q, STM32H573IIT6, STM32H573MIY3QTR, STM32H573RIT6, STM32H573RIV6, STM32H573VIT3Q, STM32H573VIT6, STM32H573ZIT3Q, STM32H573ZIT6, STM32H7R3A8I6, STM32H7R3I8K6, STM32H7R3I8T6, STM32H7R3L8H6, STM32H7R3L8H6H, STM32H7R3R8V6, STM32H7R3V8H6, STM32H7R3V8T6, STM32H7R3V8Y6TR, STM32H7R3Z8J6, STM32H7R3Z8T6, STM32H7R7A8I6, STM32H7R7I8K6, STM32H7R7I8T6, STM32H7R7L8H6, STM32H7R7L8H6H, STM32H7R7Z8J6, STM32H7S3A8I6, STM32H7S3I8K6, STM32H7S3I8T6, STM32H7S3L8H6, STM32H7S3L8H6H, STM32H7S3R8V6, STM32H7S3V8H6, STM32H7S3V8T6, STM32H7S3V8Y6TR, STM32H7S3Z8J6, STM32H7S3Z8T6, STM32H7S78-DK, STM32H7S7A8I6, STM32H7S7I8K6, STM32H7S7I8T6, STM32H7S7L8H6, STM32H7S7L8H6H, STM32H7S7Z8J6, STM32L4R5QGI6STR, STM32MP131AAE3, STM32MP131AAF3, STM32MP131AAG3, STM32MP131CAE3, STM32MP131CAF3, STM32MP131CAG3, STM32MP131DAE7, STM32MP131DAF7, STM32MP131DAG7, STM32MP131FAE7, STM32MP131FAF7, STM32MP131FAG7, STM32MP133AAE3, STM32MP133AAF3, STM32MP133AAG3, STM32MP133CAE3, STM32MP133CAF3, STM32MP133CAG3, STM32MP133DAE7, STM32MP133DAF7, STM32MP133DAG7, STM32MP133FAE7, STM32MP133FAF7, STM32MP133FAG7, STM32MP135AAE3, STM32MP135AAF3, STM32MP135AAG3, STM32MP135CAE3, STM32MP135CAF3, STM32MP135CAG3, STM32MP135DAE7, STM32MP135DAF7, STM32MP135DAG7, STM32MP135F-DK, STM32MP135FAE7, STM32MP135FAF7, STM32MP135FAF7T, STM32MP135FAF7U, STM32MP135FAG7, STM32MP211AAL3, STM32MP211AAM3, STM32MP211AAN3, STM32MP211AAO3, STM32MP211CAL3, STM32MP211CAM3, STM32MP211CAN3, STM32MP211CAO3, STM32MP211DAL3, STM32MP211DAM3, STM32MP211DAN3, STM32MP211DAO3, STM32MP211FAL3, STM32MP211FAM3, STM32MP211FAN3, STM32MP211FAO3, STM32MP213AAL3, STM32MP213AAM3, STM32MP213AAN3, STM32MP213AAO3, STM32MP213CAL3, STM32MP213CAM3, STM32MP213CAN3, STM32MP213CAO3, STM32MP213DAL3, STM32MP213DAM3, STM32MP213DAN3, STM32MP213DAO3, STM32MP213FAL3, STM32MP213FAM3, STM32MP213FAN3, STM32MP213FAO3, STM32MP215AAL3, STM32MP215AAM3, STM32MP215AAN3, STM32MP215AAO3, STM32MP215CAL3, STM32MP215CAM3, STM32MP215CAN3, STM32MP215CAO3, STM32MP215DAL3, STM32MP215DAM3, STM32MP215DAN3, STM32MP215DAO3, STM32MP215F-DK, STM32MP215FAL3, STM32MP215FAM3, STM32MP215FAN3, STM32MP215FAO3, STM32MP231AAJ3, STM32MP231AAK3, STM32MP231AAL3, STM32MP231CAJ3, STM32MP231CAK3, STM32MP231CAL3, STM32MP231DAJ3, STM32MP231DAK3, STM32MP231DAL3, STM32MP231FAJ3, STM32MP231FAK3, STM32MP231FAL3, STM32MP233AAJ3, STM32MP233AAK3, STM32MP233AAL3, STM32MP233CAJ3, STM32MP233CAK3, STM32MP233CAL3, STM32MP233DAJ3, STM32MP233DAK3, STM32MP233DAL3, STM32MP233FAJ3, STM32MP233FAK3, STM32MP233FAL3, STM32MP235AAJ3, STM32MP235AAK3, STM32MP235AAL3, STM32MP235CAJ3, STM32MP235CAK3, STM32MP235CAL3, STM32MP235DAJ3, STM32MP235DAK3, STM32MP235DAL3, STM32MP235FAJ3, STM32MP235FAK3, STM32MP235FAL3, STM32MP251AAI3, STM32MP251AAK3, STM32MP251AAL3, STM32MP251CAI3, STM32MP251CAK3, STM32MP251CAL3, STM32MP251DAI3, STM32MP251DAK3, STM32MP251DAL3, STM32MP251FAI3, STM32MP251FAK3, STM32MP251FAL3, STM32MP253AAI3, STM32MP253AAK3, STM32MP253AAL3, STM32MP253CAI3, STM32MP253CAK3, STM32MP253CAL3, STM32MP253DAI3, STM32MP253DAK3, STM32MP253DAL3, STM32MP253FAI3, STM32MP253FAK3, STM32MP253FAL3, STM32MP255AAI3, STM32MP255AAK3, STM32MP255AAL3, STM32MP255CAI3, STM32MP255CAK3, STM32MP255CAL3, STM32MP255DAI3, STM32MP255DAK3, STM32MP255DAL3, STM32MP255FAI3, STM32MP255FAK3, STM32MP255FAL3, STM32MP257AAI3, STM32MP257AAK3, STM32MP257AAL3, STM32MP257CAI3, STM32MP257CAK3, STM32MP257CAL3, STM32MP257DAI3, STM32MP257DAK3, STM32MP257DAL3, STM32MP257F-DK, STM32MP257F-EV1, STM32MP257FAI3, STM32MP257FAK3, STM32MP257FAL3, STM32N645A0H3Q, STM32N645B0H3Q, STM32N645I0H3Q, STM32N645L0H3Q, STM32N645X0H3Q, STM32N645Z0H3Q, STM32N647A0H3Q, STM32N647B0H3Q, STM32N647I0H3Q, STM32N647L0H3Q, STM32N647X0H3Q, STM32N647Z0H3Q, STM32N655A0H3Q, STM32N655B0H3Q, STM32N655I0H3Q, STM32N655L0H3Q, STM32N655X0H3Q, STM32N655Z0H3Q, STM32N6570-DK, STM32N657A0H3Q, STM32N657B0H3Q, STM32N657I0H3Q, STM32N657L0H3Q, STM32N657X0H3Q, STM32N657Z0H3Q, STM32U031C6T6, STM32U031C6U6, STM32U031C8T6, STM32U031C8U6, STM32U031F4P6, STM32U031F6P6, STM32U031F8P6, STM32U031G6Y6TR, STM32U031G8Y6TR, STM32U031K4U6, STM32U031K6U6, STM32U031K8U6, STM32U031R6I6, STM32U031R6T6, STM32U031R8I6, STM32U031R8T6, STM32U073C8T6, STM32U073C8U6, STM32U073CBT6, STM32U073CBU6, STM32U073CCT6, STM32U073CCU6, STM32U073H8Y6TR, STM32U073HBY6TR, STM32U073HCY6TR, STM32U073K8U6, STM32U073KBU6, STM32U073KCU6, STM32U073M8I6, STM32U073M8T6, STM32U073MBI6, STM32U073MBT6, STM32U073MCI6, STM32U073MCT6, STM32U073R8I6, STM32U073R8T6, STM32U073RBI6, STM32U073RBT6, STM32U073RCI6, STM32U073RCT6, STM32U083C-DK, STM32U083CCT6, STM32U083CCU6, STM32U083HCY6TR, STM32U083KCU6, STM32U083MCI6, STM32U083MCT6, STM32U083RCI6, STM32U083RCT6, STM32U375CET6, STM32U375CET6Q, STM32U375CEU6, STM32U375CEU6Q, STM32U375CEY6QTR, STM32U375CGT6, STM32U375CGT6Q, STM32U375CGU6, STM32U375CGU6Q, STM32U375CGY6QTR, STM32U375KEU6, STM32U375KGU6, STM32U375REI6, STM32U375REI6Q, STM32U375RET6, STM32U375RET6Q, STM32U375REY6GTR, STM32U375REY6QTR, STM32U375RGI6, STM32U375RGI6Q, STM32U375RGT6, STM32U375RGT6Q, STM32U375RGY6GTR, STM32U375RGY6QTR, STM32U375VEI6, STM32U375VEI6Q, STM32U375VET6, STM32U375VET6Q, STM32U375VGI6, STM32U375VGI6Q, STM32U375VGT6, STM32U375VGT6Q, STM32U385CGT6, STM32U385CGT6Q, STM32U385CGU6, STM32U385CGU6Q, STM32U385CGY6QTR, STM32U385KGU6, STM32U385RGI6, STM32U385RGI6Q, STM32U385RGT6, STM32U385RGT6Q, STM32U385RGY6GTR, STM32U385RGY6QTR, STM32U385VGI6, STM32U385VGI6Q, STM32U385VGT6, STM32U385VGT6Q, STM32U535CBT6, STM32U535CBT6Q, STM32U535CBU6, STM32U535CBU6Q, STM32U535CCT6, STM32U535CCT6Q, STM32U535CCU6, STM32U535CCU6Q, STM32U535CET6, STM32U535CET6Q, STM32U535CEU6, STM32U535CEU6Q, STM32U535JEY6QTR, STM32U535NCY6QTR, STM32U535NEY6QTR, STM32U535RBI6, STM32U535RBI6Q, STM32U535RBT6, STM32U535RBT6Q, STM32U535RCI6, STM32U535RCI6Q, STM32U535RCT6, STM32U535RCT6Q, STM32U535REI6, STM32U535REI6Q, STM32U535RET6, STM32U535RET6Q, STM32U535VCI6, STM32U535VCI6Q, STM32U535VCT6, STM32U535VCT6Q, STM32U535VEI6, STM32U535VEI6Q, STM32U535VET6, STM32U535VET6Q, STM32U545CET6, STM32U545CET6Q, STM32U545CEU6, STM32U545CEU6Q, STM32U545JEY6QTR, STM32U545NEY6QTR, STM32U545REI6, STM32U545REI6Q, STM32U545RET6, STM32U545RET6Q, STM32U545VEI6, STM32U545VEI6Q, STM32U545VET6, STM32U545VET6Q, STM32U595AIH6, STM32U595AIH6Q, STM32U595AJH6, STM32U595AJH6Q, STM32U595QII6, STM32U595QII6Q, STM32U595QJI6, STM32U595QJI6Q, STM32U595RIT6, STM32U595RIT6Q, STM32U595RJT6, STM32U595RJT6Q, STM32U595VIT6, STM32U595VIT6Q, STM32U595VJT6, STM32U595VJT6Q, STM32U595ZIT6, STM32U595ZIT6Q, STM32U595ZIY6QTR, STM32U595ZJT6, STM32U595ZJT6Q, STM32U595ZJY6QTR, STM32U599BJY6QTR, STM32U599NIH6Q, STM32U599NJH6Q, STM32U599VIT6Q, STM32U599VJT6, STM32U599VJT6Q, STM32U599ZIT6Q, STM32U599ZIY6QTR, STM32U599ZJT6Q, STM32U599ZJY6QTR, STM32U5A5AJH6, STM32U5A5AJH6Q, STM32U5A5QII3Q , STM32U5A5QJI6, STM32U5A5QJI6Q, STM32U5A5RJT6, STM32U5A5RJT6Q, STM32U5A5VJT6, STM32U5A5VJT6Q, STM32U5A5ZJT6, STM32U5A5ZJT6Q, STM32U5A5ZJY6QTR, STM32U5A9BJY6QTR, STM32U5A9J-DK, STM32U5A9NJH6Q, STM32U5A9VJT6Q, STM32U5A9ZJT6Q, STM32U5A9ZJY6QTR, STM32U5F7VIT6, STM32U5F7VIT6Q, STM32U5F7VJT6, STM32U5F7VJT6Q, STM32U5F9BJY6QTR, STM32U5F9NJH6Q, STM32U5F9VIT6Q, STM32U5F9VJT6Q, STM32U5F9ZIJ6QTR, STM32U5F9ZIT6Q, STM32U5F9ZJJ6QTR, STM32U5F9ZJT6Q, STM32U5G7VJT6, STM32U5G7VJT6Q, STM32U5G9BJY6QTR, STM32U5G9J-DK1, STM32U5G9J-DK2, STM32U5G9NJH6Q, STM32U5G9VJT6Q, STM32U5G9ZJJ6QTR, STM32U5G9ZJT6Q, STM32WB05KZV6TR, STM32WB05KZV7TR, STM32WB05TZF6TR, STM32WB05TZF7TR, STM32WB06CCF6TR, STM32WB06CCF7TR, STM32WB06CCV6TR, STM32WB06CCV7TR, STM32WB06KCV6TR, STM32WB06KCV7TR, STM32WB07CCF6TR, STM32WB07CCF7TR, STM32WB07CCV6TR, STM32WB07CCV7TR, STM32WB07KCV6TR, STM32WB07KCV7TR, STM32WB09KEV6TR, STM32WB09KEV7TR, STM32WB09TEF6TR, STM32WB09TEF7TR, STM32WB1MMCH6, STM32WBA50KGU6, STM32WBA50KGU6TR, STM32WBA52CEU6, STM32WBA52CEU6TR, STM32WBA52CEU7, STM32WBA52CEU7TR, STM32WBA52CGU6, STM32WBA52CGU6TR, STM32WBA52CGU6U, STM32WBA52CGU7, STM32WBA52CGU7TR, STM32WBA52KEU6, STM32WBA52KEU6TR, STM32WBA52KGU6, STM32WBA52KGU6TR, STM32WBA54CEU6, STM32WBA54CEU6TR, STM32WBA54CEU7, STM32WBA54CEU7TR, STM32WBA54CGU6, STM32WBA54CGU6TR, STM32WBA54CGU7, STM32WBA54CGU7TR, STM32WBA54KEU6, STM32WBA54KEU6TR, STM32WBA54KEU7, STM32WBA54KEU7TR, STM32WBA54KGU6, STM32WBA54KGU6TR, STM32WBA54KGU7, STM32WBA54KGU7TR, STM32WBA55CEU6, STM32WBA55CEU6TR, STM32WBA55CEU7, STM32WBA55CEU7TR, STM32WBA55CGU6, STM32WBA55CGU6TR, STM32WBA55CGU6U, STM32WBA55CGU7, STM32WBA55CGU7TR, STM32WBA55G-DK1, STM32WBA55HEF6, STM32WBA55HEF7, STM32WBA55HGF6, STM32WBA55HGF7, STM32WBA55UEI6, STM32WBA55UEI6TR, STM32WBA55UEI7, STM32WBA55UEI7TR, STM32WBA55UGI6, STM32WBA55UGI6TR, STM32WBA55UGI7, STM32WBA55UGI7TR, STM32WBA5MMGH6TR, STM32WBA62MGF6, STM32WBA62MIF6, STM32WBA65MGF7, STM32WBA65MIF6, STM32WBA65MIF7, STM32WL30K8V6, STM32WL30KBV6, STM32WL31C8V6, STM32WL31CBV6, STM32WL31K8V6, STM32WL31KBV6, STM32WL33C8V6, STM32WL33C8V6X, STM32WL33CBV6, STM32WL33CBV6X, STM32WL33CCV6, STM32WL33CCV6A, STM32WL33CCV6X, STM32WL33K8V7, STM32WL33K8V7X, STM32WL33KBV7 , STM32WL33KBV7X, STM32WL33KCV7, STM32WL33KCV7X, STM32WL5MOCH6, STM32WL5MOCH6TR]
2026-02-03 08:33:24,159 [INFO] DbMcus:218 - Found 4876 MCUs, 4876 are supported
2026-02-03 08:33:24,160 [INFO] ApiDb:423 - Load user favorites file /home/krushna/.stm32cubeide/favorites.mcus.txt: 0 item(s)
2026-02-03 08:33:24,160 [INFO] ApiDb:427 - User favorites MCUs=[]
2026-02-03 08:33:24,160 [INFO] DbMcus:224 - Set 0 / 0 favorites MCUs
2026-02-03 08:33:24,670 [INFO] BoardInfo:889 - No configuration file found for board P-NUCLEO-WB55
2026-02-03 08:33:24,671 [INFO] DbBoards:161 - Kit is not supported: P-NUCLEO-WB55
2026-02-03 08:33:24,675 [INFO] BoardInfo:889 - No configuration file found for board STEVAL-BFA001V1B
2026-02-03 08:33:24,675 [INFO] DbBoards:161 - Kit is not supported: STEVAL-BFA001V1B
2026-02-03 08:33:24,677 [INFO] BoardInfo:889 - No configuration file found for board STEVAL-BFA001V2B
2026-02-03 08:33:24,677 [INFO] DbBoards:161 - Kit is not supported: STEVAL-BFA001V2B
2026-02-03 08:33:24,786 [INFO] DbBoards:168 - Found 212 boards, 209 are supported
2026-02-03 08:33:24,786 [INFO] DbBoards:169 - Found 212 boards, 43 of them is supported for  Bsp
2026-02-03 08:33:24,798 [INFO] ApiDb:423 - Load user favorites file /home/krushna/.stm32cubeide/favorites.boards.txt: 2 item(s)
2026-02-03 08:33:24,798 [INFO] ApiDb:427 - User favorites Boards=[NUCLEO-F446RE, STM32F407G-DISC1]
2026-02-03 08:33:24,798 [INFO] DbBoards:198 - Set 2 / 2 favorites Boards
2026-02-03 08:33:24,855 [INFO] UtilMem:75 - End LoadConfig() Used Memory: 340340696 Bytes (571473920)
2026-02-03 08:33:25,042 [WARN] ThirdParty:833 - waiting for thirdparty lock release [change project]
2026-02-03 08:33:25,043 [INFO] ThirdParty:835 - entering critical section [change project]
2026-02-03 08:33:25,043 [INFO] ThirdParty:1030 - CMSIS Pack Vendor :STMicroelectronics X-CUBE-PM33A1 1.0.0
2026-02-03 08:33:25,043 [INFO] ThirdParty:1030 - CMSIS Pack Vendor :STMicroelectronics USBPD 4.1
2026-02-03 08:33:25,043 [INFO] ThirdParty:1030 - CMSIS Pack Vendor :STMicroelectronics X-CUBE-NFC9 1.0.0
2026-02-03 08:33:25,043 [INFO] ThirdParty:1030 - CMSIS Pack Vendor :STMicroelectronics USB_HOST 2.0.0
2026-02-03 08:33:25,043 [INFO] ThirdParty:1030 - CMSIS Pack Vendor :STMicroelectronics FP-SNS-MOTENVWB1 1.4.0
2026-02-03 08:33:25,043 [INFO] ThirdParty:1030 - CMSIS Pack Vendor :STMicroelectronics X-CUBE-AZRTOS-F4 1.1.0
2026-02-03 08:33:25,043 [INFO] ThirdParty:1030 - CMSIS Pack Vendor :STMicroelectronics LIBJPEG 8.0.0
2026-02-03 08:33:25,043 [INFO] ThirdParty:1030 - CMSIS Pack Vendor :STMicroelectronics FP-ATR-ASTRA1 2.0.2
2026-02-03 08:33:25,043 [INFO] ThirdParty:1030 - CMSIS Pack Vendor :STMicroelectronics X-CUBE-BLE1 7.1.0
2026-02-03 08:33:25,043 [INFO] ThirdParty:1030 - CMSIS Pack Vendor :Avnet-IotConnect X-CUBE-IoTC-DA16k-PMOD 1.0.0
2026-02-03 08:33:25,043 [INFO] ThirdParty:1030 - CMSIS Pack Vendor :STMicroelectronics X-CUBE-SMBUS 2.1.0
2026-02-03 08:33:25,043 [INFO] ThirdParty:1030 - CMSIS Pack Vendor :wolfSSL I-CUBE-wolfMQTT 1.19.2
2026-02-03 08:33:25,043 [INFO] ThirdParty:1030 - CMSIS Pack Vendor :STMicroelectronics USB_DEVICE 3.0.0
2026-02-03 08:33:25,043 [INFO] ThirdParty:1030 - CMSIS Pack Vendor :STMicroelectronics X-CUBE-ISPU 2.1.0
2026-02-03 08:33:25,043 [INFO] ThirdParty:1030 - CMSIS Pack Vendor :STMicroelectronics X-CUBE-FREERTOS 1.4.0
2026-02-03 08:33:25,043 [INFO] ThirdParty:1030 - CMSIS Pack Vendor :STMicroelectronics X-CUBE-IPS 3.2.0
2026-02-03 08:33:25,043 [INFO] ThirdParty:1030 - CMSIS Pack Vendor :STMicroelectronics X-CUBE-AZRTOS-WB 2.0.0
2026-02-03 08:33:25,044 [INFO] ThirdParty:1030 - CMSIS Pack Vendor :STMicroelectronics X-CUBE-ST60 1.0.0
2026-02-03 08:33:25,044 [INFO] ThirdParty:1030 - CMSIS Pack Vendor :STMicroelectronics X-CUBE-GNSS1 7.0.1
2026-02-03 08:33:25,044 [INFO] ThirdParty:1030 - CMSIS Pack Vendor :STMicroelectronics X-CUBE-AZRTOS-F7 1.1.0
2026-02-03 08:33:25,044 [INFO] ThirdParty:1030 - CMSIS Pack Vendor :STMicroelectronics X-CUBE-AZRTOS-L5 2.0.0
2026-02-03 08:33:25,044 [INFO] ThirdParty:1030 - CMSIS Pack Vendor :STMicroelectronics X-CUBE-TOUCHGFX 4.25.0
2026-02-03 08:33:25,044 [INFO] ThirdParty:1030 - CMSIS Pack Vendor :STMicroelectronics USB_DEVICE 2.0.0
2026-02-03 08:33:25,044 [INFO] ThirdParty:1030 - CMSIS Pack Vendor :STMicroelectronics X-CUBE-NFC6 3.1.0
2026-02-03 08:33:25,044 [INFO] ThirdParty:1030 - CMSIS Pack Vendor :STMicroelectronics X-CUBE-ST67W61 1.1.0
2026-02-03 08:33:25,044 [INFO] ThirdParty:1030 - CMSIS Pack Vendor :Cesanta I-CUBE-Mongoose 7.19.0
2026-02-03 08:33:25,044 [INFO] ThirdParty:1030 - CMSIS Pack Vendor :quantropi X-CUBE-qispace-sdk-base 2.1.0
2026-02-03 08:33:25,044 [INFO] ThirdParty:1030 - CMSIS Pack Vendor :STMicroelectronics X-CUBE-MEMS1 12.0.0
2026-02-03 08:33:25,044 [INFO] ThirdParty:1030 - CMSIS Pack Vendor :STMicroelectronics X-CUBE-STSE01 2.0.0
2026-02-03 08:33:25,044 [INFO] ThirdParty:1030 - CMSIS Pack Vendor :STMicroelectronics FP-SNS-MOTENV1 5.1.0
2026-02-03 08:33:25,044 [INFO] ThirdParty:1030 - CMSIS Pack Vendor :STMicroelectronics FreeRTOS 0.0.1
2026-02-03 08:33:25,044 [INFO] ThirdParty:1030 - CMSIS Pack Vendor :STMicroelectronics X-CUBE-AZRTOS-G0 1.1.0
2026-02-03 08:33:25,044 [INFO] ThirdParty:1030 - CMSIS Pack Vendor :STMicroelectronics X-CUBE-SAFEA1 1.2.2
2026-02-03 08:33:25,044 [INFO] ThirdParty:1030 - CMSIS Pack Vendor :STMicroelectronics X-CUBE-NFC4 3.0.0
2026-02-03 08:33:25,044 [INFO] ThirdParty:1030 - CMSIS Pack Vendor :STMicroelectronics X-CUBE-SUBG2 5.0.0
2026-02-03 08:33:25,044 [INFO] ThirdParty:1030 - CMSIS Pack Vendor :STMicroelectronics X-CUBE-AZRTOS-H7RS 1.1.0
2026-02-03 08:33:25,044 [INFO] ThirdParty:1030 - CMSIS Pack Vendor :STMicroelectronics STM32_WPAN 1.0.0
2026-02-03 08:33:25,044 [INFO] ThirdParty:1030 - CMSIS Pack Vendor :EmbeddedOffice I-CUBE-FS-RTOS 1.0.1
2026-02-03 08:33:25,044 [INFO] ThirdParty:1030 - CMSIS Pack Vendor :STMicroelectronics lwIP 2.0.3
2026-02-03 08:33:25,044 [INFO] ThirdParty:1030 - CMSIS Pack Vendor :WES I-CUBE-Cesium 1.4.0
2026-02-03 08:33:25,044 [INFO] ThirdParty:1030 - CMSIS Pack Vendor :STMicroelectronics USB_HOST 1.0.0
2026-02-03 08:33:25,044 [INFO] ThirdParty:1030 - CMSIS Pack Vendor :Infineon AIROC-Wi-Fi-Bluetooth-STM32 1.7.1
2026-02-03 08:33:25,044 [INFO] ThirdParty:1030 - CMSIS Pack Vendor :STMicroelectronics X-CUBE-AZRTOS-G4 2.0.0
2026-02-03 08:33:25,045 [INFO] ThirdParty:1030 - CMSIS Pack Vendor :STMicroelectronics X-CUBE-WB05N 2.0.0
2026-02-03 08:33:25,045 [INFO] ThirdParty:1030 - CMSIS Pack Vendor :STMicroelectronics PDM2PCM 3.1.0
2026-02-03 08:33:25,045 [INFO] ThirdParty:1030 - CMSIS Pack Vendor :STMicroelectronics PDM2PCM 3.3.0
2026-02-03 08:33:25,045 [INFO] ThirdParty:1030 - CMSIS Pack Vendor :wolfSSL I-CUBE-wolfTPM 3.8.0
2026-02-03 08:33:25,045 [INFO] ThirdParty:1030 - CMSIS Pack Vendor :STMicroelectronics X-CUBE-DISPLAY 3.0.0
2026-02-03 08:33:25,045 [INFO] ThirdParty:1030 - CMSIS Pack Vendor :wolfSSL I-CUBE-wolfSSH 1.4.20
2026-02-03 08:33:25,045 [INFO] ThirdParty:1030 - CMSIS Pack Vendor :STMicroelectronics X-CUBE-NFC7 2.0.0
2026-02-03 08:33:25,045 [INFO] ThirdParty:1030 - CMSIS Pack Vendor :STMicroelectronics X-CUBE-TCPP 4.2.0
2026-02-03 08:33:25,045 [INFO] ThirdParty:1030 - CMSIS Pack Vendor :RealThread X-CUBE-RT-Thread_Nano 4.1.1
2026-02-03 08:33:25,045 [INFO] ThirdParty:1030 - CMSIS Pack Vendor :STMicroelectronics FP-ATR-SIGFOX1 3.2.0
2026-02-03 08:33:25,045 [INFO] ThirdParty:1030 - CMSIS Pack Vendor :STMicroelectronics X-CUBE-NFC10 1.0.0
2026-02-03 08:33:25,045 [INFO] ThirdParty:1030 - CMSIS Pack Vendor :STMicroelectronics X-CUBE-FREERTOS 1.3.1
2026-02-03 08:33:25,045 [INFO] ThirdParty:1030 - CMSIS Pack Vendor :STMicroelectronics HAL Drivers 0.0.0
2026-02-03 08:33:25,045 [INFO] ThirdParty:1030 - CMSIS Pack Vendor :STMicroelectronics MBEDTLS 2.16.2
2026-02-03 08:33:25,045 [INFO] ThirdParty:1030 - CMSIS Pack Vendor :STMicroelectronics X-CUBE-ST60 1.1.0
2026-02-03 08:33:25,045 [INFO] ThirdParty:1030 - CMSIS Pack Vendor :STMicroelectronics X-CUBE-IPS 3.1.0
2026-02-03 08:33:25,045 [INFO] ThirdParty:1030 - CMSIS Pack Vendor :STMicroelectronics X-CUBE-ALS 1.0.2
2026-02-03 08:33:25,045 [INFO] ThirdParty:1030 - CMSIS Pack Vendor :emotas I-CUBE-CANOPEN 1.3.0
2026-02-03 08:33:25,045 [INFO] ThirdParty:1030 - CMSIS Pack Vendor :STMicroelectronics MBEDTLS 2.14.1
2026-02-03 08:33:25,045 [INFO] ThirdParty:1030 - CMSIS Pack Vendor :STMicroelectronics X-CUBE-GNSS1 7.1.0
2026-02-03 08:33:25,045 [INFO] ThirdParty:1030 - CMSIS Pack Vendor :ITTIA_DB I-CUBE-ITTIADB 8.9.0
2026-02-03 08:33:25,045 [INFO] ThirdParty:1030 - CMSIS Pack Vendor :STMicroelectronics X-CUBE-TOUCHGFX 4.26.0
2026-02-03 08:33:25,045 [INFO] ThirdParty:1030 - CMSIS Pack Vendor :STMicroelectronics X-CUBE-STSE01 1.0.0
2026-02-03 08:33:25,045 [INFO] ThirdParty:1030 - CMSIS Pack Vendor :STMicroelectronics X-CUBE-NFC6 3.2.0
2026-02-03 08:33:25,045 [INFO] ThirdParty:1030 - CMSIS Pack Vendor :STMicroelectronics X-CUBE-ST67W61 1.0.0
2026-02-03 08:33:25,045 [INFO] ThirdParty:1030 - CMSIS Pack Vendor :STMicroelectronics ThreadX 1.0.0
2026-02-03 08:33:25,045 [INFO] ThirdParty:1030 - CMSIS Pack Vendor :STMicroelectronics FP-SNS-SMARTAG2 1.2.0
2026-02-03 08:33:25,045 [INFO] ThirdParty:1030 - CMSIS Pack Vendor :STMicroelectronics FP-SNS-FLIGHT1 5.1.0
2026-02-03 08:33:25,045 [INFO] ThirdParty:1030 - CMSIS Pack Vendor :STMicroelectronics X-CUBE-AZRTOS-WL 2.0.0
2026-02-03 08:33:25,045 [INFO] ThirdParty:1030 - CMSIS Pack Vendor :SEGGER I-CUBE-embOS 1.3.1
2026-02-03 08:33:25,046 [INFO] ThirdParty:1030 - CMSIS Pack Vendor :STMicroelectronics X-CUBE-ALGOBUILD 1.4.0
2026-02-03 08:33:25,046 [INFO] ThirdParty:1030 - CMSIS Pack Vendor :STMicroelectronics X-CUBE-DPower 1.3.0
2026-02-03 08:33:25,046 [INFO] ThirdParty:1030 - CMSIS Pack Vendor :STMicroelectronics X-CUBE-MEMS1 11.3.0
2026-02-03 08:33:25,046 [INFO] ThirdParty:1030 - CMSIS Pack Vendor :STMicroelectronics FP-SNS-MOTENV1 5.0.0
2026-02-03 08:33:25,046 [INFO] ThirdParty:1030 - CMSIS Pack Vendor :STMicroelectronics USB_DEVICE 1.0.0
2026-02-03 08:33:25,046 [INFO] ThirdParty:1030 - CMSIS Pack Vendor :STMicroelectronics X-CUBE-AZRTOS-H7RS 1.2.0
2026-02-03 08:33:25,046 [INFO] ThirdParty:1030 - CMSIS Pack Vendor :STMicroelectronics X-CUBE-AZRTOS-L4 2.0.0
2026-02-03 08:33:25,046 [INFO] ThirdParty:1030 - CMSIS Pack Vendor :STMicroelectronics ThreadX 0.0.2
2026-02-03 08:33:25,046 [INFO] ThirdParty:1030 - CMSIS Pack Vendor :STMicroelectronics lwIP 2.1.2
2026-02-03 08:33:25,046 [INFO] ThirdParty:1030 - CMSIS Pack Vendor :STMicroelectronics X-CUBE-SFXS2LP1 4.0.0
2026-02-03 08:33:25,046 [INFO] ThirdParty:1030 - CMSIS Pack Vendor :STMicroelectronics X-CUBE-BLE2 3.3.0
2026-02-03 08:33:25,046 [INFO] ThirdParty:1030 - CMSIS Pack Vendor :Avnet-IOTCONNECT X-CUBE-iotc-st67-sdk 1.0.0
2026-02-03 08:33:25,046 [INFO] ThirdParty:1030 - CMSIS Pack Vendor :STMicroelectronics X-CUBE-TOF1 3.4.3
2026-02-03 08:33:25,046 [INFO] ThirdParty:1030 - CMSIS Pack Vendor :STMicroelectronics PDM2PCM 3.2.0
2026-02-03 08:33:25,046 [INFO] ThirdParty:1030 - CMSIS Pack Vendor :STMicroelectronics X-CUBE-ST67W61 1.2.0
2026-02-03 08:33:25,046 [INFO] ThirdParty:841 - exiting critical section [change project]
2026-02-03 08:33:25,540 [INFO] PinOutPanel:1589 - setPackage(No Configuration,No Configuration)
2026-02-03 08:33:25,542 [INFO] PinOutPanel:1589 - setPackage(STM32F407VGTx,LQFP100)
2026-02-03 08:33:25,922 [INFO] UtilMem:75 - Before build in PCC Used Memory: 341184640 Bytes (571473920)
2026-02-03 08:33:26,414 [INFO] UtilMem:75 - After build in PCC Used Memory: 449367392 Bytes (571473920)
2026-02-03 08:33:26,457 [INFO] IPUIPlugin:80 - create IPUIPlugin
2026-02-03 08:33:26,458 [INFO] IPUIPlugin:80 - create IPUIPlugin
2026-02-03 08:33:26,458 [INFO] IPUIPlugin:80 - create IPUIPlugin
2026-02-03 08:33:26,458 [INFO] IPUIPlugin:80 - create IPUIPlugin
2026-02-03 08:33:26,458 [INFO] IPUIPlugin:80 - create IPUIPlugin
2026-02-03 08:33:26,458 [INFO] IPUIPlugin:80 - create IPUIPlugin
2026-02-03 08:33:26,459 [INFO] IPUIPlugin:80 - create IPUIPlugin
2026-02-03 08:33:26,459 [INFO] IPUIPlugin:80 - create IPUIPlugin
2026-02-03 08:33:26,459 [INFO] IPUIPlugin:80 - create IPUIPlugin
2026-02-03 08:33:26,459 [INFO] IPUIPlugin:80 - create IPUIPlugin
2026-02-03 08:33:26,459 [INFO] IPUIPlugin:80 - create IPUIPlugin
2026-02-03 08:33:26,460 [INFO] IPUIPlugin:80 - create IPUIPlugin
2026-02-03 08:33:26,460 [INFO] IPUIPlugin:80 - create IPUIPlugin
2026-02-03 08:33:26,460 [INFO] IPUIPlugin:80 - create IPUIPlugin
2026-02-03 08:33:26,460 [INFO] IPUIPlugin:80 - create IPUIPlugin
2026-02-03 08:33:26,460 [INFO] IPUIPlugin:80 - create IPUIPlugin
2026-02-03 08:33:26,460 [INFO] IPUIPlugin:80 - create IPUIPlugin
2026-02-03 08:33:26,461 [INFO] IPUIPlugin:80 - create IPUIPlugin
2026-02-03 08:33:26,461 [INFO] IPUIPlugin:80 - create IPUIPlugin
2026-02-03 08:33:26,461 [INFO] IPUIPlugin:80 - create IPUIPlugin
2026-02-03 08:33:26,461 [INFO] IPUIPlugin:80 - create IPUIPlugin
2026-02-03 08:33:26,462 [INFO] IPUIPlugin:80 - create IPUIPlugin
2026-02-03 08:33:26,462 [INFO] IPUIPlugin:80 - create IPUIPlugin
2026-02-03 08:33:26,462 [INFO] IPUIPlugin:80 - create IPUIPlugin
2026-02-03 08:33:26,462 [INFO] IPUIPlugin:80 - create IPUIPlugin
2026-02-03 08:33:26,462 [INFO] IPUIPlugin:80 - create IPUIPlugin
2026-02-03 08:33:26,463 [INFO] IPUIPlugin:80 - create IPUIPlugin
2026-02-03 08:33:26,463 [INFO] IPUIPlugin:80 - create IPUIPlugin
2026-02-03 08:33:26,463 [INFO] IPUIPlugin:80 - create IPUIPlugin
2026-02-03 08:33:26,464 [INFO] IPUIPlugin:80 - create IPUIPlugin
2026-02-03 08:33:26,464 [INFO] IPUIPlugin:80 - create IPUIPlugin
2026-02-03 08:33:26,464 [INFO] IPUIPlugin:80 - create IPUIPlugin
2026-02-03 08:33:26,465 [INFO] IPUIPlugin:80 - create IPUIPlugin
2026-02-03 08:33:26,465 [INFO] IPUIPlugin:80 - create IPUIPlugin
2026-02-03 08:33:26,465 [INFO] IPUIPlugin:80 - create IPUIPlugin
2026-02-03 08:33:26,465 [INFO] IPUIPlugin:80 - create IPUIPlugin
2026-02-03 08:33:26,465 [INFO] IPUIPlugin:80 - create IPUIPlugin
2026-02-03 08:33:26,465 [INFO] IPUIPlugin:80 - create IPUIPlugin
2026-02-03 08:33:26,465 [INFO] IPUIPlugin:80 - create IPUIPlugin
2026-02-03 08:33:26,465 [INFO] IPUIPlugin:80 - create IPUIPlugin
2026-02-03 08:33:26,466 [INFO] IPUIPlugin:80 - create IPUIPlugin
2026-02-03 08:33:26,466 [INFO] IPUIPlugin:80 - create IPUIPlugin
2026-02-03 08:33:26,466 [INFO] IPUIPlugin:80 - create IPUIPlugin
2026-02-03 08:33:26,466 [INFO] IPUIPlugin:80 - create IPUIPlugin
2026-02-03 08:33:26,466 [INFO] IPUIPlugin:80 - create IPUIPlugin
2026-02-03 08:33:26,466 [INFO] IPUIPlugin:80 - create IPUIPlugin
2026-02-03 08:33:26,466 [INFO] IPUIPlugin:80 - create IPUIPlugin
2026-02-03 08:33:26,467 [INFO] IPUIPlugin:80 - create IPUIPlugin
2026-02-03 08:33:26,467 [INFO] IPUIPlugin:80 - create IPUIPlugin
2026-02-03 08:33:26,467 [INFO] IPUIPlugin:80 - create IPUIPlugin
2026-02-03 08:33:26,467 [INFO] IPUIPlugin:80 - create IPUIPlugin
2026-02-03 08:33:26,467 [INFO] IPUIPlugin:80 - create IPUIPlugin
2026-02-03 08:33:26,467 [INFO] IPUIPlugin:80 - create IPUIPlugin
2026-02-03 08:33:26,467 [INFO] IPUIPlugin:80 - create IPUIPlugin
2026-02-03 08:33:26,468 [INFO] IPUIPlugin:80 - create IPUIPlugin
2026-02-03 08:33:26,468 [INFO] IPUIPlugin:80 - create IPUIPlugin
2026-02-03 08:33:26,468 [INFO] IPUIPlugin:80 - create IPUIPlugin
2026-02-03 08:33:26,468 [INFO] IPUIPlugin:80 - create IPUIPlugin
2026-02-03 08:33:26,497 [INFO] ApiDbMcu:532 - Load IP Config File for PDM2PCM
2026-02-03 08:33:26,507 [INFO] Can:71 - Can Add PropertyChangeListener com.st.microxplorer.plugins.ip.can.Can@5ad71dea
2026-02-03 08:33:26,689 [INFO] CADModel:165 - CPN selected for project levelSTM32F407VGT6
2026-02-03 08:33:26,689 [INFO] CADModel:114 - Register for checkConnection events
2026-02-03 08:33:26,730 [INFO] OpenFileManager:386 - Restore cursor
2026-02-03 08:40:17,495 [INFO] MainUpdater:2872 - connection check result : 10
2026-02-03 08:40:17,495 [INFO] MainUpdater:2872 - connection check result : 10
2026-02-03 08:40:17,714 [INFO] MicroXplorer:468 - Change Database Path : 
2026-02-03 08:40:17,714 [INFO] MicroXplorer:498 - Change Database Version : DB.6.0.150
2026-02-03 08:40:17,740 [ERROR] ProjectManagerView:395 - 
java.lang.NullPointerException: Cannot invoke "javax.swing.JTextField.getText()" because the return value of "java.util.List.get(int)" is null
	at com.st.microxplorer.plugins.projectmanager.gui.ProjectChoiceTab$9.caretUpdate(ProjectChoiceTab.java:2706) ~[filemanager.jar:?]
	at javax.swing.text.JTextComponent.fireCaretUpdate(JTextComponent.java:408) ~[?:?]
	at javax.swing.text.JTextComponent$MutableCaretEvent.fire(JTextComponent.java:4484) ~[?:?]
	at javax.swing.text.JTextComponent$MutableCaretEvent.stateChanged(JTextComponent.java:4506) ~[?:?]
	at javax.swing.text.DefaultCaret.fireStateChanged(DefaultCaret.java:857) ~[?:?]
	at javax.swing.text.DefaultCaret.changeCaretPosition(DefaultCaret.java:1343) ~[?:?]
	at javax.swing.text.DefaultCaret.handleSetDot(DefaultCaret.java:1242) ~[?:?]
	at javax.swing.text.DefaultCaret.setDot(DefaultCaret.java:1223) ~[?:?]
	at javax.swing.text.DefaultCaret$Handler.insertUpdate(DefaultCaret.java:1819) ~[?:?]
	at javax.swing.text.AbstractDocument.fireInsertUpdate(AbstractDocument.java:227) ~[?:?]
	at javax.swing.text.AbstractDocument.handleInsertString(AbstractDocument.java:781) ~[?:?]
	at javax.swing.text.AbstractDocument.insertString(AbstractDocument.java:740) ~[?:?]
	at javax.swing.text.PlainDocument.insertString(PlainDocument.java:131) ~[?:?]
	at javax.swing.text.AbstractDocument.replace(AbstractDocument.java:699) ~[?:?]
	at javax.swing.text.JTextComponent.setText(JTextComponent.java:1725) ~[?:?]
	at com.st.microxplorer.plugins.projectmanager.gui.ProjectChoiceTab.createHeapStackFields(ProjectChoiceTab.java:993) ~[filemanager.jar:?]
	at com.st.microxplorer.plugins.projectmanager.gui.ProjectChoiceTab.buildLinkSettingsPanel(ProjectChoiceTab.java:3813) ~[filemanager.jar:?]
	at com.st.microxplorer.plugins.projectmanager.gui.ProjectChoiceTab.defineWindowsFields(ProjectChoiceTab.java:1987) ~[filemanager.jar:?]
	at com.st.microxplorer.plugins.projectmanager.gui.ProjectChoiceTab.updateSettings(ProjectChoiceTab.java:558) ~[filemanager.jar:?]
	at com.st.microxplorer.plugins.projectmanager.gui.ProjectSettingsPanel.UpdateDialog(ProjectSettingsPanel.java:247) ~[filemanager.jar:?]
	at com.st.microxplorer.plugins.projectmanager.ProjectManagerView.propertyChange(ProjectManagerView.java:392) ~[filemanager.jar:?]
	at java.beans.PropertyChangeSupport.fire(PropertyChangeSupport.java:343) ~[?:?]
	at java.beans.PropertyChangeSupport.firePropertyChange(PropertyChangeSupport.java:335) ~[?:?]
	at java.beans.PropertyChangeSupport.firePropertyChange(PropertyChangeSupport.java:268) ~[?:?]
	at com.st.microxplorer.util.MXPropertyChangeSupport.firePropertyChange(MXPropertyChangeSupport.java:54) ~[STM32CubeMX.jar:?]
	at com.st.microxplorer.mxsystem.MxSystem.closeConfig(MxSystem.java:899) ~[STM32CubeMX.jar:?]
	at com.st.microxplorer.maingui.MainPanel.closeConfig(MainPanel.java:792) ~[STM32CubeMX.jar:?]
	at com.st.microxplorer.plugins.filemanager.engine.OpenFileManager.loadConfigurationFile(OpenFileManager.java:288) ~[filemanager.jar:?]
	at com.st.microxplorer.plugins.filemanager.engine.MainFileManager.userLoadConfig(MainFileManager.java:364) ~[filemanager.jar:?]
	at com.st.microxplorer.plugins.filemanager.engine.MainFileManager.userLoadConfig(MainFileManager.java:342) ~[filemanager.jar:?]
	at com.st.microxplorer.plugins.filemanager.FileManagerView.getSpecificTask(FileManagerView.java:264) ~[filemanager.jar:?]
	at com.st.stm32cube.common.mx.editor.CubeMxEditor.getMxTabbedPaneInstance(CubeMxEditor.java:1198) ~[com.st.stm32cube.common.mx_6.15.0.202507011659/:?]
	at com.st.stm32cube.common.mx.editor.CubeMxEditor$12$1.createSwingComponent(CubeMxEditor.java:1068) ~[com.st.stm32cube.common.mx_6.15.0.202507011659/:?]
	at com.st.stm32cube.common.mx.oss.core.awtswtbridge.EmbeddedSwingComposite.doComponentCreation(EmbeddedSwingComposite.java:492) ~[com.st.stm32cube.common.mx.oss_6.15.0.202507011659/:?]
	at com.st.stm32cube.common.mx.oss.core.awtswtbridge.EmbeddedSwingComposite$4.run(EmbeddedSwingComposite.java:291) ~[com.st.stm32cube.common.mx.oss_6.15.0.202507011659/:?]
	at com.st.stm32cube.common.mx.oss.core.awtswtbridge.AwtEnvironment$2.run(AwtEnvironment.java:166) ~[com.st.stm32cube.common.mx.oss_6.15.0.202507011659/:?]
	at java.awt.event.InvocationEvent.dispatch(InvocationEvent.java:318) ~[?:?]
	at java.awt.EventQueue.dispatchEventImpl(EventQueue.java:773) ~[?:?]
	at java.awt.EventQueue$4.run(EventQueue.java:720) ~[?:?]
	at java.awt.EventQueue$4.run(EventQueue.java:714) ~[?:?]
	at java.security.AccessController.doPrivileged(AccessController.java:400) ~[?:?]
	at java.security.ProtectionDomain$JavaSecurityAccessImpl.doIntersectionPrivilege(ProtectionDomain.java:87) ~[?:?]
	at java.awt.EventQueue.dispatchEvent(EventQueue.java:742) ~[?:?]
	at java.awt.EventDispatchThread.pumpOneEventForFilters(EventDispatchThread.java:203) ~[?:?]
	at java.awt.EventDispatchThread.pumpEventsForFilter(EventDispatchThread.java:124) ~[?:?]
	at java.awt.EventDispatchThread.pumpEventsForHierarchy(EventDispatchThread.java:113) ~[?:?]
	at java.awt.EventDispatchThread.pumpEvents(EventDispatchThread.java:109) ~[?:?]
	at java.awt.EventDispatchThread.pumpEvents(EventDispatchThread.java:101) ~[?:?]
	at java.awt.EventDispatchThread.run(EventDispatchThread.java:90) ~[?:?]
2026-02-03 08:40:17,747 [WARN] ThirdParty:871 - waiting for thirdparty lock release [close project]
2026-02-03 08:40:17,747 [INFO] ThirdParty:873 - entering critical section [close project]
2026-02-03 08:40:17,747 [INFO] ThirdParty:883 - exiting critical section [close project]
2026-02-03 08:40:17,750 [INFO] PinOutPanel:1589 - setPackage(No Configuration,No Configuration)
2026-02-03 08:40:17,769 [WARN] IpParametersView:155 - Warning: This peripheral hasn't parameters
2026-02-03 08:40:17,791 [WARN] MainPanel:289 - <html><b><center>Warning: This peripheral has no parameters to be configured<br></b></html>
2026-02-03 08:40:17,800 [INFO] UtilMem:75 - Begin LoadConfig() Used Memory: 869317480 Bytes (1073741824)
2026-02-03 08:40:17,805 [INFO] MicroXplorer:468 - Change Database Path : /home/krushna/.stm32cubemx/databases/DB.6.0.130/db/
2026-02-03 08:40:17,805 [INFO] MicroXplorer:498 - Change Database Version : DB.6.0.130
2026-02-03 08:40:19,541 [INFO] OpenFileManager:355 - Change cursor
2026-02-03 08:40:19,580 [INFO] Mcu:2029 - Initializing MCU STM32F407V(E-G)Tx STM32F407VGTx STM32F407VGT6
2026-02-03 08:40:20,758 [INFO] Context:786 - Trying to add GPIOservice into a context  which must be forbidden
2026-02-03 08:40:21,349 [INFO] ImportTextPane:234 - (OptionalMessage_ERROR) Pin19 (VP_RIF_VS_RIF1) cannot be retrieved for this MCU
2026-02-03 08:40:21,479 [INFO] RtosManager:558 - Registered RTOS mode: class=CMSIS, group=RTOS, mode=CMSIS_V1, owner=FREERTOS
2026-02-03 08:40:21,479 [INFO] RtosManager:558 - Registered RTOS mode: class=CMSIS, group=RTOS2, mode=CMSIS_V2, owner=FREERTOS
2026-02-03 08:40:21,479 [INFO] RtosManager:558 - Registered RTOS mode: class=RTOS, group=Core, mode=CMSIS_V1, owner=FREERTOS
2026-02-03 08:40:21,479 [INFO] RtosManager:558 - Registered RTOS mode: class=RTOS, group=Core, mode=CMSIS_V2, owner=FREERTOS
2026-02-03 08:40:21,479 [WARN] ModelIntegratedComponent:184 - Missing modes for component STMicroelectronics:FreeRTOS:0.0.1:STMicroelectronics:RTOS:FreeRTOS:Core:::10.2.0:
2026-02-03 08:40:21,486 [WARN] ModelIntegratedComponent:63 - No mode defined for component null
2026-02-03 08:40:21,486 [WARN] ModelIntegratedComponent:63 - No mode defined for component null
2026-02-03 08:40:21,486 [WARN] ModelIntegratedComponent:63 - No mode defined for component null
2026-02-03 08:40:21,486 [WARN] ModelIntegratedComponent:63 - No mode defined for component null
2026-02-03 08:40:21,486 [WARN] ModelIntegratedComponent:63 - No mode defined for component null
2026-02-03 08:40:21,486 [WARN] ModelIntegratedComponent:63 - No mode defined for component null
2026-02-03 08:40:21,486 [WARN] ModelIntegratedComponent:63 - No mode defined for component null
2026-02-03 08:40:21,486 [WARN] ModelIntegratedComponent:63 - No mode defined for component null
2026-02-03 08:40:21,486 [WARN] ModelIntegratedComponent:63 - No mode defined for component null
2026-02-03 08:40:21,486 [WARN] ModelIntegratedComponent:63 - No mode defined for component null
2026-02-03 08:40:21,486 [WARN] ModelIntegratedComponent:63 - No mode defined for component null
2026-02-03 08:40:21,487 [WARN] ModelIntegratedComponent:63 - No mode defined for component null
2026-02-03 08:40:21,487 [WARN] ModelIntegratedComponent:63 - No mode defined for component null
2026-02-03 08:40:21,487 [WARN] ModelIntegratedComponent:63 - No mode defined for component null
2026-02-03 08:40:21,487 [WARN] ModelIntegratedComponent:63 - No mode defined for component null
2026-02-03 08:40:21,487 [WARN] ModelIntegratedComponent:63 - No mode defined for component null
2026-02-03 08:40:21,487 [WARN] ModelIntegratedComponent:63 - No mode defined for component null
2026-02-03 08:40:21,487 [WARN] ModelIntegratedComponent:63 - No mode defined for component null
2026-02-03 08:40:21,487 [WARN] ModelIntegratedComponent:63 - No mode defined for component null
2026-02-03 08:40:21,487 [WARN] ModelIntegratedComponent:63 - No mode defined for component null
2026-02-03 08:40:21,487 [WARN] ModelIntegratedComponent:63 - No mode defined for component null
2026-02-03 08:40:21,487 [WARN] ModelIntegratedComponent:63 - No mode defined for component null
2026-02-03 08:40:21,487 [WARN] ModelIntegratedComponent:63 - No mode defined for component null
2026-02-03 08:40:21,487 [WARN] ModelIntegratedComponent:63 - No mode defined for component null
2026-02-03 08:40:21,487 [WARN] ModelIntegratedComponent:63 - No mode defined for component null
2026-02-03 08:40:21,487 [WARN] ModelIntegratedComponent:63 - No mode defined for component null
2026-02-03 08:40:21,487 [WARN] ModelIntegratedComponent:63 - No mode defined for component null
2026-02-03 08:40:21,487 [WARN] ModelIntegratedComponent:63 - No mode defined for component null
2026-02-03 08:40:21,487 [WARN] ModelIntegratedComponent:63 - No mode defined for component null
2026-02-03 08:40:21,488 [WARN] ModelIntegratedComponent:63 - No mode defined for component null
2026-02-03 08:40:21,488 [WARN] ModelIntegratedComponent:63 - No mode defined for component null
2026-02-03 08:40:21,488 [WARN] ModelIntegratedComponent:63 - No mode defined for component null
2026-02-03 08:40:21,488 [WARN] ModelIntegratedComponent:63 - No mode defined for component null
2026-02-03 08:40:21,488 [WARN] ModelIntegratedComponent:63 - No mode defined for component null
2026-02-03 08:40:21,488 [WARN] ModelIntegratedComponent:63 - No mode defined for component null
2026-02-03 08:40:21,488 [WARN] ModelPack:524 - Component already loaded: STMicroelectronics:HAL Drivers:0.0.0:STMicroelectronics:Device:STMicro_Driver:XSPI:HAL::0.0.1:HAL_XSPI
2026-02-03 08:40:21,561 [INFO] ThirdPartyModel:298 - Start build external matchings
2026-02-03 08:40:21,983 [INFO] ThirdPartyModel:316 - End build external matchings
2026-02-03 08:40:22,017 [INFO] ImportTextPane:234 - (OptionalMessage_ERROR) IP (RCC) : Parameter (RTCHSEDivFreq_Value) has invalid value (4000000)
2026-02-03 08:40:22,175 [INFO] UtilMem:75 - End LoadConfig() Used Memory: 953475072 Bytes (1073741824)
2026-02-03 08:40:22,185 [WARN] ThirdParty:833 - waiting for thirdparty lock release [change project]
2026-02-03 08:40:22,186 [INFO] ThirdParty:835 - entering critical section [change project]
2026-02-03 08:40:22,186 [INFO] ThirdParty:1030 - CMSIS Pack Vendor :STMicroelectronics X-CUBE-PM33A1 1.0.0
2026-02-03 08:40:22,186 [INFO] ThirdParty:1030 - CMSIS Pack Vendor :STMicroelectronics USBPD 4.1
2026-02-03 08:40:22,186 [INFO] ThirdParty:1030 - CMSIS Pack Vendor :STMicroelectronics X-CUBE-NFC9 1.0.0
2026-02-03 08:40:22,186 [INFO] ThirdParty:1030 - CMSIS Pack Vendor :STMicroelectronics USB_HOST 2.0.0
2026-02-03 08:40:22,186 [INFO] ThirdParty:1030 - CMSIS Pack Vendor :STMicroelectronics FP-SNS-MOTENVWB1 1.4.0
2026-02-03 08:40:22,186 [INFO] ThirdParty:1030 - CMSIS Pack Vendor :STMicroelectronics X-CUBE-AZRTOS-F4 1.1.0
2026-02-03 08:40:22,187 [INFO] ThirdParty:1030 - CMSIS Pack Vendor :STMicroelectronics LIBJPEG 8.0.0
2026-02-03 08:40:22,187 [INFO] ThirdParty:1030 - CMSIS Pack Vendor :STMicroelectronics FP-ATR-ASTRA1 2.0.2
2026-02-03 08:40:22,187 [INFO] ThirdParty:1030 - CMSIS Pack Vendor :STMicroelectronics X-CUBE-BLE1 7.1.0
2026-02-03 08:40:22,187 [INFO] ThirdParty:1030 - CMSIS Pack Vendor :Avnet-IotConnect X-CUBE-IoTC-DA16k-PMOD 1.0.0
2026-02-03 08:40:22,187 [INFO] ThirdParty:1030 - CMSIS Pack Vendor :STMicroelectronics X-CUBE-SMBUS 2.1.0
2026-02-03 08:40:22,187 [INFO] ThirdParty:1030 - CMSIS Pack Vendor :wolfSSL I-CUBE-wolfMQTT 1.19.2
2026-02-03 08:40:22,187 [INFO] ThirdParty:1030 - CMSIS Pack Vendor :STMicroelectronics USB_DEVICE 3.0.0
2026-02-03 08:40:22,187 [INFO] ThirdParty:1030 - CMSIS Pack Vendor :STMicroelectronics X-CUBE-ISPU 2.1.0
2026-02-03 08:40:22,188 [INFO] ThirdParty:1030 - CMSIS Pack Vendor :STMicroelectronics X-CUBE-FREERTOS 1.4.0
2026-02-03 08:40:22,188 [INFO] ThirdParty:1030 - CMSIS Pack Vendor :STMicroelectronics X-CUBE-IPS 3.2.0
2026-02-03 08:40:22,188 [INFO] ThirdParty:1030 - CMSIS Pack Vendor :STMicroelectronics X-CUBE-AZRTOS-WB 2.0.0
2026-02-03 08:40:22,188 [INFO] ThirdParty:1030 - CMSIS Pack Vendor :STMicroelectronics X-CUBE-ST60 1.0.0
2026-02-03 08:40:22,189 [INFO] ThirdParty:1030 - CMSIS Pack Vendor :STMicroelectronics X-CUBE-GNSS1 7.0.1
2026-02-03 08:40:22,189 [INFO] ThirdParty:1030 - CMSIS Pack Vendor :STMicroelectronics X-CUBE-AZRTOS-F7 1.1.0
2026-02-03 08:40:22,189 [INFO] ThirdParty:1030 - CMSIS Pack Vendor :STMicroelectronics X-CUBE-AZRTOS-L5 2.0.0
2026-02-03 08:40:22,189 [INFO] ThirdParty:1030 - CMSIS Pack Vendor :STMicroelectronics X-CUBE-TOUCHGFX 4.25.0
2026-02-03 08:40:22,189 [INFO] ThirdParty:1030 - CMSIS Pack Vendor :STMicroelectronics USB_DEVICE 2.0.0
2026-02-03 08:40:22,189 [INFO] ThirdParty:1030 - CMSIS Pack Vendor :STMicroelectronics X-CUBE-NFC6 3.1.0
2026-02-03 08:40:22,189 [INFO] ThirdParty:1030 - CMSIS Pack Vendor :STMicroelectronics X-CUBE-ST67W61 1.1.0
2026-02-03 08:40:22,189 [INFO] ThirdParty:1030 - CMSIS Pack Vendor :Cesanta I-CUBE-Mongoose 7.19.0
2026-02-03 08:40:22,189 [INFO] ThirdParty:1030 - CMSIS Pack Vendor :quantropi X-CUBE-qispace-sdk-base 2.1.0
2026-02-03 08:40:22,189 [INFO] ThirdParty:1030 - CMSIS Pack Vendor :STMicroelectronics X-CUBE-MEMS1 12.0.0
2026-02-03 08:40:22,189 [INFO] ThirdParty:1030 - CMSIS Pack Vendor :STMicroelectronics X-CUBE-STSE01 2.0.0
2026-02-03 08:40:22,189 [INFO] ThirdParty:1030 - CMSIS Pack Vendor :STMicroelectronics FP-SNS-MOTENV1 5.1.0
2026-02-03 08:40:22,190 [INFO] ThirdParty:1030 - CMSIS Pack Vendor :STMicroelectronics FreeRTOS 0.0.1
2026-02-03 08:40:22,190 [INFO] ThirdParty:1030 - CMSIS Pack Vendor :STMicroelectronics X-CUBE-AZRTOS-G0 1.1.0
2026-02-03 08:40:22,190 [INFO] ThirdParty:1030 - CMSIS Pack Vendor :STMicroelectronics X-CUBE-SAFEA1 1.2.2
2026-02-03 08:40:22,190 [INFO] ThirdParty:1030 - CMSIS Pack Vendor :STMicroelectronics X-CUBE-NFC4 3.0.0
2026-02-03 08:40:22,190 [INFO] ThirdParty:1030 - CMSIS Pack Vendor :STMicroelectronics X-CUBE-SUBG2 5.0.0
2026-02-03 08:40:22,190 [INFO] ThirdParty:1030 - CMSIS Pack Vendor :STMicroelectronics X-CUBE-AZRTOS-H7RS 1.1.0
2026-02-03 08:40:22,190 [INFO] ThirdParty:1030 - CMSIS Pack Vendor :STMicroelectronics STM32_WPAN 1.0.0
2026-02-03 08:40:22,190 [INFO] ThirdParty:1030 - CMSIS Pack Vendor :EmbeddedOffice I-CUBE-FS-RTOS 1.0.1
2026-02-03 08:40:22,190 [INFO] ThirdParty:1030 - CMSIS Pack Vendor :STMicroelectronics lwIP 2.0.3
2026-02-03 08:40:22,190 [INFO] ThirdParty:1030 - CMSIS Pack Vendor :WES I-CUBE-Cesium 1.4.0
2026-02-03 08:40:22,190 [INFO] ThirdParty:1030 - CMSIS Pack Vendor :STMicroelectronics USB_HOST 1.0.0
2026-02-03 08:40:22,190 [INFO] ThirdParty:1030 - CMSIS Pack Vendor :Infineon AIROC-Wi-Fi-Bluetooth-STM32 1.7.1
2026-02-03 08:40:22,190 [INFO] ThirdParty:1030 - CMSIS Pack Vendor :STMicroelectronics X-CUBE-AZRTOS-G4 2.0.0
2026-02-03 08:40:22,190 [INFO] ThirdParty:1030 - CMSIS Pack Vendor :STMicroelectronics X-CUBE-WB05N 2.0.0
2026-02-03 08:40:22,190 [INFO] ThirdParty:1030 - CMSIS Pack Vendor :STMicroelectronics PDM2PCM 3.1.0
2026-02-03 08:40:22,191 [INFO] ThirdParty:1030 - CMSIS Pack Vendor :STMicroelectronics PDM2PCM 3.3.0
2026-02-03 08:40:22,191 [INFO] ThirdParty:1030 - CMSIS Pack Vendor :wolfSSL I-CUBE-wolfTPM 3.8.0
2026-02-03 08:40:22,191 [INFO] ThirdParty:1030 - CMSIS Pack Vendor :STMicroelectronics X-CUBE-DISPLAY 3.0.0
2026-02-03 08:40:22,191 [INFO] ThirdParty:1030 - CMSIS Pack Vendor :wolfSSL I-CUBE-wolfSSH 1.4.20
2026-02-03 08:40:22,191 [INFO] ThirdParty:1030 - CMSIS Pack Vendor :STMicroelectronics X-CUBE-NFC7 2.0.0
2026-02-03 08:40:22,191 [INFO] ThirdParty:1030 - CMSIS Pack Vendor :STMicroelectronics X-CUBE-TCPP 4.2.0
2026-02-03 08:40:22,191 [INFO] ThirdParty:1030 - CMSIS Pack Vendor :RealThread X-CUBE-RT-Thread_Nano 4.1.1
2026-02-03 08:40:22,191 [INFO] ThirdParty:1030 - CMSIS Pack Vendor :STMicroelectronics FP-ATR-SIGFOX1 3.2.0
2026-02-03 08:40:22,191 [INFO] ThirdParty:1030 - CMSIS Pack Vendor :STMicroelectronics X-CUBE-NFC10 1.0.0
2026-02-03 08:40:22,191 [INFO] ThirdParty:1030 - CMSIS Pack Vendor :STMicroelectronics X-CUBE-FREERTOS 1.3.1
2026-02-03 08:40:22,191 [INFO] ThirdParty:1030 - CMSIS Pack Vendor :STMicroelectronics HAL Drivers 0.0.0
2026-02-03 08:40:22,191 [INFO] ThirdParty:1030 - CMSIS Pack Vendor :STMicroelectronics MBEDTLS 2.16.2
2026-02-03 08:40:22,191 [INFO] ThirdParty:1030 - CMSIS Pack Vendor :STMicroelectronics X-CUBE-ST60 1.1.0
2026-02-03 08:40:22,191 [INFO] ThirdParty:1030 - CMSIS Pack Vendor :STMicroelectronics X-CUBE-IPS 3.1.0
2026-02-03 08:40:22,191 [INFO] ThirdParty:1030 - CMSIS Pack Vendor :STMicroelectronics X-CUBE-ALS 1.0.2
2026-02-03 08:40:22,192 [INFO] ThirdParty:1030 - CMSIS Pack Vendor :emotas I-CUBE-CANOPEN 1.3.0
2026-02-03 08:40:22,192 [INFO] ThirdParty:1030 - CMSIS Pack Vendor :STMicroelectronics MBEDTLS 2.14.1
2026-02-03 08:40:22,192 [INFO] ThirdParty:1030 - CMSIS Pack Vendor :STMicroelectronics X-CUBE-GNSS1 7.1.0
2026-02-03 08:40:22,192 [INFO] ThirdParty:1030 - CMSIS Pack Vendor :ITTIA_DB I-CUBE-ITTIADB 8.9.0
2026-02-03 08:40:22,192 [INFO] ThirdParty:1030 - CMSIS Pack Vendor :STMicroelectronics X-CUBE-TOUCHGFX 4.26.0
2026-02-03 08:40:22,192 [INFO] ThirdParty:1030 - CMSIS Pack Vendor :STMicroelectronics X-CUBE-STSE01 1.0.0
2026-02-03 08:40:22,192 [INFO] ThirdParty:1030 - CMSIS Pack Vendor :STMicroelectronics X-CUBE-NFC6 3.2.0
2026-02-03 08:40:22,192 [INFO] ThirdParty:1030 - CMSIS Pack Vendor :STMicroelectronics X-CUBE-ST67W61 1.0.0
2026-02-03 08:40:22,192 [INFO] ThirdParty:1030 - CMSIS Pack Vendor :STMicroelectronics ThreadX 1.0.0
2026-02-03 08:40:22,192 [INFO] ThirdParty:1030 - CMSIS Pack Vendor :STMicroelectronics FP-SNS-SMARTAG2 1.2.0
2026-02-03 08:40:22,192 [INFO] ThirdParty:1030 - CMSIS Pack Vendor :STMicroelectronics FP-SNS-FLIGHT1 5.1.0
2026-02-03 08:40:22,192 [INFO] ThirdParty:1030 - CMSIS Pack Vendor :STMicroelectronics X-CUBE-AZRTOS-WL 2.0.0
2026-02-03 08:40:22,192 [INFO] ThirdParty:1030 - CMSIS Pack Vendor :SEGGER I-CUBE-embOS 1.3.1
2026-02-03 08:40:22,192 [INFO] ThirdParty:1030 - CMSIS Pack Vendor :STMicroelectronics X-CUBE-ALGOBUILD 1.4.0
2026-02-03 08:40:22,193 [INFO] ThirdParty:1030 - CMSIS Pack Vendor :STMicroelectronics X-CUBE-DPower 1.3.0
2026-02-03 08:40:22,193 [INFO] ThirdParty:1030 - CMSIS Pack Vendor :STMicroelectronics X-CUBE-MEMS1 11.3.0
2026-02-03 08:40:22,193 [INFO] ThirdParty:1030 - CMSIS Pack Vendor :STMicroelectronics FP-SNS-MOTENV1 5.0.0
2026-02-03 08:40:22,193 [INFO] ThirdParty:1030 - CMSIS Pack Vendor :STMicroelectronics USB_DEVICE 1.0.0
2026-02-03 08:40:22,193 [INFO] ThirdParty:1030 - CMSIS Pack Vendor :STMicroelectronics X-CUBE-AZRTOS-H7RS 1.2.0
2026-02-03 08:40:22,193 [INFO] ThirdParty:1030 - CMSIS Pack Vendor :STMicroelectronics X-CUBE-AZRTOS-L4 2.0.0
2026-02-03 08:40:22,193 [INFO] ThirdParty:1030 - CMSIS Pack Vendor :STMicroelectronics ThreadX 0.0.2
2026-02-03 08:40:22,193 [INFO] ThirdParty:1030 - CMSIS Pack Vendor :STMicroelectronics lwIP 2.1.2
2026-02-03 08:40:22,193 [INFO] ThirdParty:1030 - CMSIS Pack Vendor :STMicroelectronics X-CUBE-SFXS2LP1 4.0.0
2026-02-03 08:40:22,193 [INFO] ThirdParty:1030 - CMSIS Pack Vendor :STMicroelectronics X-CUBE-BLE2 3.3.0
2026-02-03 08:40:22,193 [INFO] ThirdParty:1030 - CMSIS Pack Vendor :Avnet-IOTCONNECT X-CUBE-iotc-st67-sdk 1.0.0
2026-02-03 08:40:22,193 [INFO] ThirdParty:1030 - CMSIS Pack Vendor :STMicroelectronics X-CUBE-TOF1 3.4.3
2026-02-03 08:40:22,193 [INFO] ThirdParty:1030 - CMSIS Pack Vendor :STMicroelectronics PDM2PCM 3.2.0
2026-02-03 08:40:22,193 [INFO] ThirdParty:1030 - CMSIS Pack Vendor :STMicroelectronics X-CUBE-ST67W61 1.2.0
2026-02-03 08:40:22,194 [INFO] ThirdParty:841 - exiting critical section [change project]
2026-02-03 08:40:22,585 [INFO] PinOutPanel:1589 - setPackage(No Configuration,No Configuration)
2026-02-03 08:40:22,586 [INFO] PinOutPanel:1589 - setPackage(STM32F407VGTx,LQFP100)
2026-02-03 08:40:22,898 [INFO] UtilMem:75 - Before build in PCC Used Memory: 738710432 Bytes (1073741824)
2026-02-03 08:40:23,133 [INFO] UtilMem:75 - After build in PCC Used Memory: 785896352 Bytes (1073741824)
2026-02-03 08:40:23,155 [INFO] IPUIPlugin:80 - create IPUIPlugin
2026-02-03 08:40:23,155 [INFO] IPUIPlugin:80 - create IPUIPlugin
2026-02-03 08:40:23,155 [INFO] IPUIPlugin:80 - create IPUIPlugin
2026-02-03 08:40:23,155 [INFO] IPUIPlugin:80 - create IPUIPlugin
2026-02-03 08:40:23,156 [INFO] IPUIPlugin:80 - create IPUIPlugin
2026-02-03 08:40:23,156 [INFO] IPUIPlugin:80 - create IPUIPlugin
2026-02-03 08:40:23,156 [INFO] IPUIPlugin:80 - create IPUIPlugin
2026-02-03 08:40:23,156 [INFO] IPUIPlugin:80 - create IPUIPlugin
2026-02-03 08:40:23,157 [INFO] IPUIPlugin:80 - create IPUIPlugin
2026-02-03 08:40:23,157 [INFO] IPUIPlugin:80 - create IPUIPlugin
2026-02-03 08:40:23,157 [INFO] IPUIPlugin:80 - create IPUIPlugin
2026-02-03 08:40:23,157 [INFO] IPUIPlugin:80 - create IPUIPlugin
2026-02-03 08:40:23,157 [INFO] IPUIPlugin:80 - create IPUIPlugin
2026-02-03 08:40:23,158 [INFO] IPUIPlugin:80 - create IPUIPlugin
2026-02-03 08:40:23,158 [INFO] IPUIPlugin:80 - create IPUIPlugin
2026-02-03 08:40:23,158 [INFO] IPUIPlugin:80 - create IPUIPlugin
2026-02-03 08:40:23,158 [INFO] IPUIPlugin:80 - create IPUIPlugin
2026-02-03 08:40:23,158 [INFO] IPUIPlugin:80 - create IPUIPlugin
2026-02-03 08:40:23,158 [INFO] IPUIPlugin:80 - create IPUIPlugin
2026-02-03 08:40:23,158 [INFO] IPUIPlugin:80 - create IPUIPlugin
2026-02-03 08:40:23,159 [INFO] IPUIPlugin:80 - create IPUIPlugin
2026-02-03 08:40:23,159 [INFO] IPUIPlugin:80 - create IPUIPlugin
2026-02-03 08:40:23,159 [INFO] IPUIPlugin:80 - create IPUIPlugin
2026-02-03 08:40:23,159 [INFO] IPUIPlugin:80 - create IPUIPlugin
2026-02-03 08:40:23,159 [INFO] IPUIPlugin:80 - create IPUIPlugin
2026-02-03 08:40:23,159 [INFO] IPUIPlugin:80 - create IPUIPlugin
2026-02-03 08:40:23,159 [INFO] IPUIPlugin:80 - create IPUIPlugin
2026-02-03 08:40:23,160 [INFO] IPUIPlugin:80 - create IPUIPlugin
2026-02-03 08:40:23,160 [INFO] IPUIPlugin:80 - create IPUIPlugin
2026-02-03 08:40:23,160 [INFO] IPUIPlugin:80 - create IPUIPlugin
2026-02-03 08:40:23,160 [INFO] IPUIPlugin:80 - create IPUIPlugin
2026-02-03 08:40:23,160 [INFO] IPUIPlugin:80 - create IPUIPlugin
2026-02-03 08:40:23,160 [INFO] IPUIPlugin:80 - create IPUIPlugin
2026-02-03 08:40:23,161 [INFO] IPUIPlugin:80 - create IPUIPlugin
2026-02-03 08:40:23,161 [INFO] IPUIPlugin:80 - create IPUIPlugin
2026-02-03 08:40:23,161 [INFO] IPUIPlugin:80 - create IPUIPlugin
2026-02-03 08:40:23,161 [INFO] IPUIPlugin:80 - create IPUIPlugin
2026-02-03 08:40:23,161 [INFO] IPUIPlugin:80 - create IPUIPlugin
2026-02-03 08:40:23,161 [INFO] IPUIPlugin:80 - create IPUIPlugin
2026-02-03 08:40:23,161 [INFO] IPUIPlugin:80 - create IPUIPlugin
2026-02-03 08:40:23,162 [INFO] IPUIPlugin:80 - create IPUIPlugin
2026-02-03 08:40:23,162 [INFO] IPUIPlugin:80 - create IPUIPlugin
2026-02-03 08:40:23,162 [INFO] IPUIPlugin:80 - create IPUIPlugin
2026-02-03 08:40:23,162 [INFO] IPUIPlugin:80 - create IPUIPlugin
2026-02-03 08:40:23,163 [INFO] IPUIPlugin:80 - create IPUIPlugin
2026-02-03 08:40:23,163 [INFO] IPUIPlugin:80 - create IPUIPlugin
2026-02-03 08:40:23,163 [INFO] IPUIPlugin:80 - create IPUIPlugin
2026-02-03 08:40:23,163 [INFO] IPUIPlugin:80 - create IPUIPlugin
2026-02-03 08:40:23,164 [INFO] IPUIPlugin:80 - create IPUIPlugin
2026-02-03 08:40:23,164 [INFO] IPUIPlugin:80 - create IPUIPlugin
2026-02-03 08:40:23,165 [INFO] IPUIPlugin:80 - create IPUIPlugin
2026-02-03 08:40:23,165 [INFO] IPUIPlugin:80 - create IPUIPlugin
2026-02-03 08:40:23,165 [INFO] IPUIPlugin:80 - create IPUIPlugin
2026-02-03 08:40:23,166 [INFO] IPUIPlugin:80 - create IPUIPlugin
2026-02-03 08:40:23,166 [INFO] IPUIPlugin:80 - create IPUIPlugin
2026-02-03 08:40:23,167 [INFO] IPUIPlugin:80 - create IPUIPlugin
2026-02-03 08:40:23,167 [INFO] IPUIPlugin:80 - create IPUIPlugin
2026-02-03 08:40:23,168 [INFO] IPUIPlugin:80 - create IPUIPlugin
2026-02-03 08:40:23,171 [INFO] ApiDbMcu:532 - Load IP Config File for PDM2PCM
2026-02-03 08:40:23,174 [INFO] Can:71 - Can Add PropertyChangeListener com.st.microxplorer.plugins.ip.can.Can@1f3b6511
2026-02-03 08:40:23,262 [INFO] CADModel:165 - CPN selected for project levelSTM32F407VGT6
2026-02-03 08:40:23,262 [INFO] CADModel:114 - Register for checkConnection events
2026-02-03 08:40:23,303 [INFO] OpenFileManager:386 - Restore cursor
2026-02-03 08:55:37,859 [INFO] MainUpdater:2872 - connection check result : 10
2026-02-03 08:55:37,860 [INFO] MainUpdater:2872 - connection check result : 10
2026-02-03 08:55:37,926 [INFO] MicroXplorer:468 - Change Database Path : 
2026-02-03 08:55:37,926 [INFO] MicroXplorer:498 - Change Database Version : DB.6.0.150
2026-02-03 08:55:37,944 [ERROR] ProjectManagerView:395 - 
java.lang.NullPointerException: Cannot invoke "javax.swing.JTextField.getText()" because the return value of "java.util.List.get(int)" is null
	at com.st.microxplorer.plugins.projectmanager.gui.ProjectChoiceTab$9.caretUpdate(ProjectChoiceTab.java:2706) ~[filemanager.jar:?]
	at javax.swing.text.JTextComponent.fireCaretUpdate(JTextComponent.java:408) ~[?:?]
	at javax.swing.text.JTextComponent$MutableCaretEvent.fire(JTextComponent.java:4484) ~[?:?]
	at javax.swing.text.JTextComponent$MutableCaretEvent.stateChanged(JTextComponent.java:4506) ~[?:?]
	at javax.swing.text.DefaultCaret.fireStateChanged(DefaultCaret.java:857) ~[?:?]
	at javax.swing.text.DefaultCaret.changeCaretPosition(DefaultCaret.java:1343) ~[?:?]
	at javax.swing.text.DefaultCaret.handleSetDot(DefaultCaret.java:1242) ~[?:?]
	at javax.swing.text.DefaultCaret.setDot(DefaultCaret.java:1223) ~[?:?]
	at javax.swing.text.DefaultCaret$Handler.insertUpdate(DefaultCaret.java:1819) ~[?:?]
	at javax.swing.text.AbstractDocument.fireInsertUpdate(AbstractDocument.java:227) ~[?:?]
	at javax.swing.text.AbstractDocument.handleInsertString(AbstractDocument.java:781) ~[?:?]
	at javax.swing.text.AbstractDocument.insertString(AbstractDocument.java:740) ~[?:?]
	at javax.swing.text.PlainDocument.insertString(PlainDocument.java:131) ~[?:?]
	at javax.swing.text.AbstractDocument.replace(AbstractDocument.java:699) ~[?:?]
	at javax.swing.text.JTextComponent.setText(JTextComponent.java:1725) ~[?:?]
	at com.st.microxplorer.plugins.projectmanager.gui.ProjectChoiceTab.createHeapStackFields(ProjectChoiceTab.java:993) ~[filemanager.jar:?]
	at com.st.microxplorer.plugins.projectmanager.gui.ProjectChoiceTab.buildLinkSettingsPanel(ProjectChoiceTab.java:3813) ~[filemanager.jar:?]
	at com.st.microxplorer.plugins.projectmanager.gui.ProjectChoiceTab.defineWindowsFields(ProjectChoiceTab.java:1987) ~[filemanager.jar:?]
	at com.st.microxplorer.plugins.projectmanager.gui.ProjectChoiceTab.updateSettings(ProjectChoiceTab.java:558) ~[filemanager.jar:?]
	at com.st.microxplorer.plugins.projectmanager.gui.ProjectSettingsPanel.UpdateDialog(ProjectSettingsPanel.java:247) ~[filemanager.jar:?]
	at com.st.microxplorer.plugins.projectmanager.ProjectManagerView.propertyChange(ProjectManagerView.java:392) ~[filemanager.jar:?]
	at java.beans.PropertyChangeSupport.fire(PropertyChangeSupport.java:343) ~[?:?]
	at java.beans.PropertyChangeSupport.firePropertyChange(PropertyChangeSupport.java:335) ~[?:?]
	at java.beans.PropertyChangeSupport.firePropertyChange(PropertyChangeSupport.java:268) ~[?:?]
	at com.st.microxplorer.util.MXPropertyChangeSupport.firePropertyChange(MXPropertyChangeSupport.java:54) ~[STM32CubeMX.jar:?]
	at com.st.microxplorer.mxsystem.MxSystem.closeConfig(MxSystem.java:899) ~[STM32CubeMX.jar:?]
	at com.st.microxplorer.maingui.MainPanel.closeConfig(MainPanel.java:792) ~[STM32CubeMX.jar:?]
	at com.st.microxplorer.plugins.filemanager.engine.OpenFileManager.loadConfigurationFile(OpenFileManager.java:288) ~[filemanager.jar:?]
	at com.st.microxplorer.plugins.filemanager.engine.MainFileManager.userLoadConfig(MainFileManager.java:364) ~[filemanager.jar:?]
	at com.st.microxplorer.plugins.filemanager.engine.MainFileManager.userLoadConfig(MainFileManager.java:342) ~[filemanager.jar:?]
	at com.st.microxplorer.plugins.filemanager.FileManagerView.getSpecificTask(FileManagerView.java:264) ~[filemanager.jar:?]
	at com.st.stm32cube.common.mx.editor.CubeMxEditor.getMxTabbedPaneInstance(CubeMxEditor.java:1198) ~[com.st.stm32cube.common.mx_6.15.0.202507011659/:?]
	at com.st.stm32cube.common.mx.editor.CubeMxEditor$12$1.createSwingComponent(CubeMxEditor.java:1068) ~[com.st.stm32cube.common.mx_6.15.0.202507011659/:?]
	at com.st.stm32cube.common.mx.oss.core.awtswtbridge.EmbeddedSwingComposite.doComponentCreation(EmbeddedSwingComposite.java:492) ~[com.st.stm32cube.common.mx.oss_6.15.0.202507011659/:?]
	at com.st.stm32cube.common.mx.oss.core.awtswtbridge.EmbeddedSwingComposite$4.run(EmbeddedSwingComposite.java:291) ~[com.st.stm32cube.common.mx.oss_6.15.0.202507011659/:?]
	at com.st.stm32cube.common.mx.oss.core.awtswtbridge.AwtEnvironment$2.run(AwtEnvironment.java:166) ~[com.st.stm32cube.common.mx.oss_6.15.0.202507011659/:?]
	at java.awt.event.InvocationEvent.dispatch(InvocationEvent.java:318) ~[?:?]
	at java.awt.EventQueue.dispatchEventImpl(EventQueue.java:773) ~[?:?]
	at java.awt.EventQueue$4.run(EventQueue.java:720) ~[?:?]
	at java.awt.EventQueue$4.run(EventQueue.java:714) ~[?:?]
	at java.security.AccessController.doPrivileged(AccessController.java:400) ~[?:?]
	at java.security.ProtectionDomain$JavaSecurityAccessImpl.doIntersectionPrivilege(ProtectionDomain.java:87) ~[?:?]
	at java.awt.EventQueue.dispatchEvent(EventQueue.java:742) ~[?:?]
	at java.awt.EventDispatchThread.pumpOneEventForFilters(EventDispatchThread.java:203) ~[?:?]
	at java.awt.EventDispatchThread.pumpEventsForFilter(EventDispatchThread.java:124) ~[?:?]
	at java.awt.EventDispatchThread.pumpEventsForHierarchy(EventDispatchThread.java:113) ~[?:?]
	at java.awt.EventDispatchThread.pumpEvents(EventDispatchThread.java:109) ~[?:?]
	at java.awt.EventDispatchThread.pumpEvents(EventDispatchThread.java:101) ~[?:?]
	at java.awt.EventDispatchThread.run(EventDispatchThread.java:90) ~[?:?]
2026-02-03 08:55:37,945 [WARN] ThirdParty:871 - waiting for thirdparty lock release [close project]
2026-02-03 08:55:37,945 [INFO] ThirdParty:873 - entering critical section [close project]
2026-02-03 08:55:37,945 [INFO] ThirdParty:883 - exiting critical section [close project]
2026-02-03 08:55:37,947 [INFO] PinOutPanel:1589 - setPackage(No Configuration,No Configuration)
2026-02-03 08:55:37,954 [WARN] IpParametersView:155 - Warning: This peripheral hasn't parameters
2026-02-03 08:55:37,959 [WARN] MainPanel:289 - <html><b><center>Warning: This peripheral has no parameters to be configured<br></b></html>
2026-02-03 08:55:37,963 [INFO] UtilMem:75 - Begin LoadConfig() Used Memory: 592554704 Bytes (972029952)
2026-02-03 08:55:37,967 [INFO] MicroXplorer:468 - Change Database Path : /home/krushna/.stm32cubemx/databases/DB.6.0.130/db/
2026-02-03 08:55:37,967 [INFO] MicroXplorer:498 - Change Database Version : DB.6.0.130
2026-02-03 08:55:39,761 [INFO] OpenFileManager:355 - Change cursor
2026-02-03 08:55:39,773 [INFO] Mcu:2029 - Initializing MCU STM32F407V(E-G)Tx STM32F407VGTx STM32F407VGT6
2026-02-03 08:55:40,814 [INFO] Context:786 - Trying to add GPIOservice into a context  which must be forbidden
2026-02-03 08:55:41,414 [INFO] ImportTextPane:234 - (OptionalMessage_ERROR) Pin15 (VP_RIF_VS_RIF1) cannot be retrieved for this MCU
2026-02-03 08:55:41,529 [INFO] RtosManager:558 - Registered RTOS mode: class=CMSIS, group=RTOS, mode=CMSIS_V1, owner=FREERTOS
2026-02-03 08:55:41,529 [INFO] RtosManager:558 - Registered RTOS mode: class=CMSIS, group=RTOS2, mode=CMSIS_V2, owner=FREERTOS
2026-02-03 08:55:41,529 [INFO] RtosManager:558 - Registered RTOS mode: class=RTOS, group=Core, mode=CMSIS_V1, owner=FREERTOS
2026-02-03 08:55:41,529 [INFO] RtosManager:558 - Registered RTOS mode: class=RTOS, group=Core, mode=CMSIS_V2, owner=FREERTOS
2026-02-03 08:55:41,529 [WARN] ModelIntegratedComponent:184 - Missing modes for component STMicroelectronics:FreeRTOS:0.0.1:STMicroelectronics:RTOS:FreeRTOS:Core:::10.2.0:
2026-02-03 08:55:41,536 [WARN] ModelIntegratedComponent:63 - No mode defined for component null
2026-02-03 08:55:41,536 [WARN] ModelIntegratedComponent:63 - No mode defined for component null
2026-02-03 08:55:41,536 [WARN] ModelIntegratedComponent:63 - No mode defined for component null
2026-02-03 08:55:41,536 [WARN] ModelIntegratedComponent:63 - No mode defined for component null
2026-02-03 08:55:41,536 [WARN] ModelIntegratedComponent:63 - No mode defined for component null
2026-02-03 08:55:41,536 [WARN] ModelIntegratedComponent:63 - No mode defined for component null
2026-02-03 08:55:41,536 [WARN] ModelIntegratedComponent:63 - No mode defined for component null
2026-02-03 08:55:41,536 [WARN] ModelIntegratedComponent:63 - No mode defined for component null
2026-02-03 08:55:41,536 [WARN] ModelIntegratedComponent:63 - No mode defined for component null
2026-02-03 08:55:41,536 [WARN] ModelIntegratedComponent:63 - No mode defined for component null
2026-02-03 08:55:41,536 [WARN] ModelIntegratedComponent:63 - No mode defined for component null
2026-02-03 08:55:41,536 [WARN] ModelIntegratedComponent:63 - No mode defined for component null
2026-02-03 08:55:41,536 [WARN] ModelIntegratedComponent:63 - No mode defined for component null
2026-02-03 08:55:41,536 [WARN] ModelIntegratedComponent:63 - No mode defined for component null
2026-02-03 08:55:41,536 [WARN] ModelIntegratedComponent:63 - No mode defined for component null
2026-02-03 08:55:41,536 [WARN] ModelIntegratedComponent:63 - No mode defined for component null
2026-02-03 08:55:41,536 [WARN] ModelIntegratedComponent:63 - No mode defined for component null
2026-02-03 08:55:41,536 [WARN] ModelIntegratedComponent:63 - No mode defined for component null
2026-02-03 08:55:41,536 [WARN] ModelIntegratedComponent:63 - No mode defined for component null
2026-02-03 08:55:41,536 [WARN] ModelIntegratedComponent:63 - No mode defined for component null
2026-02-03 08:55:41,537 [WARN] ModelIntegratedComponent:63 - No mode defined for component null
2026-02-03 08:55:41,537 [WARN] ModelIntegratedComponent:63 - No mode defined for component null
2026-02-03 08:55:41,537 [WARN] ModelIntegratedComponent:63 - No mode defined for component null
2026-02-03 08:55:41,537 [WARN] ModelIntegratedComponent:63 - No mode defined for component null
2026-02-03 08:55:41,537 [WARN] ModelIntegratedComponent:63 - No mode defined for component null
2026-02-03 08:55:41,537 [WARN] ModelIntegratedComponent:63 - No mode defined for component null
2026-02-03 08:55:41,537 [WARN] ModelIntegratedComponent:63 - No mode defined for component null
2026-02-03 08:55:41,537 [WARN] ModelIntegratedComponent:63 - No mode defined for component null
2026-02-03 08:55:41,537 [WARN] ModelIntegratedComponent:63 - No mode defined for component null
2026-02-03 08:55:41,537 [WARN] ModelIntegratedComponent:63 - No mode defined for component null
2026-02-03 08:55:41,537 [WARN] ModelIntegratedComponent:63 - No mode defined for component null
2026-02-03 08:55:41,537 [WARN] ModelIntegratedComponent:63 - No mode defined for component null
2026-02-03 08:55:41,537 [WARN] ModelIntegratedComponent:63 - No mode defined for component null
2026-02-03 08:55:41,537 [WARN] ModelIntegratedComponent:63 - No mode defined for component null
2026-02-03 08:55:41,537 [WARN] ModelIntegratedComponent:63 - No mode defined for component null
2026-02-03 08:55:41,537 [WARN] ModelPack:524 - Component already loaded: STMicroelectronics:HAL Drivers:0.0.0:STMicroelectronics:Device:STMicro_Driver:XSPI:HAL::0.0.1:HAL_XSPI
2026-02-03 08:55:41,610 [INFO] ThirdPartyModel:298 - Start build external matchings
2026-02-03 08:55:42,058 [INFO] ThirdPartyModel:316 - End build external matchings
2026-02-03 08:55:42,083 [INFO] ImportTextPane:234 - (OptionalMessage_ERROR) IP (DMA) : Parameter (Instance) has Id (ADC2) currently not set
2026-02-03 08:55:42,083 [INFO] ImportTextPane:234 - (OptionalMessage_ERROR) IP (DMA) : Parameter (Channel) has Id (ADC2) currently not set
2026-02-03 08:55:42,083 [INFO] ImportTextPane:234 - (OptionalMessage_ERROR) IP (DMA) : Parameter (Direction) has Id (ADC2) currently not set
2026-02-03 08:55:42,083 [INFO] ImportTextPane:234 - (OptionalMessage_ERROR) IP (DMA) : Parameter (PeriphInc) has Id (ADC2) currently not set
2026-02-03 08:55:42,084 [INFO] ImportTextPane:234 - (OptionalMessage_ERROR) IP (DMA) : Parameter (MemInc) has Id (ADC2) currently not set
2026-02-03 08:55:42,084 [INFO] ImportTextPane:234 - (OptionalMessage_ERROR) IP (DMA) : Parameter (PeriphDataAlignment) has Id (ADC2) currently not set
2026-02-03 08:55:42,084 [INFO] ImportTextPane:234 - (OptionalMessage_ERROR) IP (DMA) : Parameter (MemDataAlignment) has Id (ADC2) currently not set
2026-02-03 08:55:42,084 [INFO] ImportTextPane:234 - (OptionalMessage_ERROR) IP (DMA) : Parameter (Mode) has Id (ADC2) currently not set
2026-02-03 08:55:42,084 [INFO] ImportTextPane:234 - (OptionalMessage_ERROR) IP (DMA) : Parameter (Priority) has Id (ADC2) currently not set
2026-02-03 08:55:42,084 [INFO] ImportTextPane:234 - (OptionalMessage_ERROR) IP (DMA) : Parameter (FIFOMode) has Id (ADC2) currently not set
2026-02-03 08:55:42,085 [INFO] ImportTextPane:234 - (OptionalMessage_ERROR) IP (RCC) : Parameter (RTCHSEDivFreq_Value) has invalid value (4000000)
2026-02-03 08:55:42,336 [INFO] UtilMem:75 - End LoadConfig() Used Memory: 400462120 Bytes (972029952)
2026-02-03 08:55:42,349 [WARN] ThirdParty:833 - waiting for thirdparty lock release [change project]
2026-02-03 08:55:42,349 [INFO] ThirdParty:835 - entering critical section [change project]
2026-02-03 08:55:42,350 [INFO] ThirdParty:1030 - CMSIS Pack Vendor :STMicroelectronics X-CUBE-PM33A1 1.0.0
2026-02-03 08:55:42,350 [INFO] ThirdParty:1030 - CMSIS Pack Vendor :STMicroelectronics USBPD 4.1
2026-02-03 08:55:42,350 [INFO] ThirdParty:1030 - CMSIS Pack Vendor :STMicroelectronics X-CUBE-NFC9 1.0.0
2026-02-03 08:55:42,350 [INFO] ThirdParty:1030 - CMSIS Pack Vendor :STMicroelectronics USB_HOST 2.0.0
2026-02-03 08:55:42,350 [INFO] ThirdParty:1030 - CMSIS Pack Vendor :STMicroelectronics FP-SNS-MOTENVWB1 1.4.0
2026-02-03 08:55:42,350 [INFO] ThirdParty:1030 - CMSIS Pack Vendor :STMicroelectronics X-CUBE-AZRTOS-F4 1.1.0
2026-02-03 08:55:42,350 [INFO] ThirdParty:1030 - CMSIS Pack Vendor :STMicroelectronics LIBJPEG 8.0.0
2026-02-03 08:55:42,350 [INFO] ThirdParty:1030 - CMSIS Pack Vendor :STMicroelectronics FP-ATR-ASTRA1 2.0.2
2026-02-03 08:55:42,350 [INFO] ThirdParty:1030 - CMSIS Pack Vendor :STMicroelectronics X-CUBE-BLE1 7.1.0
2026-02-03 08:55:42,350 [INFO] ThirdParty:1030 - CMSIS Pack Vendor :Avnet-IotConnect X-CUBE-IoTC-DA16k-PMOD 1.0.0
2026-02-03 08:55:42,350 [INFO] ThirdParty:1030 - CMSIS Pack Vendor :STMicroelectronics X-CUBE-SMBUS 2.1.0
2026-02-03 08:55:42,350 [INFO] ThirdParty:1030 - CMSIS Pack Vendor :wolfSSL I-CUBE-wolfMQTT 1.19.2
2026-02-03 08:55:42,350 [INFO] ThirdParty:1030 - CMSIS Pack Vendor :STMicroelectronics USB_DEVICE 3.0.0
2026-02-03 08:55:42,350 [INFO] ThirdParty:1030 - CMSIS Pack Vendor :STMicroelectronics X-CUBE-ISPU 2.1.0
2026-02-03 08:55:42,350 [INFO] ThirdParty:1030 - CMSIS Pack Vendor :STMicroelectronics X-CUBE-FREERTOS 1.4.0
2026-02-03 08:55:42,350 [INFO] ThirdParty:1030 - CMSIS Pack Vendor :STMicroelectronics X-CUBE-IPS 3.2.0
2026-02-03 08:55:42,350 [INFO] ThirdParty:1030 - CMSIS Pack Vendor :STMicroelectronics X-CUBE-AZRTOS-WB 2.0.0
2026-02-03 08:55:42,350 [INFO] ThirdParty:1030 - CMSIS Pack Vendor :STMicroelectronics X-CUBE-ST60 1.0.0
2026-02-03 08:55:42,350 [INFO] ThirdParty:1030 - CMSIS Pack Vendor :STMicroelectronics X-CUBE-GNSS1 7.0.1
2026-02-03 08:55:42,350 [INFO] ThirdParty:1030 - CMSIS Pack Vendor :STMicroelectronics X-CUBE-AZRTOS-F7 1.1.0
2026-02-03 08:55:42,350 [INFO] ThirdParty:1030 - CMSIS Pack Vendor :STMicroelectronics X-CUBE-AZRTOS-L5 2.0.0
2026-02-03 08:55:42,350 [INFO] ThirdParty:1030 - CMSIS Pack Vendor :STMicroelectronics X-CUBE-TOUCHGFX 4.25.0
2026-02-03 08:55:42,351 [INFO] ThirdParty:1030 - CMSIS Pack Vendor :STMicroelectronics USB_DEVICE 2.0.0
2026-02-03 08:55:42,351 [INFO] ThirdParty:1030 - CMSIS Pack Vendor :STMicroelectronics X-CUBE-NFC6 3.1.0
2026-02-03 08:55:42,351 [INFO] ThirdParty:1030 - CMSIS Pack Vendor :STMicroelectronics X-CUBE-ST67W61 1.1.0
2026-02-03 08:55:42,351 [INFO] ThirdParty:1030 - CMSIS Pack Vendor :Cesanta I-CUBE-Mongoose 7.19.0
2026-02-03 08:55:42,351 [INFO] ThirdParty:1030 - CMSIS Pack Vendor :quantropi X-CUBE-qispace-sdk-base 2.1.0
2026-02-03 08:55:42,351 [INFO] ThirdParty:1030 - CMSIS Pack Vendor :STMicroelectronics X-CUBE-MEMS1 12.0.0
2026-02-03 08:55:42,351 [INFO] ThirdParty:1030 - CMSIS Pack Vendor :STMicroelectronics X-CUBE-STSE01 2.0.0
2026-02-03 08:55:42,351 [INFO] ThirdParty:1030 - CMSIS Pack Vendor :STMicroelectronics FP-SNS-MOTENV1 5.1.0
2026-02-03 08:55:42,351 [INFO] ThirdParty:1030 - CMSIS Pack Vendor :STMicroelectronics FreeRTOS 0.0.1
2026-02-03 08:55:42,351 [INFO] ThirdParty:1030 - CMSIS Pack Vendor :STMicroelectronics X-CUBE-AZRTOS-G0 1.1.0
2026-02-03 08:55:42,351 [INFO] ThirdParty:1030 - CMSIS Pack Vendor :STMicroelectronics X-CUBE-SAFEA1 1.2.2
2026-02-03 08:55:42,351 [INFO] ThirdParty:1030 - CMSIS Pack Vendor :STMicroelectronics X-CUBE-NFC4 3.0.0
2026-02-03 08:55:42,351 [INFO] ThirdParty:1030 - CMSIS Pack Vendor :STMicroelectronics X-CUBE-SUBG2 5.0.0
2026-02-03 08:55:42,351 [INFO] ThirdParty:1030 - CMSIS Pack Vendor :STMicroelectronics X-CUBE-AZRTOS-H7RS 1.1.0
2026-02-03 08:55:42,351 [INFO] ThirdParty:1030 - CMSIS Pack Vendor :STMicroelectronics STM32_WPAN 1.0.0
2026-02-03 08:55:42,351 [INFO] ThirdParty:1030 - CMSIS Pack Vendor :EmbeddedOffice I-CUBE-FS-RTOS 1.0.1
2026-02-03 08:55:42,351 [INFO] ThirdParty:1030 - CMSIS Pack Vendor :STMicroelectronics lwIP 2.0.3
2026-02-03 08:55:42,351 [INFO] ThirdParty:1030 - CMSIS Pack Vendor :WES I-CUBE-Cesium 1.4.0
2026-02-03 08:55:42,351 [INFO] ThirdParty:1030 - CMSIS Pack Vendor :STMicroelectronics USB_HOST 1.0.0
2026-02-03 08:55:42,351 [INFO] ThirdParty:1030 - CMSIS Pack Vendor :Infineon AIROC-Wi-Fi-Bluetooth-STM32 1.7.1
2026-02-03 08:55:42,351 [INFO] ThirdParty:1030 - CMSIS Pack Vendor :STMicroelectronics X-CUBE-AZRTOS-G4 2.0.0
2026-02-03 08:55:42,352 [INFO] ThirdParty:1030 - CMSIS Pack Vendor :STMicroelectronics X-CUBE-WB05N 2.0.0
2026-02-03 08:55:42,352 [INFO] ThirdParty:1030 - CMSIS Pack Vendor :STMicroelectronics PDM2PCM 3.1.0
2026-02-03 08:55:42,352 [INFO] ThirdParty:1030 - CMSIS Pack Vendor :STMicroelectronics PDM2PCM 3.3.0
2026-02-03 08:55:42,352 [INFO] ThirdParty:1030 - CMSIS Pack Vendor :wolfSSL I-CUBE-wolfTPM 3.8.0
2026-02-03 08:55:42,352 [INFO] ThirdParty:1030 - CMSIS Pack Vendor :STMicroelectronics X-CUBE-DISPLAY 3.0.0
2026-02-03 08:55:42,352 [INFO] ThirdParty:1030 - CMSIS Pack Vendor :wolfSSL I-CUBE-wolfSSH 1.4.20
2026-02-03 08:55:42,352 [INFO] ThirdParty:1030 - CMSIS Pack Vendor :STMicroelectronics X-CUBE-NFC7 2.0.0
2026-02-03 08:55:42,352 [INFO] ThirdParty:1030 - CMSIS Pack Vendor :STMicroelectronics X-CUBE-TCPP 4.2.0
2026-02-03 08:55:42,352 [INFO] ThirdParty:1030 - CMSIS Pack Vendor :RealThread X-CUBE-RT-Thread_Nano 4.1.1
2026-02-03 08:55:42,352 [INFO] ThirdParty:1030 - CMSIS Pack Vendor :STMicroelectronics FP-ATR-SIGFOX1 3.2.0
2026-02-03 08:55:42,352 [INFO] ThirdParty:1030 - CMSIS Pack Vendor :STMicroelectronics X-CUBE-NFC10 1.0.0
2026-02-03 08:55:42,352 [INFO] ThirdParty:1030 - CMSIS Pack Vendor :STMicroelectronics X-CUBE-FREERTOS 1.3.1
2026-02-03 08:55:42,352 [INFO] ThirdParty:1030 - CMSIS Pack Vendor :STMicroelectronics HAL Drivers 0.0.0
2026-02-03 08:55:42,352 [INFO] ThirdParty:1030 - CMSIS Pack Vendor :STMicroelectronics MBEDTLS 2.16.2
2026-02-03 08:55:42,352 [INFO] ThirdParty:1030 - CMSIS Pack Vendor :STMicroelectronics X-CUBE-ST60 1.1.0
2026-02-03 08:55:42,352 [INFO] ThirdParty:1030 - CMSIS Pack Vendor :STMicroelectronics X-CUBE-IPS 3.1.0
2026-02-03 08:55:42,352 [INFO] ThirdParty:1030 - CMSIS Pack Vendor :STMicroelectronics X-CUBE-ALS 1.0.2
2026-02-03 08:55:42,352 [INFO] ThirdParty:1030 - CMSIS Pack Vendor :emotas I-CUBE-CANOPEN 1.3.0
2026-02-03 08:55:42,352 [INFO] ThirdParty:1030 - CMSIS Pack Vendor :STMicroelectronics MBEDTLS 2.14.1
2026-02-03 08:55:42,352 [INFO] ThirdParty:1030 - CMSIS Pack Vendor :STMicroelectronics X-CUBE-GNSS1 7.1.0
2026-02-03 08:55:42,352 [INFO] ThirdParty:1030 - CMSIS Pack Vendor :ITTIA_DB I-CUBE-ITTIADB 8.9.0
2026-02-03 08:55:42,352 [INFO] ThirdParty:1030 - CMSIS Pack Vendor :STMicroelectronics X-CUBE-TOUCHGFX 4.26.0
2026-02-03 08:55:42,352 [INFO] ThirdParty:1030 - CMSIS Pack Vendor :STMicroelectronics X-CUBE-STSE01 1.0.0
2026-02-03 08:55:42,352 [INFO] ThirdParty:1030 - CMSIS Pack Vendor :STMicroelectronics X-CUBE-NFC6 3.2.0
2026-02-03 08:55:42,352 [INFO] ThirdParty:1030 - CMSIS Pack Vendor :STMicroelectronics X-CUBE-ST67W61 1.0.0
2026-02-03 08:55:42,352 [INFO] ThirdParty:1030 - CMSIS Pack Vendor :STMicroelectronics ThreadX 1.0.0
2026-02-03 08:55:42,353 [INFO] ThirdParty:1030 - CMSIS Pack Vendor :STMicroelectronics FP-SNS-SMARTAG2 1.2.0
2026-02-03 08:55:42,353 [INFO] ThirdParty:1030 - CMSIS Pack Vendor :STMicroelectronics FP-SNS-FLIGHT1 5.1.0
2026-02-03 08:55:42,353 [INFO] ThirdParty:1030 - CMSIS Pack Vendor :STMicroelectronics X-CUBE-AZRTOS-WL 2.0.0
2026-02-03 08:55:42,353 [INFO] ThirdParty:1030 - CMSIS Pack Vendor :SEGGER I-CUBE-embOS 1.3.1
2026-02-03 08:55:42,353 [INFO] ThirdParty:1030 - CMSIS Pack Vendor :STMicroelectronics X-CUBE-ALGOBUILD 1.4.0
2026-02-03 08:55:42,353 [INFO] ThirdParty:1030 - CMSIS Pack Vendor :STMicroelectronics X-CUBE-DPower 1.3.0
2026-02-03 08:55:42,353 [INFO] ThirdParty:1030 - CMSIS Pack Vendor :STMicroelectronics X-CUBE-MEMS1 11.3.0
2026-02-03 08:55:42,353 [INFO] ThirdParty:1030 - CMSIS Pack Vendor :STMicroelectronics FP-SNS-MOTENV1 5.0.0
2026-02-03 08:55:42,353 [INFO] ThirdParty:1030 - CMSIS Pack Vendor :STMicroelectronics USB_DEVICE 1.0.0
2026-02-03 08:55:42,353 [INFO] ThirdParty:1030 - CMSIS Pack Vendor :STMicroelectronics X-CUBE-AZRTOS-H7RS 1.2.0
2026-02-03 08:55:42,353 [INFO] ThirdParty:1030 - CMSIS Pack Vendor :STMicroelectronics X-CUBE-AZRTOS-L4 2.0.0
2026-02-03 08:55:42,353 [INFO] ThirdParty:1030 - CMSIS Pack Vendor :STMicroelectronics ThreadX 0.0.2
2026-02-03 08:55:42,353 [INFO] ThirdParty:1030 - CMSIS Pack Vendor :STMicroelectronics lwIP 2.1.2
2026-02-03 08:55:42,353 [INFO] ThirdParty:1030 - CMSIS Pack Vendor :STMicroelectronics X-CUBE-SFXS2LP1 4.0.0
2026-02-03 08:55:42,353 [INFO] ThirdParty:1030 - CMSIS Pack Vendor :STMicroelectronics X-CUBE-BLE2 3.3.0
2026-02-03 08:55:42,353 [INFO] ThirdParty:1030 - CMSIS Pack Vendor :Avnet-IOTCONNECT X-CUBE-iotc-st67-sdk 1.0.0
2026-02-03 08:55:42,353 [INFO] ThirdParty:1030 - CMSIS Pack Vendor :STMicroelectronics X-CUBE-TOF1 3.4.3
2026-02-03 08:55:42,353 [INFO] ThirdParty:1030 - CMSIS Pack Vendor :STMicroelectronics PDM2PCM 3.2.0
2026-02-03 08:55:42,353 [INFO] ThirdParty:1030 - CMSIS Pack Vendor :STMicroelectronics X-CUBE-ST67W61 1.2.0
2026-02-03 08:55:42,353 [INFO] ThirdParty:841 - exiting critical section [change project]
2026-02-03 08:55:42,694 [INFO] PinOutPanel:1589 - setPackage(No Configuration,No Configuration)
2026-02-03 08:55:42,695 [INFO] PinOutPanel:1589 - setPackage(STM32F407VGTx,LQFP100)
2026-02-03 08:55:42,982 [INFO] UtilMem:75 - Before build in PCC Used Memory: 654791928 Bytes (972029952)
2026-02-03 08:55:43,218 [INFO] UtilMem:75 - After build in PCC Used Memory: 700407032 Bytes (972029952)
2026-02-03 08:55:43,238 [INFO] IPUIPlugin:80 - create IPUIPlugin
2026-02-03 08:55:43,238 [INFO] IPUIPlugin:80 - create IPUIPlugin
2026-02-03 08:55:43,238 [INFO] IPUIPlugin:80 - create IPUIPlugin
2026-02-03 08:55:43,238 [INFO] IPUIPlugin:80 - create IPUIPlugin
2026-02-03 08:55:43,238 [INFO] IPUIPlugin:80 - create IPUIPlugin
2026-02-03 08:55:43,238 [INFO] IPUIPlugin:80 - create IPUIPlugin
2026-02-03 08:55:43,238 [INFO] IPUIPlugin:80 - create IPUIPlugin
2026-02-03 08:55:43,239 [INFO] IPUIPlugin:80 - create IPUIPlugin
2026-02-03 08:55:43,239 [INFO] IPUIPlugin:80 - create IPUIPlugin
2026-02-03 08:55:43,239 [INFO] IPUIPlugin:80 - create IPUIPlugin
2026-02-03 08:55:43,239 [INFO] IPUIPlugin:80 - create IPUIPlugin
2026-02-03 08:55:43,239 [INFO] IPUIPlugin:80 - create IPUIPlugin
2026-02-03 08:55:43,239 [INFO] IPUIPlugin:80 - create IPUIPlugin
2026-02-03 08:55:43,239 [INFO] IPUIPlugin:80 - create IPUIPlugin
2026-02-03 08:55:43,239 [INFO] IPUIPlugin:80 - create IPUIPlugin
2026-02-03 08:55:43,239 [INFO] IPUIPlugin:80 - create IPUIPlugin
2026-02-03 08:55:43,239 [INFO] IPUIPlugin:80 - create IPUIPlugin
2026-02-03 08:55:43,239 [INFO] IPUIPlugin:80 - create IPUIPlugin
2026-02-03 08:55:43,239 [INFO] IPUIPlugin:80 - create IPUIPlugin
2026-02-03 08:55:43,240 [INFO] IPUIPlugin:80 - create IPUIPlugin
2026-02-03 08:55:43,240 [INFO] IPUIPlugin:80 - create IPUIPlugin
2026-02-03 08:55:43,240 [INFO] IPUIPlugin:80 - create IPUIPlugin
2026-02-03 08:55:43,240 [INFO] IPUIPlugin:80 - create IPUIPlugin
2026-02-03 08:55:43,240 [INFO] IPUIPlugin:80 - create IPUIPlugin
2026-02-03 08:55:43,240 [INFO] IPUIPlugin:80 - create IPUIPlugin
2026-02-03 08:55:43,241 [INFO] IPUIPlugin:80 - create IPUIPlugin
2026-02-03 08:55:43,241 [INFO] IPUIPlugin:80 - create IPUIPlugin
2026-02-03 08:55:43,241 [INFO] IPUIPlugin:80 - create IPUIPlugin
2026-02-03 08:55:43,241 [INFO] IPUIPlugin:80 - create IPUIPlugin
2026-02-03 08:55:43,241 [INFO] IPUIPlugin:80 - create IPUIPlugin
2026-02-03 08:55:43,241 [INFO] IPUIPlugin:80 - create IPUIPlugin
2026-02-03 08:55:43,241 [INFO] IPUIPlugin:80 - create IPUIPlugin
2026-02-03 08:55:43,242 [INFO] IPUIPlugin:80 - create IPUIPlugin
2026-02-03 08:55:43,242 [INFO] IPUIPlugin:80 - create IPUIPlugin
2026-02-03 08:55:43,242 [INFO] IPUIPlugin:80 - create IPUIPlugin
2026-02-03 08:55:43,242 [INFO] IPUIPlugin:80 - create IPUIPlugin
2026-02-03 08:55:43,242 [INFO] IPUIPlugin:80 - create IPUIPlugin
2026-02-03 08:55:43,242 [INFO] IPUIPlugin:80 - create IPUIPlugin
2026-02-03 08:55:43,242 [INFO] IPUIPlugin:80 - create IPUIPlugin
2026-02-03 08:55:43,243 [INFO] IPUIPlugin:80 - create IPUIPlugin
2026-02-03 08:55:43,243 [INFO] IPUIPlugin:80 - create IPUIPlugin
2026-02-03 08:55:43,243 [INFO] IPUIPlugin:80 - create IPUIPlugin
2026-02-03 08:55:43,243 [INFO] IPUIPlugin:80 - create IPUIPlugin
2026-02-03 08:55:43,243 [INFO] IPUIPlugin:80 - create IPUIPlugin
2026-02-03 08:55:43,243 [INFO] IPUIPlugin:80 - create IPUIPlugin
2026-02-03 08:55:43,243 [INFO] IPUIPlugin:80 - create IPUIPlugin
2026-02-03 08:55:43,244 [INFO] IPUIPlugin:80 - create IPUIPlugin
2026-02-03 08:55:43,244 [INFO] IPUIPlugin:80 - create IPUIPlugin
2026-02-03 08:55:43,244 [INFO] IPUIPlugin:80 - create IPUIPlugin
2026-02-03 08:55:43,244 [INFO] IPUIPlugin:80 - create IPUIPlugin
2026-02-03 08:55:43,244 [INFO] IPUIPlugin:80 - create IPUIPlugin
2026-02-03 08:55:43,244 [INFO] IPUIPlugin:80 - create IPUIPlugin
2026-02-03 08:55:43,244 [INFO] IPUIPlugin:80 - create IPUIPlugin
2026-02-03 08:55:43,244 [INFO] IPUIPlugin:80 - create IPUIPlugin
2026-02-03 08:55:43,245 [INFO] IPUIPlugin:80 - create IPUIPlugin
2026-02-03 08:55:43,245 [INFO] IPUIPlugin:80 - create IPUIPlugin
2026-02-03 08:55:43,245 [INFO] IPUIPlugin:80 - create IPUIPlugin
2026-02-03 08:55:43,245 [INFO] IPUIPlugin:80 - create IPUIPlugin
2026-02-03 08:55:43,247 [INFO] ApiDbMcu:532 - Load IP Config File for PDM2PCM
2026-02-03 08:55:43,249 [INFO] Can:71 - Can Add PropertyChangeListener com.st.microxplorer.plugins.ip.can.Can@6dec8aba
2026-02-03 08:55:43,299 [INFO] CADModel:165 - CPN selected for project levelSTM32F407VGT6
2026-02-03 08:55:43,299 [INFO] CADModel:114 - Register for checkConnection events
2026-02-03 08:55:43,336 [INFO] OpenFileManager:386 - Restore cursor
2026-02-03 08:55:50,136 [INFO] ADCParametersView:116 -                Rank 1 : false
2026-02-03 08:55:50,242 [INFO] ADCParametersView:116 -                Rank 1 : false
2026-02-03 08:55:50,242 [INFO] ADCParametersView:116 -                Rank 1 : false
2026-02-03 08:55:50,242 [INFO] ADCParametersView:116 -                Rank 1 : false
2026-02-03 08:55:50,243 [INFO] ADCParametersView:116 -                Rank 1 : false
2026-02-03 08:55:50,243 [INFO] ADCParametersView:116 -                Rank 1 : false
2026-02-03 08:55:50,243 [INFO] ADCParametersView:116 -                Rank 1 : false
2026-02-03 08:55:50,243 [INFO] ADCParametersView:116 -                Rank 1 : false
2026-02-03 08:55:50,244 [INFO] ADCParametersView:116 -                Rank 1 : false
2026-02-03 08:55:50,244 [INFO] ADCParametersView:116 -                Rank 1 : false
2026-02-03 08:55:50,244 [INFO] ADCParametersView:116 -                Rank 1 : false
2026-02-03 08:55:50,244 [INFO] ADCParametersView:116 -                Rank 1 : false
2026-02-03 08:55:50,244 [INFO] ADCParametersView:116 -                Rank 1 : false
2026-02-03 08:55:50,244 [INFO] ADCParametersView:116 -                Rank 1 : false
2026-02-03 08:55:50,245 [INFO] ADCParametersView:116 -                Rank 1 : false
2026-02-03 08:55:50,271 [INFO] ADCParametersView:116 -                Rank 1 : false
2026-02-03 08:55:55,525 [INFO] ADCParametersView:116 -                Rank 1 : false
2026-02-03 08:55:55,525 [INFO] ADCParametersView:116 -                Rank 1 : false
2026-02-03 08:55:55,525 [INFO] ADCParametersView:116 -                Rank 1 : false
2026-02-03 08:55:55,525 [INFO] ADCParametersView:116 -                Rank 1 : false
2026-02-03 08:55:55,526 [INFO] ADCParametersView:116 -                Rank 1 : false
2026-02-03 08:55:55,526 [INFO] ADCParametersView:116 -                Rank 1 : false
2026-02-03 08:55:55,526 [INFO] ADCParametersView:116 -                Rank 1 : false
2026-02-03 08:55:55,526 [INFO] ADCParametersView:116 -                Rank 1 : false
2026-02-03 08:55:55,526 [INFO] ADCParametersView:116 -                Rank 1 : false
2026-02-03 08:55:55,526 [INFO] ADCParametersView:116 -                Rank 1 : false
2026-02-03 08:55:55,526 [INFO] ADCParametersView:116 -                Rank 1 : false
2026-02-03 08:55:55,526 [INFO] ADCParametersView:116 -                Rank 1 : false
2026-02-03 08:55:55,527 [INFO] ADCParametersView:116 -                Rank 1 : false
2026-02-03 08:55:55,527 [INFO] ADCParametersView:116 -                Rank 1 : false
2026-02-03 08:55:55,537 [INFO] ParamManager:905 - [Generic UI] PropertyChangeEvent: TAB_STATUS_CHANGED , "dont care", "never mind"
2026-02-03 08:55:55,542 [INFO] ADCParametersView:116 -                Rank 1 : false
2026-02-03 08:55:55,562 [INFO] ADCParametersView:116 -                Rank 1 : false
2026-02-03 08:55:55,562 [INFO] ADCParametersView:116 -                Rank 1 : false
2026-02-03 08:55:55,562 [INFO] ADCParametersView:116 -                Rank 1 : false
2026-02-03 08:55:55,563 [INFO] ADCParametersView:116 -                Rank 1 : false
2026-02-03 08:55:55,563 [INFO] ADCParametersView:116 -                Rank 1 : false
2026-02-03 08:55:55,563 [INFO] ADCParametersView:116 -                Rank 1 : false
2026-02-03 08:55:55,563 [INFO] ADCParametersView:116 -                Rank 1 : false
2026-02-03 08:55:55,563 [INFO] ADCParametersView:116 -                Rank 1 : false
2026-02-03 08:55:55,563 [INFO] ADCParametersView:116 -                Rank 1 : false
2026-02-03 08:55:55,563 [INFO] ADCParametersView:116 -                Rank 1 : false
2026-02-03 08:55:55,563 [INFO] ADCParametersView:116 -                Rank 1 : false
2026-02-03 08:55:55,563 [INFO] ADCParametersView:116 -                Rank 1 : false
2026-02-03 08:55:55,563 [INFO] ADCParametersView:116 -                Rank 1 : false
2026-02-03 08:55:55,564 [INFO] ADCParametersView:116 -                Rank 1 : false
2026-02-03 08:55:55,574 [INFO] ADCParametersView:116 -                Rank 1 : false
2026-02-03 08:55:59,455 [INFO] UtilMem:75 - End SaveConfig() Used Memory: 268829760 Bytes (972029952)
2026-02-03 08:56:01,193 [INFO] UtilMem:75 - End SaveConfig() Used Memory: 298240048 Bytes (972029952)
2026-02-03 08:56:04,135 [INFO] UtilMem:75 - End SaveConfig() Used Memory: 394709040 Bytes (972029952)
2026-02-03 08:56:04,609 [INFO] BlockDiagram:2775 - set Specific Code input for plugin: TIM1_8
2026-02-03 08:56:04,609 [INFO] BlockDiagram:2775 - set Specific Code input for plugin: CAN
2026-02-03 08:56:04,609 [INFO] BlockDiagram:2775 - set Specific Code input for plugin: ADC
2026-02-03 08:56:04,609 [INFO] BlockDiagram:2775 - set Specific Code input for plugin: SYS
2026-02-03 08:56:04,609 [INFO] BlockDiagram:2775 - set Specific Code input for plugin: RCC
2026-02-03 08:56:04,609 [INFO] BlockDiagram:2775 - set Specific Code input for plugin: NVIC
2026-02-03 08:56:04,609 [INFO] BlockDiagram:2775 - set Specific Code input for plugin: USART
2026-02-03 08:56:04,610 [INFO] BlockDiagram:2775 - set Specific Code input for plugin: GPIO
2026-02-03 08:56:04,611 [INFO] CodeGenerator:892 - code generatio: config db path: /home/krushna/.stm32cubemx/databases/DB.6.0.130/db/
2026-02-03 08:56:04,791 [INFO] CodeEngine:265 - oldGeneratedFile, /home/krushna/CDAC_Project/HAL_CAN_TX/MXTmpFiles/license.tmp_save
2026-02-03 08:56:05,155 [INFO] CodeEngine:289 - Generated code: /home/krushna/CDAC_Project/HAL_CAN_TX/MXTmpFiles/license.tmp
2026-02-03 08:56:05,235 [INFO] CodeEngine:265 - oldGeneratedFile, /home/krushna/CDAC_Project/HAL_CAN_TX/MXTmpFiles/gpio.tmp_save
2026-02-03 08:56:05,373 [INFO] CodeEngine:289 - Generated code: /home/krushna/CDAC_Project/HAL_CAN_TX/MXTmpFiles/gpio.tmp
2026-02-03 08:56:05,573 [INFO] CodeEngine:265 - oldGeneratedFile, /home/krushna/CDAC_Project/HAL_CAN_TX/Core/Src/stm32f4xx_it.c_save
2026-02-03 08:56:05,703 [INFO] CodeEngine:289 - Generated code: /home/krushna/CDAC_Project/HAL_CAN_TX/Core/Src/stm32f4xx_it.c
2026-02-03 08:56:05,705 [INFO] CodeEngine:265 - oldGeneratedFile, /home/krushna/CDAC_Project/HAL_CAN_TX/Core/Inc/stm32f4xx_it.h_save
2026-02-03 08:56:05,770 [INFO] CodeEngine:289 - Generated code: /home/krushna/CDAC_Project/HAL_CAN_TX/Core/Inc/stm32f4xx_it.h
2026-02-03 08:56:05,780 [INFO] CodeEngine:265 - oldGeneratedFile, /home/krushna/CDAC_Project/HAL_CAN_TX/Core/Src/stm32f4xx_hal_msp.c_save
2026-02-03 08:56:05,915 [INFO] CodeEngine:289 - Generated code: /home/krushna/CDAC_Project/HAL_CAN_TX/Core/Src/stm32f4xx_hal_msp.c
2026-02-03 08:56:05,916 [INFO] CodeEngine:265 - oldGeneratedFile, /home/krushna/CDAC_Project/HAL_CAN_TX/MXTmpFiles/system.tmp_save
2026-02-03 08:56:05,975 [INFO] CodeEngine:289 - Generated code: /home/krushna/CDAC_Project/HAL_CAN_TX/MXTmpFiles/system.tmp
2026-02-03 08:56:05,980 [INFO] CodeEngine:321 - oldGeneratedFile, /home/krushna/CDAC_Project/HAL_CAN_TX/Core/Inc/stm32f4xx_hal_conf.h_save
2026-02-03 08:56:06,050 [INFO] CodeEngine:345 - Generated code: /home/krushna/CDAC_Project/HAL_CAN_TX/Core/Inc/stm32f4xx_hal_conf.h
2026-02-03 08:56:06,075 [INFO] ApiDbMcu:532 - Load IP Config File for ADC2
2026-02-03 08:56:06,077 [INFO] ApiDbMcu:532 - Load IP Config File for CAN1
2026-02-03 08:56:06,089 [INFO] ApiDbMcu:532 - Load IP Config File for TIM4
2026-02-03 08:56:06,092 [INFO] ApiDbMcu:532 - Load IP Config File for USART2
2026-02-03 08:56:06,095 [INFO] ApiDbMcu:532 - Load IP Config File for RCC
2026-02-03 08:56:06,098 [WARN] IPConfigManager:3811 - IP not found : TIM
2026-02-03 08:56:06,098 [WARN] CodeGenerator:4259 - IP not found : null
2026-02-03 08:56:06,101 [INFO] CodeEngine:265 - oldGeneratedFile, /home/krushna/CDAC_Project/HAL_CAN_TX/Core/Inc/main.h_save
2026-02-03 08:56:06,180 [INFO] CodeEngine:289 - Generated code: /home/krushna/CDAC_Project/HAL_CAN_TX/Core/Inc/main.h
2026-02-03 08:56:06,182 [INFO] CodeEngine:265 - oldGeneratedFile, /home/krushna/CDAC_Project/HAL_CAN_TX/Core/Src/main.c_save
2026-02-03 08:56:06,333 [INFO] CodeEngine:289 - Generated code: /home/krushna/CDAC_Project/HAL_CAN_TX/Core/Src/main.c
2026-02-03 08:56:06,722 [INFO] ProjectBuilder:3606 - Time for Copy HAL[1] : 47mS.
2026-02-03 08:56:06,726 [INFO] ProjectBuilder:5216 - Project Generator version: 4.7.0-B52
2026-02-03 08:56:06,810 [INFO] ConfigFileManager:1595 - The Die is : DIE413
2026-02-03 08:56:06,816 [INFO] ApiDbMcu:532 - Load IP Config File for FATFS
2026-02-03 08:56:06,820 [INFO] ApiDbMcu:532 - Load IP Config File for FREERTOS
2026-02-03 08:56:06,822 [INFO] ApiDbMcu:532 - Load IP Config File for LIBJPEG
2026-02-03 08:56:06,827 [INFO] ApiDbMcu:532 - Load IP Config File for LWIP
2026-02-03 08:56:06,833 [INFO] ApiDbMcu:532 - Load IP Config File for MBEDTLS
2026-02-03 08:56:06,839 [INFO] ApiDbMcu:532 - Load IP Config File for USB_DEVICE
2026-02-03 08:56:06,842 [INFO] ApiDbMcu:532 - Load IP Config File for USB_HOST
2026-02-03 08:56:07,120 [INFO] LogOutputStream:77 - [STDOUT_REDIRECT] 
2026-02-03 08:56:07,765 [INFO] ProjectBuilder:5496 - Time for Generating toolchain IDE Files: 1039mS.
2026-02-03 08:56:07,766 [INFO] ProjectBuilder:3463 - Time for Copy CMSIS : 0mS.
2026-02-03 08:56:07,766 [INFO] ProjectBuilder:3463 - Time for Copy CMSIS : 0mS.
2026-02-03 09:06:29,596 [INFO] ADCParametersView:116 -                Rank 1 : false
2026-02-03 09:06:29,597 [INFO] ADCParametersView:116 -                Rank 1 : false
2026-02-03 09:06:29,597 [INFO] ADCParametersView:116 -                Rank 1 : false
2026-02-03 09:06:29,597 [INFO] ADCParametersView:116 -                Rank 1 : false
2026-02-03 09:06:29,597 [INFO] ADCParametersView:116 -                Rank 1 : false
2026-02-03 09:06:29,598 [INFO] ADCParametersView:116 -                Rank 1 : false
2026-02-03 09:06:29,598 [INFO] ADCParametersView:116 -                Rank 1 : false
2026-02-03 09:06:29,598 [INFO] ADCParametersView:116 -                Rank 1 : false
2026-02-03 09:06:29,598 [INFO] ADCParametersView:116 -                Rank 1 : false
2026-02-03 09:06:29,598 [INFO] ADCParametersView:116 -                Rank 1 : false
2026-02-03 09:06:29,598 [INFO] ADCParametersView:116 -                Rank 1 : false
2026-02-03 09:06:29,598 [INFO] ADCParametersView:116 -                Rank 1 : false
2026-02-03 09:06:29,598 [INFO] ADCParametersView:116 -                Rank 1 : false
2026-02-03 09:06:29,598 [INFO] ADCParametersView:116 -                Rank 1 : false
2026-02-03 09:06:29,634 [INFO] ADCParametersView:116 -                Rank 1 : false
2026-02-03 09:06:33,112 [INFO] ParamManager:905 - [Generic UI] PropertyChangeEvent: TAB_STATUS_CHANGED , "dont care", "never mind"
2026-02-03 09:06:33,119 [INFO] ADCParametersView:116 -                Rank 1 : false
2026-02-03 09:06:33,124 [INFO] ADCParametersView:116 -                Rank 1 : false
2026-02-03 09:06:33,125 [INFO] ADCParametersView:116 -                Rank 1 : false
2026-02-03 09:06:33,125 [INFO] ADCParametersView:116 -                Rank 1 : false
2026-02-03 09:06:33,125 [INFO] ADCParametersView:116 -                Rank 1 : false
2026-02-03 09:06:33,125 [INFO] ADCParametersView:116 -                Rank 1 : false
2026-02-03 09:06:33,125 [INFO] ADCParametersView:116 -                Rank 1 : false
2026-02-03 09:06:33,125 [INFO] ADCParametersView:116 -                Rank 1 : false
2026-02-03 09:06:33,125 [INFO] ADCParametersView:116 -                Rank 1 : false
2026-02-03 09:06:33,125 [INFO] ADCParametersView:116 -                Rank 1 : false
2026-02-03 09:06:33,125 [INFO] ADCParametersView:116 -                Rank 1 : false
2026-02-03 09:06:33,125 [INFO] ADCParametersView:116 -                Rank 1 : false
2026-02-03 09:06:33,125 [INFO] ADCParametersView:116 -                Rank 1 : false
2026-02-03 09:06:33,125 [INFO] ADCParametersView:116 -                Rank 1 : false
2026-02-03 09:06:33,138 [INFO] ADCParametersView:116 -                Rank 1 : false
2026-02-03 09:06:33,161 [INFO] ADCParametersView:116 -                Rank 1 : false
2026-02-03 09:06:33,162 [INFO] ADCParametersView:116 -                Rank 1 : false
2026-02-03 09:06:33,162 [INFO] ADCParametersView:116 -                Rank 1 : false
2026-02-03 09:06:33,162 [INFO] ADCParametersView:116 -                Rank 1 : false
2026-02-03 09:06:33,163 [INFO] ADCParametersView:116 -                Rank 1 : false
2026-02-03 09:06:33,163 [INFO] ADCParametersView:116 -                Rank 1 : false
2026-02-03 09:06:33,163 [INFO] ADCParametersView:116 -                Rank 1 : false
2026-02-03 09:06:33,163 [INFO] ADCParametersView:116 -                Rank 1 : false
2026-02-03 09:06:33,163 [INFO] ADCParametersView:116 -                Rank 1 : false
2026-02-03 09:06:33,163 [INFO] ADCParametersView:116 -                Rank 1 : false
2026-02-03 09:06:33,163 [INFO] ADCParametersView:116 -                Rank 1 : false
2026-02-03 09:06:33,163 [INFO] ADCParametersView:116 -                Rank 1 : false
2026-02-03 09:06:33,163 [INFO] ADCParametersView:116 -                Rank 1 : false
2026-02-03 09:06:33,163 [INFO] ADCParametersView:116 -                Rank 1 : false
2026-02-03 09:06:33,175 [INFO] ADCParametersView:116 -                Rank 1 : false
2026-02-03 09:06:33,223 [INFO] ADCParametersView:116 -                Rank 1 : false
2026-02-03 09:06:33,224 [INFO] ADCParametersView:116 -                Rank 1 : false
2026-02-03 09:06:33,224 [INFO] ADCParametersView:116 -                Rank 1 : false
2026-02-03 09:06:33,225 [INFO] ADCParametersView:116 -                Rank 1 : false
2026-02-03 09:06:33,225 [INFO] ADCParametersView:116 -                Rank 1 : false
2026-02-03 09:06:33,225 [INFO] ADCParametersView:116 -                Rank 1 : false
2026-02-03 09:06:33,225 [INFO] ADCParametersView:116 -                Rank 1 : false
2026-02-03 09:06:33,225 [INFO] ADCParametersView:116 -                Rank 1 : false
2026-02-03 09:06:33,225 [INFO] ADCParametersView:116 -                Rank 1 : false
2026-02-03 09:06:33,225 [INFO] ADCParametersView:116 -                Rank 1 : false
2026-02-03 09:06:33,225 [INFO] ADCParametersView:116 -                Rank 1 : false
2026-02-03 09:06:33,225 [INFO] ADCParametersView:116 -                Rank 1 : false
2026-02-03 09:06:33,225 [INFO] ADCParametersView:116 -                Rank 1 : false
2026-02-03 09:06:33,225 [INFO] ADCParametersView:116 -                Rank 1 : false
2026-02-03 09:06:33,247 [INFO] ADCParametersView:116 -                Rank 1 : false
2026-02-03 09:06:45,923 [INFO] UtilMem:75 - End SaveConfig() Used Memory: 517850096 Bytes (972029952)
2026-02-03 09:06:47,787 [INFO] UtilMem:75 - End SaveConfig() Used Memory: 652067824 Bytes (972029952)
2026-02-03 09:06:49,347 [INFO] UtilMem:75 - End SaveConfig() Used Memory: 714456048 Bytes (972029952)
2026-02-03 09:06:49,462 [INFO] BlockDiagram:2775 - set Specific Code input for plugin: TIM1_8
2026-02-03 09:06:49,462 [INFO] BlockDiagram:2775 - set Specific Code input for plugin: CAN
2026-02-03 09:06:49,462 [INFO] BlockDiagram:2775 - set Specific Code input for plugin: ADC
2026-02-03 09:06:49,462 [INFO] BlockDiagram:2775 - set Specific Code input for plugin: SYS
2026-02-03 09:06:49,462 [INFO] BlockDiagram:2775 - set Specific Code input for plugin: RCC
2026-02-03 09:06:49,462 [INFO] BlockDiagram:2775 - set Specific Code input for plugin: NVIC
2026-02-03 09:06:49,462 [INFO] BlockDiagram:2775 - set Specific Code input for plugin: USART
2026-02-03 09:06:49,462 [INFO] BlockDiagram:2775 - set Specific Code input for plugin: GPIO
2026-02-03 09:06:49,463 [INFO] CodeGenerator:892 - code generatio: config db path: /home/krushna/.stm32cubemx/databases/DB.6.0.130/db/
2026-02-03 09:06:49,580 [INFO] CodeEngine:265 - oldGeneratedFile, /home/krushna/CDAC_Project/HAL_CAN_TX/MXTmpFiles/license.tmp_save
2026-02-03 09:06:49,665 [INFO] CodeEngine:289 - Generated code: /home/krushna/CDAC_Project/HAL_CAN_TX/MXTmpFiles/license.tmp
2026-02-03 09:06:49,683 [INFO] CodeEngine:265 - oldGeneratedFile, /home/krushna/CDAC_Project/HAL_CAN_TX/MXTmpFiles/gpio.tmp_save
2026-02-03 09:06:49,759 [INFO] CodeEngine:289 - Generated code: /home/krushna/CDAC_Project/HAL_CAN_TX/MXTmpFiles/gpio.tmp
2026-02-03 09:06:49,912 [INFO] CodeEngine:265 - oldGeneratedFile, /home/krushna/CDAC_Project/HAL_CAN_TX/Core/Src/stm32f4xx_it.c_save
2026-02-03 09:06:50,011 [INFO] CodeEngine:289 - Generated code: /home/krushna/CDAC_Project/HAL_CAN_TX/Core/Src/stm32f4xx_it.c
2026-02-03 09:06:50,012 [INFO] CodeEngine:265 - oldGeneratedFile, /home/krushna/CDAC_Project/HAL_CAN_TX/Core/Inc/stm32f4xx_it.h_save
2026-02-03 09:06:50,076 [INFO] CodeEngine:289 - Generated code: /home/krushna/CDAC_Project/HAL_CAN_TX/Core/Inc/stm32f4xx_it.h
2026-02-03 09:06:50,084 [INFO] CodeEngine:265 - oldGeneratedFile, /home/krushna/CDAC_Project/HAL_CAN_TX/Core/Src/stm32f4xx_hal_msp.c_save
2026-02-03 09:06:50,176 [INFO] CodeEngine:289 - Generated code: /home/krushna/CDAC_Project/HAL_CAN_TX/Core/Src/stm32f4xx_hal_msp.c
2026-02-03 09:06:50,177 [INFO] CodeEngine:265 - oldGeneratedFile, /home/krushna/CDAC_Project/HAL_CAN_TX/MXTmpFiles/system.tmp_save
2026-02-03 09:06:50,233 [INFO] CodeEngine:289 - Generated code: /home/krushna/CDAC_Project/HAL_CAN_TX/MXTmpFiles/system.tmp
2026-02-03 09:06:50,236 [INFO] CodeEngine:321 - oldGeneratedFile, /home/krushna/CDAC_Project/HAL_CAN_TX/Core/Inc/stm32f4xx_hal_conf.h_save
2026-02-03 09:06:50,309 [INFO] CodeEngine:345 - Generated code: /home/krushna/CDAC_Project/HAL_CAN_TX/Core/Inc/stm32f4xx_hal_conf.h
2026-02-03 09:06:50,326 [WARN] IPConfigManager:3811 - IP not found : TIM
2026-02-03 09:06:50,326 [WARN] CodeGenerator:4259 - IP not found : null
2026-02-03 09:06:50,329 [INFO] CodeEngine:265 - oldGeneratedFile, /home/krushna/CDAC_Project/HAL_CAN_TX/Core/Inc/main.h_save
2026-02-03 09:06:50,389 [INFO] CodeEngine:289 - Generated code: /home/krushna/CDAC_Project/HAL_CAN_TX/Core/Inc/main.h
2026-02-03 09:06:50,390 [INFO] CodeEngine:265 - oldGeneratedFile, /home/krushna/CDAC_Project/HAL_CAN_TX/Core/Src/main.c_save
2026-02-03 09:06:50,490 [INFO] CodeEngine:289 - Generated code: /home/krushna/CDAC_Project/HAL_CAN_TX/Core/Src/main.c
2026-02-03 09:06:50,754 [INFO] ProjectBuilder:3606 - Time for Copy HAL[1] : 20mS.
2026-02-03 09:06:50,757 [INFO] ProjectBuilder:5216 - Project Generator version: 4.7.0-B52
2026-02-03 09:06:50,839 [INFO] ConfigFileManager:1595 - The Die is : DIE413
2026-02-03 09:06:51,408 [INFO] ProjectBuilder:5496 - Time for Generating toolchain IDE Files: 650mS.
2026-02-03 09:06:51,408 [INFO] ProjectBuilder:3463 - Time for Copy CMSIS : 0mS.
2026-02-03 09:06:51,409 [INFO] ProjectBuilder:3463 - Time for Copy CMSIS : 0mS.
2026-02-03 09:41:33,613 [WARN] IP:2250 - I2C_Coeff_DF not found: check if there is a RefParameter without a condition.
2026-02-03 09:41:33,613 [WARN] IP:2250 - Analog_Filter not found: check if there is a RefParameter without a condition.
2026-02-03 09:41:33,634 [WARN] IP:2250 - I2C_Coeff_DF not found: check if there is a RefParameter without a condition.
2026-02-03 09:41:33,635 [WARN] IP:2250 - Analog_Filter not found: check if there is a RefParameter without a condition.
2026-02-03 09:41:33,635 [WARN] IP:2250 - I2C_Coeff_DF not found: check if there is a RefParameter without a condition.
2026-02-03 09:41:33,635 [WARN] IP:2250 - Analog_Filter not found: check if there is a RefParameter without a condition.
2026-02-03 09:41:33,684 [WARN] IP:2250 - I2C_Coeff_DF not found: check if there is a RefParameter without a condition.
2026-02-03 09:41:33,684 [WARN] IP:2250 - Analog_Filter not found: check if there is a RefParameter without a condition.
2026-02-03 09:41:33,686 [WARN] IP:2250 - I2C_Coeff_DF not found: check if there is a RefParameter without a condition.
2026-02-03 09:41:33,686 [WARN] IP:2250 - Analog_Filter not found: check if there is a RefParameter without a condition.
2026-02-03 09:41:42,564 [WARN] IP:2250 - I2C_Coeff_DF not found: check if there is a RefParameter without a condition.
2026-02-03 09:41:42,565 [WARN] IP:2250 - Analog_Filter not found: check if there is a RefParameter without a condition.
2026-02-03 09:41:42,580 [WARN] IP:2250 - I2C_Coeff_DF not found: check if there is a RefParameter without a condition.
2026-02-03 09:41:42,580 [WARN] IP:2250 - Analog_Filter not found: check if there is a RefParameter without a condition.
2026-02-03 09:41:42,580 [WARN] IP:2250 - I2C_Coeff_DF not found: check if there is a RefParameter without a condition.
2026-02-03 09:41:42,580 [WARN] IP:2250 - Analog_Filter not found: check if there is a RefParameter without a condition.
2026-02-03 09:41:42,618 [WARN] IP:2250 - I2C_Coeff_DF not found: check if there is a RefParameter without a condition.
2026-02-03 09:41:42,619 [WARN] IP:2250 - Analog_Filter not found: check if there is a RefParameter without a condition.
2026-02-03 09:41:42,620 [WARN] IP:2250 - I2C_Coeff_DF not found: check if there is a RefParameter without a condition.
2026-02-03 09:41:42,620 [WARN] IP:2250 - Analog_Filter not found: check if there is a RefParameter without a condition.
2026-02-03 09:41:45,645 [INFO] UtilMem:75 - End SaveConfig() Used Memory: 373762736 Bytes (961544192)
2026-02-03 09:41:47,435 [INFO] UtilMem:75 - End SaveConfig() Used Memory: 515842736 Bytes (961544192)
2026-02-03 09:41:50,434 [INFO] UtilMem:75 - End SaveConfig() Used Memory: 559360688 Bytes (961544192)
2026-02-03 09:41:50,588 [INFO] BlockDiagram:2775 - set Specific Code input for plugin: TIM1_8
2026-02-03 09:41:50,588 [INFO] BlockDiagram:2775 - set Specific Code input for plugin: CAN
2026-02-03 09:41:50,588 [INFO] BlockDiagram:2775 - set Specific Code input for plugin: ADC
2026-02-03 09:41:50,588 [INFO] BlockDiagram:2775 - set Specific Code input for plugin: SYS
2026-02-03 09:41:50,588 [INFO] BlockDiagram:2775 - set Specific Code input for plugin: RCC
2026-02-03 09:41:50,588 [INFO] BlockDiagram:2775 - set Specific Code input for plugin: I2C
2026-02-03 09:41:50,588 [INFO] BlockDiagram:2775 - set Specific Code input for plugin: NVIC
2026-02-03 09:41:50,588 [INFO] BlockDiagram:2775 - set Specific Code input for plugin: USART
2026-02-03 09:41:50,589 [INFO] BlockDiagram:2775 - set Specific Code input for plugin: GPIO
2026-02-03 09:41:50,589 [INFO] CodeGenerator:892 - code generatio: config db path: /home/krushna/.stm32cubemx/databases/DB.6.0.130/db/
2026-02-03 09:41:50,602 [WARN] IP:2250 - I2C_Coeff_DF not found: check if there is a RefParameter without a condition.
2026-02-03 09:41:50,602 [WARN] IP:2250 - Analog_Filter not found: check if there is a RefParameter without a condition.
2026-02-03 09:41:50,768 [INFO] CodeEngine:265 - oldGeneratedFile, /home/krushna/CDAC_Project/HAL_CAN_TX/MXTmpFiles/license.tmp_save
2026-02-03 09:41:51,083 [INFO] CodeEngine:289 - Generated code: /home/krushna/CDAC_Project/HAL_CAN_TX/MXTmpFiles/license.tmp
2026-02-03 09:41:51,122 [INFO] CodeEngine:265 - oldGeneratedFile, /home/krushna/CDAC_Project/HAL_CAN_TX/MXTmpFiles/gpio.tmp_save
2026-02-03 09:41:51,286 [INFO] CodeEngine:289 - Generated code: /home/krushna/CDAC_Project/HAL_CAN_TX/MXTmpFiles/gpio.tmp
2026-02-03 09:41:51,616 [INFO] CodeEngine:265 - oldGeneratedFile, /home/krushna/CDAC_Project/HAL_CAN_TX/Core/Src/stm32f4xx_it.c_save
2026-02-03 09:41:51,908 [INFO] CodeEngine:289 - Generated code: /home/krushna/CDAC_Project/HAL_CAN_TX/Core/Src/stm32f4xx_it.c
2026-02-03 09:41:51,910 [INFO] CodeEngine:265 - oldGeneratedFile, /home/krushna/CDAC_Project/HAL_CAN_TX/Core/Inc/stm32f4xx_it.h_save
2026-02-03 09:41:51,994 [INFO] CodeEngine:289 - Generated code: /home/krushna/CDAC_Project/HAL_CAN_TX/Core/Inc/stm32f4xx_it.h
2026-02-03 09:41:52,003 [INFO] CodeEngine:265 - oldGeneratedFile, /home/krushna/CDAC_Project/HAL_CAN_TX/Core/Src/stm32f4xx_hal_msp.c_save
2026-02-03 09:41:52,144 [INFO] CodeEngine:289 - Generated code: /home/krushna/CDAC_Project/HAL_CAN_TX/Core/Src/stm32f4xx_hal_msp.c
2026-02-03 09:41:52,146 [INFO] CodeEngine:265 - oldGeneratedFile, /home/krushna/CDAC_Project/HAL_CAN_TX/MXTmpFiles/system.tmp_save
2026-02-03 09:41:52,200 [INFO] CodeEngine:289 - Generated code: /home/krushna/CDAC_Project/HAL_CAN_TX/MXTmpFiles/system.tmp
2026-02-03 09:41:52,204 [INFO] CodeEngine:321 - oldGeneratedFile, /home/krushna/CDAC_Project/HAL_CAN_TX/Core/Inc/stm32f4xx_hal_conf.h_save
2026-02-03 09:41:52,280 [INFO] CodeEngine:345 - Generated code: /home/krushna/CDAC_Project/HAL_CAN_TX/Core/Inc/stm32f4xx_hal_conf.h
2026-02-03 09:41:52,300 [INFO] ApiDbMcu:532 - Load IP Config File for I2C1
2026-02-03 09:41:52,303 [WARN] IPConfigManager:3811 - IP not found : TIM
2026-02-03 09:41:52,303 [WARN] CodeGenerator:4259 - IP not found : null
2026-02-03 09:41:52,305 [INFO] CodeEngine:265 - oldGeneratedFile, /home/krushna/CDAC_Project/HAL_CAN_TX/Core/Inc/main.h_save
2026-02-03 09:41:52,402 [INFO] CodeEngine:289 - Generated code: /home/krushna/CDAC_Project/HAL_CAN_TX/Core/Inc/main.h
2026-02-03 09:41:52,403 [INFO] CodeEngine:265 - oldGeneratedFile, /home/krushna/CDAC_Project/HAL_CAN_TX/Core/Src/main.c_save
2026-02-03 09:41:52,512 [INFO] CodeEngine:289 - Generated code: /home/krushna/CDAC_Project/HAL_CAN_TX/Core/Src/main.c
2026-02-03 09:41:52,696 [INFO] ProjectBuilder:3606 - Time for Copy HAL[1] : 28mS.
2026-02-03 09:41:52,697 [INFO] ProjectBuilder:5216 - Project Generator version: 4.7.0-B52
2026-02-03 09:41:52,772 [INFO] ConfigFileManager:1595 - The Die is : DIE413
2026-02-03 09:41:53,379 [INFO] ProjectBuilder:5496 - Time for Generating toolchain IDE Files: 682mS.
2026-02-03 09:41:53,379 [INFO] ProjectBuilder:3463 - Time for Copy CMSIS : 0mS.
2026-02-03 09:41:53,380 [INFO] ProjectBuilder:3463 - Time for Copy CMSIS : 0mS.
2026-02-03 09:42:24,377 [INFO] WebApp:194 - Connection lost
2026-02-03 09:42:24,871 [INFO] WebApp:191 - Connection restablished
2026-02-03 09:59:39,431 [INFO] WebApp:194 - Connection lost
2026-02-03 10:05:57,487 [INFO] WebApp:191 - Connection restablished
2026-02-03 10:06:00,327 [INFO] WebApp:194 - Connection lost
2026-02-03 10:06:00,610 [INFO] WebApp:191 - Connection restablished
2026-02-03 10:06:20,337 [INFO] MainUpdater:2872 - connection check result : 10
2026-02-03 10:06:20,337 [INFO] MainUpdater:2872 - connection check result : 10
2026-02-03 10:06:20,381 [INFO] MicroXplorer:468 - Change Database Path : 
2026-02-03 10:06:20,381 [INFO] MicroXplorer:498 - Change Database Version : DB.6.0.150
2026-02-03 10:06:20,396 [ERROR] ProjectManagerView:395 - 
java.lang.NullPointerException: Cannot invoke "javax.swing.JTextField.getText()" because the return value of "java.util.List.get(int)" is null
	at com.st.microxplorer.plugins.projectmanager.gui.ProjectChoiceTab$9.caretUpdate(ProjectChoiceTab.java:2706) ~[filemanager.jar:?]
	at javax.swing.text.JTextComponent.fireCaretUpdate(JTextComponent.java:408) ~[?:?]
	at javax.swing.text.JTextComponent$MutableCaretEvent.fire(JTextComponent.java:4484) ~[?:?]
	at javax.swing.text.JTextComponent$MutableCaretEvent.stateChanged(JTextComponent.java:4506) ~[?:?]
	at javax.swing.text.DefaultCaret.fireStateChanged(DefaultCaret.java:857) ~[?:?]
	at javax.swing.text.DefaultCaret.changeCaretPosition(DefaultCaret.java:1343) ~[?:?]
	at javax.swing.text.DefaultCaret.handleSetDot(DefaultCaret.java:1242) ~[?:?]
	at javax.swing.text.DefaultCaret.setDot(DefaultCaret.java:1223) ~[?:?]
	at javax.swing.text.DefaultCaret$Handler.insertUpdate(DefaultCaret.java:1819) ~[?:?]
	at javax.swing.text.AbstractDocument.fireInsertUpdate(AbstractDocument.java:227) ~[?:?]
	at javax.swing.text.AbstractDocument.handleInsertString(AbstractDocument.java:781) ~[?:?]
	at javax.swing.text.AbstractDocument.insertString(AbstractDocument.java:740) ~[?:?]
	at javax.swing.text.PlainDocument.insertString(PlainDocument.java:131) ~[?:?]
	at javax.swing.text.AbstractDocument.replace(AbstractDocument.java:699) ~[?:?]
	at javax.swing.text.JTextComponent.setText(JTextComponent.java:1725) ~[?:?]
	at com.st.microxplorer.plugins.projectmanager.gui.ProjectChoiceTab.createHeapStackFields(ProjectChoiceTab.java:993) ~[filemanager.jar:?]
	at com.st.microxplorer.plugins.projectmanager.gui.ProjectChoiceTab.buildLinkSettingsPanel(ProjectChoiceTab.java:3813) ~[filemanager.jar:?]
	at com.st.microxplorer.plugins.projectmanager.gui.ProjectChoiceTab.defineWindowsFields(ProjectChoiceTab.java:1987) ~[filemanager.jar:?]
	at com.st.microxplorer.plugins.projectmanager.gui.ProjectChoiceTab.updateSettings(ProjectChoiceTab.java:558) ~[filemanager.jar:?]
	at com.st.microxplorer.plugins.projectmanager.gui.ProjectSettingsPanel.UpdateDialog(ProjectSettingsPanel.java:247) ~[filemanager.jar:?]
	at com.st.microxplorer.plugins.projectmanager.ProjectManagerView.propertyChange(ProjectManagerView.java:392) ~[filemanager.jar:?]
	at java.beans.PropertyChangeSupport.fire(PropertyChangeSupport.java:343) ~[?:?]
	at java.beans.PropertyChangeSupport.firePropertyChange(PropertyChangeSupport.java:335) ~[?:?]
	at java.beans.PropertyChangeSupport.firePropertyChange(PropertyChangeSupport.java:268) ~[?:?]
	at com.st.microxplorer.util.MXPropertyChangeSupport.firePropertyChange(MXPropertyChangeSupport.java:54) ~[STM32CubeMX.jar:?]
	at com.st.microxplorer.mxsystem.MxSystem.closeConfig(MxSystem.java:899) ~[STM32CubeMX.jar:?]
	at com.st.microxplorer.maingui.MainPanel.closeConfig(MainPanel.java:792) ~[STM32CubeMX.jar:?]
	at com.st.microxplorer.plugins.filemanager.engine.OpenFileManager.loadConfigurationFile(OpenFileManager.java:288) ~[filemanager.jar:?]
	at com.st.microxplorer.plugins.filemanager.engine.MainFileManager.userLoadConfig(MainFileManager.java:364) ~[filemanager.jar:?]
	at com.st.microxplorer.plugins.filemanager.engine.MainFileManager.userLoadConfig(MainFileManager.java:342) ~[filemanager.jar:?]
	at com.st.microxplorer.plugins.filemanager.FileManagerView.getSpecificTask(FileManagerView.java:264) ~[filemanager.jar:?]
	at com.st.stm32cube.common.mx.editor.CubeMxEditor.getMxTabbedPaneInstance(CubeMxEditor.java:1198) ~[com.st.stm32cube.common.mx_6.15.0.202507011659/:?]
	at com.st.stm32cube.common.mx.editor.CubeMxEditor$12$1.createSwingComponent(CubeMxEditor.java:1068) ~[com.st.stm32cube.common.mx_6.15.0.202507011659/:?]
	at com.st.stm32cube.common.mx.oss.core.awtswtbridge.EmbeddedSwingComposite.doComponentCreation(EmbeddedSwingComposite.java:492) ~[com.st.stm32cube.common.mx.oss_6.15.0.202507011659/:?]
	at com.st.stm32cube.common.mx.oss.core.awtswtbridge.EmbeddedSwingComposite$4.run(EmbeddedSwingComposite.java:291) ~[com.st.stm32cube.common.mx.oss_6.15.0.202507011659/:?]
	at com.st.stm32cube.common.mx.oss.core.awtswtbridge.AwtEnvironment$2.run(AwtEnvironment.java:166) ~[com.st.stm32cube.common.mx.oss_6.15.0.202507011659/:?]
	at java.awt.event.InvocationEvent.dispatch(InvocationEvent.java:318) ~[?:?]
	at java.awt.EventQueue.dispatchEventImpl(EventQueue.java:773) ~[?:?]
	at java.awt.EventQueue$4.run(EventQueue.java:720) ~[?:?]
	at java.awt.EventQueue$4.run(EventQueue.java:714) ~[?:?]
	at java.security.AccessController.doPrivileged(AccessController.java:400) ~[?:?]
	at java.security.ProtectionDomain$JavaSecurityAccessImpl.doIntersectionPrivilege(ProtectionDomain.java:87) ~[?:?]
	at java.awt.EventQueue.dispatchEvent(EventQueue.java:742) ~[?:?]
	at java.awt.EventDispatchThread.pumpOneEventForFilters(EventDispatchThread.java:203) ~[?:?]
	at java.awt.EventDispatchThread.pumpEventsForFilter(EventDispatchThread.java:124) ~[?:?]
	at java.awt.EventDispatchThread.pumpEventsForHierarchy(EventDispatchThread.java:113) ~[?:?]
	at java.awt.EventDispatchThread.pumpEvents(EventDispatchThread.java:109) ~[?:?]
	at java.awt.EventDispatchThread.pumpEvents(EventDispatchThread.java:101) ~[?:?]
	at java.awt.EventDispatchThread.run(EventDispatchThread.java:90) ~[?:?]
2026-02-03 10:06:20,398 [WARN] ThirdParty:871 - waiting for thirdparty lock release [close project]
2026-02-03 10:06:20,398 [INFO] ThirdParty:873 - entering critical section [close project]
2026-02-03 10:06:20,398 [INFO] ThirdParty:883 - exiting critical section [close project]
2026-02-03 10:06:20,400 [INFO] PinOutPanel:1589 - setPackage(No Configuration,No Configuration)
2026-02-03 10:06:20,405 [WARN] IpParametersView:155 - Warning: This peripheral hasn't parameters
2026-02-03 10:06:20,409 [WARN] MainPanel:289 - <html><b><center>Warning: This peripheral has no parameters to be configured<br></b></html>
2026-02-03 10:06:20,413 [INFO] UtilMem:75 - Begin LoadConfig() Used Memory: 720131440 Bytes (940572672)
2026-02-03 10:06:20,415 [INFO] MicroXplorer:468 - Change Database Path : /home/krushna/.stm32cubemx/databases/DB.6.0.130/db/
2026-02-03 10:06:20,416 [INFO] MicroXplorer:498 - Change Database Version : DB.6.0.130
2026-02-03 10:06:22,010 [INFO] OpenFileManager:355 - Change cursor
2026-02-03 10:06:22,056 [INFO] RulesReader:64 - Compatibility file has been processed (297 Rules)
2026-02-03 10:06:22,068 [INFO] Mcu:2029 - Initializing MCU STM32F407V(E-G)Tx STM32F407VGTx STM32F407VGT6
2026-02-03 10:06:23,078 [INFO] Context:786 - Trying to add GPIOservice into a context  which must be forbidden
2026-02-03 10:06:23,815 [INFO] ImportTextPane:234 - (OptionalMessage_ERROR) Pin19 (VP_RIF_VS_RIF1) cannot be retrieved for this MCU
2026-02-03 10:06:23,945 [INFO] RtosManager:558 - Registered RTOS mode: class=CMSIS, group=RTOS, mode=CMSIS_V1, owner=FREERTOS
2026-02-03 10:06:23,945 [INFO] RtosManager:558 - Registered RTOS mode: class=CMSIS, group=RTOS2, mode=CMSIS_V2, owner=FREERTOS
2026-02-03 10:06:23,945 [INFO] RtosManager:558 - Registered RTOS mode: class=RTOS, group=Core, mode=CMSIS_V1, owner=FREERTOS
2026-02-03 10:06:23,945 [INFO] RtosManager:558 - Registered RTOS mode: class=RTOS, group=Core, mode=CMSIS_V2, owner=FREERTOS
2026-02-03 10:06:23,945 [WARN] ModelIntegratedComponent:184 - Missing modes for component STMicroelectronics:FreeRTOS:0.0.1:STMicroelectronics:RTOS:FreeRTOS:Core:::10.2.0:
2026-02-03 10:06:23,951 [WARN] ModelIntegratedComponent:63 - No mode defined for component null
2026-02-03 10:06:23,951 [WARN] ModelIntegratedComponent:63 - No mode defined for component null
2026-02-03 10:06:23,951 [WARN] ModelIntegratedComponent:63 - No mode defined for component null
2026-02-03 10:06:23,951 [WARN] ModelIntegratedComponent:63 - No mode defined for component null
2026-02-03 10:06:23,951 [WARN] ModelIntegratedComponent:63 - No mode defined for component null
2026-02-03 10:06:23,951 [WARN] ModelIntegratedComponent:63 - No mode defined for component null
2026-02-03 10:06:23,951 [WARN] ModelIntegratedComponent:63 - No mode defined for component null
2026-02-03 10:06:23,951 [WARN] ModelIntegratedComponent:63 - No mode defined for component null
2026-02-03 10:06:23,951 [WARN] ModelIntegratedComponent:63 - No mode defined for component null
2026-02-03 10:06:23,952 [WARN] ModelIntegratedComponent:63 - No mode defined for component null
2026-02-03 10:06:23,952 [WARN] ModelIntegratedComponent:63 - No mode defined for component null
2026-02-03 10:06:23,952 [WARN] ModelIntegratedComponent:63 - No mode defined for component null
2026-02-03 10:06:23,952 [WARN] ModelIntegratedComponent:63 - No mode defined for component null
2026-02-03 10:06:23,952 [WARN] ModelIntegratedComponent:63 - No mode defined for component null
2026-02-03 10:06:23,952 [WARN] ModelIntegratedComponent:63 - No mode defined for component null
2026-02-03 10:06:23,952 [WARN] ModelIntegratedComponent:63 - No mode defined for component null
2026-02-03 10:06:23,952 [WARN] ModelIntegratedComponent:63 - No mode defined for component null
2026-02-03 10:06:23,952 [WARN] ModelIntegratedComponent:63 - No mode defined for component null
2026-02-03 10:06:23,952 [WARN] ModelIntegratedComponent:63 - No mode defined for component null
2026-02-03 10:06:23,952 [WARN] ModelIntegratedComponent:63 - No mode defined for component null
2026-02-03 10:06:23,952 [WARN] ModelIntegratedComponent:63 - No mode defined for component null
2026-02-03 10:06:23,952 [WARN] ModelIntegratedComponent:63 - No mode defined for component null
2026-02-03 10:06:23,952 [WARN] ModelIntegratedComponent:63 - No mode defined for component null
2026-02-03 10:06:23,952 [WARN] ModelIntegratedComponent:63 - No mode defined for component null
2026-02-03 10:06:23,952 [WARN] ModelIntegratedComponent:63 - No mode defined for component null
2026-02-03 10:06:23,952 [WARN] ModelIntegratedComponent:63 - No mode defined for component null
2026-02-03 10:06:23,952 [WARN] ModelIntegratedComponent:63 - No mode defined for component null
2026-02-03 10:06:23,952 [WARN] ModelIntegratedComponent:63 - No mode defined for component null
2026-02-03 10:06:23,952 [WARN] ModelIntegratedComponent:63 - No mode defined for component null
2026-02-03 10:06:23,952 [WARN] ModelIntegratedComponent:63 - No mode defined for component null
2026-02-03 10:06:23,952 [WARN] ModelIntegratedComponent:63 - No mode defined for component null
2026-02-03 10:06:23,952 [WARN] ModelIntegratedComponent:63 - No mode defined for component null
2026-02-03 10:06:23,952 [WARN] ModelIntegratedComponent:63 - No mode defined for component null
2026-02-03 10:06:23,952 [WARN] ModelIntegratedComponent:63 - No mode defined for component null
2026-02-03 10:06:23,952 [WARN] ModelIntegratedComponent:63 - No mode defined for component null
2026-02-03 10:06:23,952 [WARN] ModelPack:524 - Component already loaded: STMicroelectronics:HAL Drivers:0.0.0:STMicroelectronics:Device:STMicro_Driver:XSPI:HAL::0.0.1:HAL_XSPI
2026-02-03 10:06:24,022 [INFO] ThirdPartyModel:298 - Start build external matchings
2026-02-03 10:06:24,455 [INFO] ThirdPartyModel:316 - End build external matchings
2026-02-03 10:06:24,476 [INFO] ImportTextPane:234 - (OptionalMessage_ERROR) IP (RCC) : Parameter (RTCHSEDivFreq_Value) has invalid value (4000000)
2026-02-03 10:06:24,652 [INFO] UtilMem:75 - End LoadConfig() Used Memory: 312167760 Bytes (940572672)
2026-02-03 10:06:24,663 [WARN] ThirdParty:833 - waiting for thirdparty lock release [change project]
2026-02-03 10:06:24,663 [INFO] ThirdParty:835 - entering critical section [change project]
2026-02-03 10:06:24,663 [INFO] ThirdParty:1030 - CMSIS Pack Vendor :STMicroelectronics X-CUBE-PM33A1 1.0.0
2026-02-03 10:06:24,663 [INFO] ThirdParty:1030 - CMSIS Pack Vendor :STMicroelectronics USBPD 4.1
2026-02-03 10:06:24,663 [INFO] ThirdParty:1030 - CMSIS Pack Vendor :STMicroelectronics X-CUBE-NFC9 1.0.0
2026-02-03 10:06:24,663 [INFO] ThirdParty:1030 - CMSIS Pack Vendor :STMicroelectronics USB_HOST 2.0.0
2026-02-03 10:06:24,663 [INFO] ThirdParty:1030 - CMSIS Pack Vendor :STMicroelectronics FP-SNS-MOTENVWB1 1.4.0
2026-02-03 10:06:24,663 [INFO] ThirdParty:1030 - CMSIS Pack Vendor :STMicroelectronics X-CUBE-AZRTOS-F4 1.1.0
2026-02-03 10:06:24,664 [INFO] ThirdParty:1030 - CMSIS Pack Vendor :STMicroelectronics LIBJPEG 8.0.0
2026-02-03 10:06:24,664 [INFO] ThirdParty:1030 - CMSIS Pack Vendor :STMicroelectronics FP-ATR-ASTRA1 2.0.2
2026-02-03 10:06:24,664 [INFO] ThirdParty:1030 - CMSIS Pack Vendor :STMicroelectronics X-CUBE-BLE1 7.1.0
2026-02-03 10:06:24,664 [INFO] ThirdParty:1030 - CMSIS Pack Vendor :Avnet-IotConnect X-CUBE-IoTC-DA16k-PMOD 1.0.0
2026-02-03 10:06:24,664 [INFO] ThirdParty:1030 - CMSIS Pack Vendor :STMicroelectronics X-CUBE-SMBUS 2.1.0
2026-02-03 10:06:24,664 [INFO] ThirdParty:1030 - CMSIS Pack Vendor :wolfSSL I-CUBE-wolfMQTT 1.19.2
2026-02-03 10:06:24,664 [INFO] ThirdParty:1030 - CMSIS Pack Vendor :STMicroelectronics USB_DEVICE 3.0.0
2026-02-03 10:06:24,664 [INFO] ThirdParty:1030 - CMSIS Pack Vendor :STMicroelectronics X-CUBE-ISPU 2.1.0
2026-02-03 10:06:24,664 [INFO] ThirdParty:1030 - CMSIS Pack Vendor :STMicroelectronics X-CUBE-FREERTOS 1.4.0
2026-02-03 10:06:24,664 [INFO] ThirdParty:1030 - CMSIS Pack Vendor :STMicroelectronics X-CUBE-IPS 3.2.0
2026-02-03 10:06:24,664 [INFO] ThirdParty:1030 - CMSIS Pack Vendor :STMicroelectronics X-CUBE-AZRTOS-WB 2.0.0
2026-02-03 10:06:24,664 [INFO] ThirdParty:1030 - CMSIS Pack Vendor :STMicroelectronics X-CUBE-ST60 1.0.0
2026-02-03 10:06:24,664 [INFO] ThirdParty:1030 - CMSIS Pack Vendor :STMicroelectronics X-CUBE-GNSS1 7.0.1
2026-02-03 10:06:24,664 [INFO] ThirdParty:1030 - CMSIS Pack Vendor :STMicroelectronics X-CUBE-AZRTOS-F7 1.1.0
2026-02-03 10:06:24,664 [INFO] ThirdParty:1030 - CMSIS Pack Vendor :STMicroelectronics X-CUBE-AZRTOS-L5 2.0.0
2026-02-03 10:06:24,664 [INFO] ThirdParty:1030 - CMSIS Pack Vendor :STMicroelectronics X-CUBE-TOUCHGFX 4.25.0
2026-02-03 10:06:24,664 [INFO] ThirdParty:1030 - CMSIS Pack Vendor :STMicroelectronics USB_DEVICE 2.0.0
2026-02-03 10:06:24,664 [INFO] ThirdParty:1030 - CMSIS Pack Vendor :STMicroelectronics X-CUBE-NFC6 3.1.0
2026-02-03 10:06:24,664 [INFO] ThirdParty:1030 - CMSIS Pack Vendor :STMicroelectronics X-CUBE-ST67W61 1.1.0
2026-02-03 10:06:24,664 [INFO] ThirdParty:1030 - CMSIS Pack Vendor :Cesanta I-CUBE-Mongoose 7.19.0
2026-02-03 10:06:24,664 [INFO] ThirdParty:1030 - CMSIS Pack Vendor :quantropi X-CUBE-qispace-sdk-base 2.1.0
2026-02-03 10:06:24,664 [INFO] ThirdParty:1030 - CMSIS Pack Vendor :STMicroelectronics X-CUBE-MEMS1 12.0.0
2026-02-03 10:06:24,664 [INFO] ThirdParty:1030 - CMSIS Pack Vendor :STMicroelectronics X-CUBE-STSE01 2.0.0
2026-02-03 10:06:24,664 [INFO] ThirdParty:1030 - CMSIS Pack Vendor :STMicroelectronics FP-SNS-MOTENV1 5.1.0
2026-02-03 10:06:24,664 [INFO] ThirdParty:1030 - CMSIS Pack Vendor :STMicroelectronics FreeRTOS 0.0.1
2026-02-03 10:06:24,664 [INFO] ThirdParty:1030 - CMSIS Pack Vendor :STMicroelectronics X-CUBE-AZRTOS-G0 1.1.0
2026-02-03 10:06:24,664 [INFO] ThirdParty:1030 - CMSIS Pack Vendor :STMicroelectronics X-CUBE-SAFEA1 1.2.2
2026-02-03 10:06:24,664 [INFO] ThirdParty:1030 - CMSIS Pack Vendor :STMicroelectronics X-CUBE-NFC4 3.0.0
2026-02-03 10:06:24,664 [INFO] ThirdParty:1030 - CMSIS Pack Vendor :STMicroelectronics X-CUBE-SUBG2 5.0.0
2026-02-03 10:06:24,664 [INFO] ThirdParty:1030 - CMSIS Pack Vendor :STMicroelectronics X-CUBE-AZRTOS-H7RS 1.1.0
2026-02-03 10:06:24,664 [INFO] ThirdParty:1030 - CMSIS Pack Vendor :STMicroelectronics STM32_WPAN 1.0.0
2026-02-03 10:06:24,664 [INFO] ThirdParty:1030 - CMSIS Pack Vendor :EmbeddedOffice I-CUBE-FS-RTOS 1.0.1
2026-02-03 10:06:24,664 [INFO] ThirdParty:1030 - CMSIS Pack Vendor :STMicroelectronics lwIP 2.0.3
2026-02-03 10:06:24,664 [INFO] ThirdParty:1030 - CMSIS Pack Vendor :WES I-CUBE-Cesium 1.4.0
2026-02-03 10:06:24,664 [INFO] ThirdParty:1030 - CMSIS Pack Vendor :STMicroelectronics USB_HOST 1.0.0
2026-02-03 10:06:24,664 [INFO] ThirdParty:1030 - CMSIS Pack Vendor :Infineon AIROC-Wi-Fi-Bluetooth-STM32 1.7.1
2026-02-03 10:06:24,664 [INFO] ThirdParty:1030 - CMSIS Pack Vendor :STMicroelectronics X-CUBE-AZRTOS-G4 2.0.0
2026-02-03 10:06:24,664 [INFO] ThirdParty:1030 - CMSIS Pack Vendor :STMicroelectronics X-CUBE-WB05N 2.0.0
2026-02-03 10:06:24,664 [INFO] ThirdParty:1030 - CMSIS Pack Vendor :STMicroelectronics PDM2PCM 3.1.0
2026-02-03 10:06:24,664 [INFO] ThirdParty:1030 - CMSIS Pack Vendor :STMicroelectronics PDM2PCM 3.3.0
2026-02-03 10:06:24,664 [INFO] ThirdParty:1030 - CMSIS Pack Vendor :wolfSSL I-CUBE-wolfTPM 3.8.0
2026-02-03 10:06:24,664 [INFO] ThirdParty:1030 - CMSIS Pack Vendor :STMicroelectronics X-CUBE-DISPLAY 3.0.0
2026-02-03 10:06:24,664 [INFO] ThirdParty:1030 - CMSIS Pack Vendor :wolfSSL I-CUBE-wolfSSH 1.4.20
2026-02-03 10:06:24,664 [INFO] ThirdParty:1030 - CMSIS Pack Vendor :STMicroelectronics X-CUBE-NFC7 2.0.0
2026-02-03 10:06:24,664 [INFO] ThirdParty:1030 - CMSIS Pack Vendor :STMicroelectronics X-CUBE-TCPP 4.2.0
2026-02-03 10:06:24,664 [INFO] ThirdParty:1030 - CMSIS Pack Vendor :RealThread X-CUBE-RT-Thread_Nano 4.1.1
2026-02-03 10:06:24,664 [INFO] ThirdParty:1030 - CMSIS Pack Vendor :STMicroelectronics FP-ATR-SIGFOX1 3.2.0
2026-02-03 10:06:24,664 [INFO] ThirdParty:1030 - CMSIS Pack Vendor :STMicroelectronics X-CUBE-NFC10 1.0.0
2026-02-03 10:06:24,664 [INFO] ThirdParty:1030 - CMSIS Pack Vendor :STMicroelectronics X-CUBE-FREERTOS 1.3.1
2026-02-03 10:06:24,664 [INFO] ThirdParty:1030 - CMSIS Pack Vendor :STMicroelectronics HAL Drivers 0.0.0
2026-02-03 10:06:24,664 [INFO] ThirdParty:1030 - CMSIS Pack Vendor :STMicroelectronics MBEDTLS 2.16.2
2026-02-03 10:06:24,664 [INFO] ThirdParty:1030 - CMSIS Pack Vendor :STMicroelectronics X-CUBE-ST60 1.1.0
2026-02-03 10:06:24,664 [INFO] ThirdParty:1030 - CMSIS Pack Vendor :STMicroelectronics X-CUBE-IPS 3.1.0
2026-02-03 10:06:24,665 [INFO] ThirdParty:1030 - CMSIS Pack Vendor :STMicroelectronics X-CUBE-ALS 1.0.2
2026-02-03 10:06:24,665 [INFO] ThirdParty:1030 - CMSIS Pack Vendor :emotas I-CUBE-CANOPEN 1.3.0
2026-02-03 10:06:24,665 [INFO] ThirdParty:1030 - CMSIS Pack Vendor :STMicroelectronics MBEDTLS 2.14.1
2026-02-03 10:06:24,665 [INFO] ThirdParty:1030 - CMSIS Pack Vendor :STMicroelectronics X-CUBE-GNSS1 7.1.0
2026-02-03 10:06:24,665 [INFO] ThirdParty:1030 - CMSIS Pack Vendor :ITTIA_DB I-CUBE-ITTIADB 8.9.0
2026-02-03 10:06:24,665 [INFO] ThirdParty:1030 - CMSIS Pack Vendor :STMicroelectronics X-CUBE-TOUCHGFX 4.26.0
2026-02-03 10:06:24,665 [INFO] ThirdParty:1030 - CMSIS Pack Vendor :STMicroelectronics X-CUBE-STSE01 1.0.0
2026-02-03 10:06:24,665 [INFO] ThirdParty:1030 - CMSIS Pack Vendor :STMicroelectronics X-CUBE-NFC6 3.2.0
2026-02-03 10:06:24,665 [INFO] ThirdParty:1030 - CMSIS Pack Vendor :STMicroelectronics X-CUBE-ST67W61 1.0.0
2026-02-03 10:06:24,665 [INFO] ThirdParty:1030 - CMSIS Pack Vendor :STMicroelectronics ThreadX 1.0.0
2026-02-03 10:06:24,665 [INFO] ThirdParty:1030 - CMSIS Pack Vendor :STMicroelectronics FP-SNS-SMARTAG2 1.2.0
2026-02-03 10:06:24,665 [INFO] ThirdParty:1030 - CMSIS Pack Vendor :STMicroelectronics FP-SNS-FLIGHT1 5.1.0
2026-02-03 10:06:24,665 [INFO] ThirdParty:1030 - CMSIS Pack Vendor :STMicroelectronics X-CUBE-AZRTOS-WL 2.0.0
2026-02-03 10:06:24,665 [INFO] ThirdParty:1030 - CMSIS Pack Vendor :SEGGER I-CUBE-embOS 1.3.1
2026-02-03 10:06:24,665 [INFO] ThirdParty:1030 - CMSIS Pack Vendor :STMicroelectronics X-CUBE-ALGOBUILD 1.4.0
2026-02-03 10:06:24,665 [INFO] ThirdParty:1030 - CMSIS Pack Vendor :STMicroelectronics X-CUBE-DPower 1.3.0
2026-02-03 10:06:24,665 [INFO] ThirdParty:1030 - CMSIS Pack Vendor :STMicroelectronics X-CUBE-MEMS1 11.3.0
2026-02-03 10:06:24,665 [INFO] ThirdParty:1030 - CMSIS Pack Vendor :STMicroelectronics FP-SNS-MOTENV1 5.0.0
2026-02-03 10:06:24,665 [INFO] ThirdParty:1030 - CMSIS Pack Vendor :STMicroelectronics USB_DEVICE 1.0.0
2026-02-03 10:06:24,665 [INFO] ThirdParty:1030 - CMSIS Pack Vendor :STMicroelectronics X-CUBE-AZRTOS-H7RS 1.2.0
2026-02-03 10:06:24,665 [INFO] ThirdParty:1030 - CMSIS Pack Vendor :STMicroelectronics X-CUBE-AZRTOS-L4 2.0.0
2026-02-03 10:06:24,665 [INFO] ThirdParty:1030 - CMSIS Pack Vendor :STMicroelectronics ThreadX 0.0.2
2026-02-03 10:06:24,665 [INFO] ThirdParty:1030 - CMSIS Pack Vendor :STMicroelectronics lwIP 2.1.2
2026-02-03 10:06:24,665 [INFO] ThirdParty:1030 - CMSIS Pack Vendor :STMicroelectronics X-CUBE-SFXS2LP1 4.0.0
2026-02-03 10:06:24,665 [INFO] ThirdParty:1030 - CMSIS Pack Vendor :STMicroelectronics X-CUBE-BLE2 3.3.0
2026-02-03 10:06:24,665 [INFO] ThirdParty:1030 - CMSIS Pack Vendor :Avnet-IOTCONNECT X-CUBE-iotc-st67-sdk 1.0.0
2026-02-03 10:06:24,665 [INFO] ThirdParty:1030 - CMSIS Pack Vendor :STMicroelectronics X-CUBE-TOF1 3.4.3
2026-02-03 10:06:24,665 [INFO] ThirdParty:1030 - CMSIS Pack Vendor :STMicroelectronics PDM2PCM 3.2.0
2026-02-03 10:06:24,665 [INFO] ThirdParty:1030 - CMSIS Pack Vendor :STMicroelectronics X-CUBE-ST67W61 1.2.0
2026-02-03 10:06:24,665 [INFO] ThirdParty:841 - exiting critical section [change project]
2026-02-03 10:06:25,011 [INFO] PinOutPanel:1589 - setPackage(No Configuration,No Configuration)
2026-02-03 10:06:25,012 [INFO] PinOutPanel:1589 - setPackage(STM32F407VGTx,LQFP100)
2026-02-03 10:06:25,349 [INFO] UtilMem:75 - Before build in PCC Used Memory: 590566736 Bytes (940572672)
2026-02-03 10:06:25,700 [INFO] UtilMem:75 - After build in PCC Used Memory: 642995552 Bytes (940572672)
2026-02-03 10:06:25,727 [INFO] IPUIPlugin:80 - create IPUIPlugin
2026-02-03 10:06:25,727 [INFO] IPUIPlugin:80 - create IPUIPlugin
2026-02-03 10:06:25,727 [INFO] IPUIPlugin:80 - create IPUIPlugin
2026-02-03 10:06:25,727 [INFO] IPUIPlugin:80 - create IPUIPlugin
2026-02-03 10:06:25,727 [INFO] IPUIPlugin:80 - create IPUIPlugin
2026-02-03 10:06:25,728 [INFO] IPUIPlugin:80 - create IPUIPlugin
2026-02-03 10:06:25,728 [INFO] IPUIPlugin:80 - create IPUIPlugin
2026-02-03 10:06:25,728 [INFO] IPUIPlugin:80 - create IPUIPlugin
2026-02-03 10:06:25,728 [INFO] IPUIPlugin:80 - create IPUIPlugin
2026-02-03 10:06:25,728 [INFO] IPUIPlugin:80 - create IPUIPlugin
2026-02-03 10:06:25,728 [INFO] IPUIPlugin:80 - create IPUIPlugin
2026-02-03 10:06:25,728 [INFO] IPUIPlugin:80 - create IPUIPlugin
2026-02-03 10:06:25,729 [INFO] IPUIPlugin:80 - create IPUIPlugin
2026-02-03 10:06:25,729 [INFO] IPUIPlugin:80 - create IPUIPlugin
2026-02-03 10:06:25,729 [INFO] IPUIPlugin:80 - create IPUIPlugin
2026-02-03 10:06:25,729 [INFO] IPUIPlugin:80 - create IPUIPlugin
2026-02-03 10:06:25,729 [INFO] IPUIPlugin:80 - create IPUIPlugin
2026-02-03 10:06:25,729 [INFO] IPUIPlugin:80 - create IPUIPlugin
2026-02-03 10:06:25,729 [INFO] IPUIPlugin:80 - create IPUIPlugin
2026-02-03 10:06:25,729 [INFO] IPUIPlugin:80 - create IPUIPlugin
2026-02-03 10:06:25,729 [INFO] IPUIPlugin:80 - create IPUIPlugin
2026-02-03 10:06:25,729 [INFO] IPUIPlugin:80 - create IPUIPlugin
2026-02-03 10:06:25,730 [INFO] IPUIPlugin:80 - create IPUIPlugin
2026-02-03 10:06:25,730 [INFO] IPUIPlugin:80 - create IPUIPlugin
2026-02-03 10:06:25,730 [INFO] IPUIPlugin:80 - create IPUIPlugin
2026-02-03 10:06:25,730 [INFO] IPUIPlugin:80 - create IPUIPlugin
2026-02-03 10:06:25,730 [INFO] IPUIPlugin:80 - create IPUIPlugin
2026-02-03 10:06:25,730 [INFO] IPUIPlugin:80 - create IPUIPlugin
2026-02-03 10:06:25,731 [INFO] IPUIPlugin:80 - create IPUIPlugin
2026-02-03 10:06:25,731 [INFO] IPUIPlugin:80 - create IPUIPlugin
2026-02-03 10:06:25,731 [INFO] IPUIPlugin:80 - create IPUIPlugin
2026-02-03 10:06:25,731 [INFO] IPUIPlugin:80 - create IPUIPlugin
2026-02-03 10:06:25,731 [INFO] IPUIPlugin:80 - create IPUIPlugin
2026-02-03 10:06:25,731 [INFO] IPUIPlugin:80 - create IPUIPlugin
2026-02-03 10:06:25,732 [INFO] IPUIPlugin:80 - create IPUIPlugin
2026-02-03 10:06:25,732 [INFO] IPUIPlugin:80 - create IPUIPlugin
2026-02-03 10:06:25,732 [INFO] IPUIPlugin:80 - create IPUIPlugin
2026-02-03 10:06:25,732 [INFO] IPUIPlugin:80 - create IPUIPlugin
2026-02-03 10:06:25,732 [INFO] IPUIPlugin:80 - create IPUIPlugin
2026-02-03 10:06:25,732 [INFO] IPUIPlugin:80 - create IPUIPlugin
2026-02-03 10:06:25,732 [INFO] IPUIPlugin:80 - create IPUIPlugin
2026-02-03 10:06:25,732 [INFO] IPUIPlugin:80 - create IPUIPlugin
2026-02-03 10:06:25,733 [INFO] IPUIPlugin:80 - create IPUIPlugin
2026-02-03 10:06:25,733 [INFO] IPUIPlugin:80 - create IPUIPlugin
2026-02-03 10:06:25,733 [INFO] IPUIPlugin:80 - create IPUIPlugin
2026-02-03 10:06:25,733 [INFO] IPUIPlugin:80 - create IPUIPlugin
2026-02-03 10:06:25,733 [INFO] IPUIPlugin:80 - create IPUIPlugin
2026-02-03 10:06:25,733 [INFO] IPUIPlugin:80 - create IPUIPlugin
2026-02-03 10:06:25,734 [INFO] IPUIPlugin:80 - create IPUIPlugin
2026-02-03 10:06:25,734 [INFO] IPUIPlugin:80 - create IPUIPlugin
2026-02-03 10:06:25,734 [INFO] IPUIPlugin:80 - create IPUIPlugin
2026-02-03 10:06:25,734 [INFO] IPUIPlugin:80 - create IPUIPlugin
2026-02-03 10:06:25,734 [INFO] IPUIPlugin:80 - create IPUIPlugin
2026-02-03 10:06:25,735 [INFO] IPUIPlugin:80 - create IPUIPlugin
2026-02-03 10:06:25,735 [INFO] IPUIPlugin:80 - create IPUIPlugin
2026-02-03 10:06:25,735 [INFO] IPUIPlugin:80 - create IPUIPlugin
2026-02-03 10:06:25,736 [INFO] IPUIPlugin:80 - create IPUIPlugin
2026-02-03 10:06:25,736 [INFO] IPUIPlugin:80 - create IPUIPlugin
2026-02-03 10:06:25,738 [INFO] ApiDbMcu:532 - Load IP Config File for PDM2PCM
2026-02-03 10:06:25,740 [INFO] Can:71 - Can Add PropertyChangeListener com.st.microxplorer.plugins.ip.can.Can@62360d96
2026-02-03 10:06:25,789 [INFO] CADModel:165 - CPN selected for project levelSTM32F407VGT6
2026-02-03 10:06:25,789 [INFO] CADModel:114 - Register for checkConnection events
2026-02-03 10:06:25,828 [INFO] OpenFileManager:386 - Restore cursor
2026-02-03 10:06:51,309 [INFO] MainUpdater:2872 - connection check result : 10
2026-02-03 10:06:51,309 [INFO] MainUpdater:2872 - connection check result : 10
2026-02-03 10:06:51,883 [INFO] MicroXplorer:468 - Change Database Path : 
2026-02-03 10:06:51,883 [INFO] MicroXplorer:498 - Change Database Version : DB.6.0.150
2026-02-03 10:06:51,890 [ERROR] ProjectManagerView:395 - 
java.lang.NullPointerException: Cannot invoke "javax.swing.JTextField.getText()" because the return value of "java.util.List.get(int)" is null
	at com.st.microxplorer.plugins.projectmanager.gui.ProjectChoiceTab$9.caretUpdate(ProjectChoiceTab.java:2706) ~[filemanager.jar:?]
	at javax.swing.text.JTextComponent.fireCaretUpdate(JTextComponent.java:408) ~[?:?]
	at javax.swing.text.JTextComponent$MutableCaretEvent.fire(JTextComponent.java:4484) ~[?:?]
	at javax.swing.text.JTextComponent$MutableCaretEvent.stateChanged(JTextComponent.java:4506) ~[?:?]
	at javax.swing.text.DefaultCaret.fireStateChanged(DefaultCaret.java:857) ~[?:?]
	at javax.swing.text.DefaultCaret.changeCaretPosition(DefaultCaret.java:1343) ~[?:?]
	at javax.swing.text.DefaultCaret.handleSetDot(DefaultCaret.java:1242) ~[?:?]
	at javax.swing.text.DefaultCaret.setDot(DefaultCaret.java:1223) ~[?:?]
	at javax.swing.text.DefaultCaret$Handler.insertUpdate(DefaultCaret.java:1819) ~[?:?]
	at javax.swing.text.AbstractDocument.fireInsertUpdate(AbstractDocument.java:227) ~[?:?]
	at javax.swing.text.AbstractDocument.handleInsertString(AbstractDocument.java:781) ~[?:?]
	at javax.swing.text.AbstractDocument.insertString(AbstractDocument.java:740) ~[?:?]
	at javax.swing.text.PlainDocument.insertString(PlainDocument.java:131) ~[?:?]
	at javax.swing.text.AbstractDocument.replace(AbstractDocument.java:699) ~[?:?]
	at javax.swing.text.JTextComponent.setText(JTextComponent.java:1725) ~[?:?]
	at com.st.microxplorer.plugins.projectmanager.gui.ProjectChoiceTab.createHeapStackFields(ProjectChoiceTab.java:993) ~[filemanager.jar:?]
	at com.st.microxplorer.plugins.projectmanager.gui.ProjectChoiceTab.buildLinkSettingsPanel(ProjectChoiceTab.java:3813) ~[filemanager.jar:?]
	at com.st.microxplorer.plugins.projectmanager.gui.ProjectChoiceTab.defineWindowsFields(ProjectChoiceTab.java:1987) ~[filemanager.jar:?]
	at com.st.microxplorer.plugins.projectmanager.gui.ProjectChoiceTab.updateSettings(ProjectChoiceTab.java:558) ~[filemanager.jar:?]
	at com.st.microxplorer.plugins.projectmanager.gui.ProjectSettingsPanel.UpdateDialog(ProjectSettingsPanel.java:247) ~[filemanager.jar:?]
	at com.st.microxplorer.plugins.projectmanager.ProjectManagerView.propertyChange(ProjectManagerView.java:392) ~[filemanager.jar:?]
	at java.beans.PropertyChangeSupport.fire(PropertyChangeSupport.java:343) ~[?:?]
	at java.beans.PropertyChangeSupport.firePropertyChange(PropertyChangeSupport.java:335) ~[?:?]
	at java.beans.PropertyChangeSupport.firePropertyChange(PropertyChangeSupport.java:268) ~[?:?]
	at com.st.microxplorer.util.MXPropertyChangeSupport.firePropertyChange(MXPropertyChangeSupport.java:54) ~[STM32CubeMX.jar:?]
	at com.st.microxplorer.mxsystem.MxSystem.closeConfig(MxSystem.java:899) ~[STM32CubeMX.jar:?]
	at com.st.microxplorer.maingui.MainPanel.closeConfig(MainPanel.java:792) ~[STM32CubeMX.jar:?]
	at com.st.microxplorer.plugins.filemanager.engine.OpenFileManager.loadConfigurationFile(OpenFileManager.java:288) ~[filemanager.jar:?]
	at com.st.microxplorer.plugins.filemanager.engine.MainFileManager.userLoadConfig(MainFileManager.java:364) ~[filemanager.jar:?]
	at com.st.microxplorer.plugins.filemanager.engine.MainFileManager.userLoadConfig(MainFileManager.java:342) ~[filemanager.jar:?]
	at com.st.microxplorer.plugins.filemanager.FileManagerView.getSpecificTask(FileManagerView.java:264) ~[filemanager.jar:?]
	at com.st.stm32cube.common.mx.editor.CubeMxEditor.getMxTabbedPaneInstance(CubeMxEditor.java:1198) ~[com.st.stm32cube.common.mx_6.15.0.202507011659/:?]
	at com.st.stm32cube.common.mx.editor.CubeMxEditor$12$1.createSwingComponent(CubeMxEditor.java:1068) ~[com.st.stm32cube.common.mx_6.15.0.202507011659/:?]
	at com.st.stm32cube.common.mx.oss.core.awtswtbridge.EmbeddedSwingComposite.doComponentCreation(EmbeddedSwingComposite.java:492) ~[com.st.stm32cube.common.mx.oss_6.15.0.202507011659/:?]
	at com.st.stm32cube.common.mx.oss.core.awtswtbridge.EmbeddedSwingComposite$4.run(EmbeddedSwingComposite.java:291) ~[com.st.stm32cube.common.mx.oss_6.15.0.202507011659/:?]
	at com.st.stm32cube.common.mx.oss.core.awtswtbridge.AwtEnvironment$2.run(AwtEnvironment.java:166) ~[com.st.stm32cube.common.mx.oss_6.15.0.202507011659/:?]
	at java.awt.event.InvocationEvent.dispatch(InvocationEvent.java:318) ~[?:?]
	at java.awt.EventQueue.dispatchEventImpl(EventQueue.java:773) ~[?:?]
	at java.awt.EventQueue$4.run(EventQueue.java:720) ~[?:?]
	at java.awt.EventQueue$4.run(EventQueue.java:714) ~[?:?]
	at java.security.AccessController.doPrivileged(AccessController.java:400) ~[?:?]
	at java.security.ProtectionDomain$JavaSecurityAccessImpl.doIntersectionPrivilege(ProtectionDomain.java:87) ~[?:?]
	at java.awt.EventQueue.dispatchEvent(EventQueue.java:742) ~[?:?]
	at java.awt.EventDispatchThread.pumpOneEventForFilters(EventDispatchThread.java:203) ~[?:?]
	at java.awt.EventDispatchThread.pumpEventsForFilter(EventDispatchThread.java:124) ~[?:?]
	at java.awt.EventDispatchThread.pumpEventsForHierarchy(EventDispatchThread.java:113) ~[?:?]
	at java.awt.EventDispatchThread.pumpEvents(EventDispatchThread.java:109) ~[?:?]
	at java.awt.EventDispatchThread.pumpEvents(EventDispatchThread.java:101) ~[?:?]
	at java.awt.EventDispatchThread.run(EventDispatchThread.java:90) ~[?:?]
2026-02-03 10:06:51,891 [WARN] ThirdParty:871 - waiting for thirdparty lock release [close project]
2026-02-03 10:06:51,891 [INFO] ThirdParty:873 - entering critical section [close project]
2026-02-03 10:06:51,891 [INFO] ThirdParty:883 - exiting critical section [close project]
2026-02-03 10:06:51,893 [INFO] PinOutPanel:1589 - setPackage(No Configuration,No Configuration)
2026-02-03 10:06:51,898 [WARN] IpParametersView:155 - Warning: This peripheral hasn't parameters
2026-02-03 10:06:51,902 [WARN] MainPanel:289 - <html><b><center>Warning: This peripheral has no parameters to be configured<br></b></html>
2026-02-03 10:06:51,906 [INFO] UtilMem:75 - Begin LoadConfig() Used Memory: 556795904 Bytes (940572672)
2026-02-03 10:06:51,908 [INFO] MicroXplorer:468 - Change Database Path : /home/krushna/.stm32cubemx/databases/DB.6.0.130/db/
2026-02-03 10:06:51,908 [INFO] MicroXplorer:498 - Change Database Version : DB.6.0.130
2026-02-03 10:06:53,379 [INFO] OpenFileManager:355 - Change cursor
2026-02-03 10:06:53,390 [INFO] Mcu:2029 - Initializing MCU STM32F407V(E-G)Tx STM32F407VGTx STM32F407VGT6
2026-02-03 10:06:54,253 [INFO] Context:786 - Trying to add GPIOservice into a context  which must be forbidden
2026-02-03 10:06:54,846 [INFO] ImportTextPane:234 - (OptionalMessage_ERROR) Pin17 (VP_RIF_VS_RIF1) cannot be retrieved for this MCU
2026-02-03 10:06:54,906 [INFO] RtosManager:558 - Registered RTOS mode: class=CMSIS, group=RTOS, mode=CMSIS_V1, owner=FREERTOS
2026-02-03 10:06:54,906 [INFO] RtosManager:558 - Registered RTOS mode: class=CMSIS, group=RTOS2, mode=CMSIS_V2, owner=FREERTOS
2026-02-03 10:06:54,906 [INFO] RtosManager:558 - Registered RTOS mode: class=RTOS, group=Core, mode=CMSIS_V1, owner=FREERTOS
2026-02-03 10:06:54,906 [INFO] RtosManager:558 - Registered RTOS mode: class=RTOS, group=Core, mode=CMSIS_V2, owner=FREERTOS
2026-02-03 10:06:54,906 [WARN] ModelIntegratedComponent:184 - Missing modes for component STMicroelectronics:FreeRTOS:0.0.1:STMicroelectronics:RTOS:FreeRTOS:Core:::10.2.0:
2026-02-03 10:06:54,929 [WARN] ModelIntegratedComponent:63 - No mode defined for component null
2026-02-03 10:06:54,929 [WARN] ModelIntegratedComponent:63 - No mode defined for component null
2026-02-03 10:06:54,929 [WARN] ModelIntegratedComponent:63 - No mode defined for component null
2026-02-03 10:06:54,929 [WARN] ModelIntegratedComponent:63 - No mode defined for component null
2026-02-03 10:06:54,929 [WARN] ModelIntegratedComponent:63 - No mode defined for component null
2026-02-03 10:06:54,929 [WARN] ModelIntegratedComponent:63 - No mode defined for component null
2026-02-03 10:06:54,929 [WARN] ModelIntegratedComponent:63 - No mode defined for component null
2026-02-03 10:06:54,929 [WARN] ModelIntegratedComponent:63 - No mode defined for component null
2026-02-03 10:06:54,929 [WARN] ModelIntegratedComponent:63 - No mode defined for component null
2026-02-03 10:06:54,929 [WARN] ModelIntegratedComponent:63 - No mode defined for component null
2026-02-03 10:06:54,929 [WARN] ModelIntegratedComponent:63 - No mode defined for component null
2026-02-03 10:06:54,929 [WARN] ModelIntegratedComponent:63 - No mode defined for component null
2026-02-03 10:06:54,929 [WARN] ModelIntegratedComponent:63 - No mode defined for component null
2026-02-03 10:06:54,929 [WARN] ModelIntegratedComponent:63 - No mode defined for component null
2026-02-03 10:06:54,929 [WARN] ModelIntegratedComponent:63 - No mode defined for component null
2026-02-03 10:06:54,929 [WARN] ModelIntegratedComponent:63 - No mode defined for component null
2026-02-03 10:06:54,929 [WARN] ModelIntegratedComponent:63 - No mode defined for component null
2026-02-03 10:06:54,929 [WARN] ModelIntegratedComponent:63 - No mode defined for component null
2026-02-03 10:06:54,929 [WARN] ModelIntegratedComponent:63 - No mode defined for component null
2026-02-03 10:06:54,929 [WARN] ModelIntegratedComponent:63 - No mode defined for component null
2026-02-03 10:06:54,929 [WARN] ModelIntegratedComponent:63 - No mode defined for component null
2026-02-03 10:06:54,929 [WARN] ModelIntegratedComponent:63 - No mode defined for component null
2026-02-03 10:06:54,929 [WARN] ModelIntegratedComponent:63 - No mode defined for component null
2026-02-03 10:06:54,929 [WARN] ModelIntegratedComponent:63 - No mode defined for component null
2026-02-03 10:06:54,929 [WARN] ModelIntegratedComponent:63 - No mode defined for component null
2026-02-03 10:06:54,929 [WARN] ModelIntegratedComponent:63 - No mode defined for component null
2026-02-03 10:06:54,930 [WARN] ModelIntegratedComponent:63 - No mode defined for component null
2026-02-03 10:06:54,930 [WARN] ModelIntegratedComponent:63 - No mode defined for component null
2026-02-03 10:06:54,930 [WARN] ModelIntegratedComponent:63 - No mode defined for component null
2026-02-03 10:06:54,930 [WARN] ModelIntegratedComponent:63 - No mode defined for component null
2026-02-03 10:06:54,930 [WARN] ModelIntegratedComponent:63 - No mode defined for component null
2026-02-03 10:06:54,930 [WARN] ModelIntegratedComponent:63 - No mode defined for component null
2026-02-03 10:06:54,930 [WARN] ModelIntegratedComponent:63 - No mode defined for component null
2026-02-03 10:06:54,930 [WARN] ModelIntegratedComponent:63 - No mode defined for component null
2026-02-03 10:06:54,930 [WARN] ModelIntegratedComponent:63 - No mode defined for component null
2026-02-03 10:06:54,930 [WARN] ModelPack:524 - Component already loaded: STMicroelectronics:HAL Drivers:0.0.0:STMicroelectronics:Device:STMicro_Driver:XSPI:HAL::0.0.1:HAL_XSPI
2026-02-03 10:06:54,993 [INFO] ThirdPartyModel:298 - Start build external matchings
2026-02-03 10:06:55,418 [INFO] ThirdPartyModel:316 - End build external matchings
2026-02-03 10:06:55,430 [INFO] ImportTextPane:234 - (OptionalMessage_ERROR) IP (RCC) : Parameter (RTCHSEDivFreq_Value) has invalid value (4000000)
2026-02-03 10:06:55,544 [INFO] UtilMem:75 - End LoadConfig() Used Memory: 573575776 Bytes (940572672)
2026-02-03 10:06:55,560 [WARN] ThirdParty:833 - waiting for thirdparty lock release [change project]
2026-02-03 10:06:55,561 [INFO] ThirdParty:835 - entering critical section [change project]
2026-02-03 10:06:55,561 [INFO] ThirdParty:1030 - CMSIS Pack Vendor :STMicroelectronics X-CUBE-PM33A1 1.0.0
2026-02-03 10:06:55,561 [INFO] ThirdParty:1030 - CMSIS Pack Vendor :STMicroelectronics USBPD 4.1
2026-02-03 10:06:55,561 [INFO] ThirdParty:1030 - CMSIS Pack Vendor :STMicroelectronics X-CUBE-NFC9 1.0.0
2026-02-03 10:06:55,561 [INFO] ThirdParty:1030 - CMSIS Pack Vendor :STMicroelectronics USB_HOST 2.0.0
2026-02-03 10:06:55,561 [INFO] ThirdParty:1030 - CMSIS Pack Vendor :STMicroelectronics FP-SNS-MOTENVWB1 1.4.0
2026-02-03 10:06:55,561 [INFO] ThirdParty:1030 - CMSIS Pack Vendor :STMicroelectronics X-CUBE-AZRTOS-F4 1.1.0
2026-02-03 10:06:55,561 [INFO] ThirdParty:1030 - CMSIS Pack Vendor :STMicroelectronics LIBJPEG 8.0.0
2026-02-03 10:06:55,561 [INFO] ThirdParty:1030 - CMSIS Pack Vendor :STMicroelectronics FP-ATR-ASTRA1 2.0.2
2026-02-03 10:06:55,561 [INFO] ThirdParty:1030 - CMSIS Pack Vendor :STMicroelectronics X-CUBE-BLE1 7.1.0
2026-02-03 10:06:55,561 [INFO] ThirdParty:1030 - CMSIS Pack Vendor :Avnet-IotConnect X-CUBE-IoTC-DA16k-PMOD 1.0.0
2026-02-03 10:06:55,561 [INFO] ThirdParty:1030 - CMSIS Pack Vendor :STMicroelectronics X-CUBE-SMBUS 2.1.0
2026-02-03 10:06:55,561 [INFO] ThirdParty:1030 - CMSIS Pack Vendor :wolfSSL I-CUBE-wolfMQTT 1.19.2
2026-02-03 10:06:55,561 [INFO] ThirdParty:1030 - CMSIS Pack Vendor :STMicroelectronics USB_DEVICE 3.0.0
2026-02-03 10:06:55,561 [INFO] ThirdParty:1030 - CMSIS Pack Vendor :STMicroelectronics X-CUBE-ISPU 2.1.0
2026-02-03 10:06:55,561 [INFO] ThirdParty:1030 - CMSIS Pack Vendor :STMicroelectronics X-CUBE-FREERTOS 1.4.0
2026-02-03 10:06:55,561 [INFO] ThirdParty:1030 - CMSIS Pack Vendor :STMicroelectronics X-CUBE-IPS 3.2.0
2026-02-03 10:06:55,561 [INFO] ThirdParty:1030 - CMSIS Pack Vendor :STMicroelectronics X-CUBE-AZRTOS-WB 2.0.0
2026-02-03 10:06:55,561 [INFO] ThirdParty:1030 - CMSIS Pack Vendor :STMicroelectronics X-CUBE-ST60 1.0.0
2026-02-03 10:06:55,561 [INFO] ThirdParty:1030 - CMSIS Pack Vendor :STMicroelectronics X-CUBE-GNSS1 7.0.1
2026-02-03 10:06:55,561 [INFO] ThirdParty:1030 - CMSIS Pack Vendor :STMicroelectronics X-CUBE-AZRTOS-F7 1.1.0
2026-02-03 10:06:55,561 [INFO] ThirdParty:1030 - CMSIS Pack Vendor :STMicroelectronics X-CUBE-AZRTOS-L5 2.0.0
2026-02-03 10:06:55,561 [INFO] ThirdParty:1030 - CMSIS Pack Vendor :STMicroelectronics X-CUBE-TOUCHGFX 4.25.0
2026-02-03 10:06:55,561 [INFO] ThirdParty:1030 - CMSIS Pack Vendor :STMicroelectronics USB_DEVICE 2.0.0
2026-02-03 10:06:55,561 [INFO] ThirdParty:1030 - CMSIS Pack Vendor :STMicroelectronics X-CUBE-NFC6 3.1.0
2026-02-03 10:06:55,561 [INFO] ThirdParty:1030 - CMSIS Pack Vendor :STMicroelectronics X-CUBE-ST67W61 1.1.0
2026-02-03 10:06:55,561 [INFO] ThirdParty:1030 - CMSIS Pack Vendor :Cesanta I-CUBE-Mongoose 7.19.0
2026-02-03 10:06:55,561 [INFO] ThirdParty:1030 - CMSIS Pack Vendor :quantropi X-CUBE-qispace-sdk-base 2.1.0
2026-02-03 10:06:55,561 [INFO] ThirdParty:1030 - CMSIS Pack Vendor :STMicroelectronics X-CUBE-MEMS1 12.0.0
2026-02-03 10:06:55,561 [INFO] ThirdParty:1030 - CMSIS Pack Vendor :STMicroelectronics X-CUBE-STSE01 2.0.0
2026-02-03 10:06:55,561 [INFO] ThirdParty:1030 - CMSIS Pack Vendor :STMicroelectronics FP-SNS-MOTENV1 5.1.0
2026-02-03 10:06:55,561 [INFO] ThirdParty:1030 - CMSIS Pack Vendor :STMicroelectronics FreeRTOS 0.0.1
2026-02-03 10:06:55,561 [INFO] ThirdParty:1030 - CMSIS Pack Vendor :STMicroelectronics X-CUBE-AZRTOS-G0 1.1.0
2026-02-03 10:06:55,561 [INFO] ThirdParty:1030 - CMSIS Pack Vendor :STMicroelectronics X-CUBE-SAFEA1 1.2.2
2026-02-03 10:06:55,562 [INFO] ThirdParty:1030 - CMSIS Pack Vendor :STMicroelectronics X-CUBE-NFC4 3.0.0
2026-02-03 10:06:55,562 [INFO] ThirdParty:1030 - CMSIS Pack Vendor :STMicroelectronics X-CUBE-SUBG2 5.0.0
2026-02-03 10:06:55,562 [INFO] ThirdParty:1030 - CMSIS Pack Vendor :STMicroelectronics X-CUBE-AZRTOS-H7RS 1.1.0
2026-02-03 10:06:55,562 [INFO] ThirdParty:1030 - CMSIS Pack Vendor :STMicroelectronics STM32_WPAN 1.0.0
2026-02-03 10:06:55,562 [INFO] ThirdParty:1030 - CMSIS Pack Vendor :EmbeddedOffice I-CUBE-FS-RTOS 1.0.1
2026-02-03 10:06:55,562 [INFO] ThirdParty:1030 - CMSIS Pack Vendor :STMicroelectronics lwIP 2.0.3
2026-02-03 10:06:55,562 [INFO] ThirdParty:1030 - CMSIS Pack Vendor :WES I-CUBE-Cesium 1.4.0
2026-02-03 10:06:55,562 [INFO] ThirdParty:1030 - CMSIS Pack Vendor :STMicroelectronics USB_HOST 1.0.0
2026-02-03 10:06:55,562 [INFO] ThirdParty:1030 - CMSIS Pack Vendor :Infineon AIROC-Wi-Fi-Bluetooth-STM32 1.7.1
2026-02-03 10:06:55,562 [INFO] ThirdParty:1030 - CMSIS Pack Vendor :STMicroelectronics X-CUBE-AZRTOS-G4 2.0.0
2026-02-03 10:06:55,562 [INFO] ThirdParty:1030 - CMSIS Pack Vendor :STMicroelectronics X-CUBE-WB05N 2.0.0
2026-02-03 10:06:55,562 [INFO] ThirdParty:1030 - CMSIS Pack Vendor :STMicroelectronics PDM2PCM 3.1.0
2026-02-03 10:06:55,562 [INFO] ThirdParty:1030 - CMSIS Pack Vendor :STMicroelectronics PDM2PCM 3.3.0
2026-02-03 10:06:55,562 [INFO] ThirdParty:1030 - CMSIS Pack Vendor :wolfSSL I-CUBE-wolfTPM 3.8.0
2026-02-03 10:06:55,562 [INFO] ThirdParty:1030 - CMSIS Pack Vendor :STMicroelectronics X-CUBE-DISPLAY 3.0.0
2026-02-03 10:06:55,562 [INFO] ThirdParty:1030 - CMSIS Pack Vendor :wolfSSL I-CUBE-wolfSSH 1.4.20
2026-02-03 10:06:55,562 [INFO] ThirdParty:1030 - CMSIS Pack Vendor :STMicroelectronics X-CUBE-NFC7 2.0.0
2026-02-03 10:06:55,562 [INFO] ThirdParty:1030 - CMSIS Pack Vendor :STMicroelectronics X-CUBE-TCPP 4.2.0
2026-02-03 10:06:55,562 [INFO] ThirdParty:1030 - CMSIS Pack Vendor :RealThread X-CUBE-RT-Thread_Nano 4.1.1
2026-02-03 10:06:55,562 [INFO] ThirdParty:1030 - CMSIS Pack Vendor :STMicroelectronics FP-ATR-SIGFOX1 3.2.0
2026-02-03 10:06:55,562 [INFO] ThirdParty:1030 - CMSIS Pack Vendor :STMicroelectronics X-CUBE-NFC10 1.0.0
2026-02-03 10:06:55,562 [INFO] ThirdParty:1030 - CMSIS Pack Vendor :STMicroelectronics X-CUBE-FREERTOS 1.3.1
2026-02-03 10:06:55,562 [INFO] ThirdParty:1030 - CMSIS Pack Vendor :STMicroelectronics HAL Drivers 0.0.0
2026-02-03 10:06:55,562 [INFO] ThirdParty:1030 - CMSIS Pack Vendor :STMicroelectronics MBEDTLS 2.16.2
2026-02-03 10:06:55,562 [INFO] ThirdParty:1030 - CMSIS Pack Vendor :STMicroelectronics X-CUBE-ST60 1.1.0
2026-02-03 10:06:55,562 [INFO] ThirdParty:1030 - CMSIS Pack Vendor :STMicroelectronics X-CUBE-IPS 3.1.0
2026-02-03 10:06:55,562 [INFO] ThirdParty:1030 - CMSIS Pack Vendor :STMicroelectronics X-CUBE-ALS 1.0.2
2026-02-03 10:06:55,562 [INFO] ThirdParty:1030 - CMSIS Pack Vendor :emotas I-CUBE-CANOPEN 1.3.0
2026-02-03 10:06:55,562 [INFO] ThirdParty:1030 - CMSIS Pack Vendor :STMicroelectronics MBEDTLS 2.14.1
2026-02-03 10:06:55,562 [INFO] ThirdParty:1030 - CMSIS Pack Vendor :STMicroelectronics X-CUBE-GNSS1 7.1.0
2026-02-03 10:06:55,562 [INFO] ThirdParty:1030 - CMSIS Pack Vendor :ITTIA_DB I-CUBE-ITTIADB 8.9.0
2026-02-03 10:06:55,562 [INFO] ThirdParty:1030 - CMSIS Pack Vendor :STMicroelectronics X-CUBE-TOUCHGFX 4.26.0
2026-02-03 10:06:55,562 [INFO] ThirdParty:1030 - CMSIS Pack Vendor :STMicroelectronics X-CUBE-STSE01 1.0.0
2026-02-03 10:06:55,562 [INFO] ThirdParty:1030 - CMSIS Pack Vendor :STMicroelectronics X-CUBE-NFC6 3.2.0
2026-02-03 10:06:55,562 [INFO] ThirdParty:1030 - CMSIS Pack Vendor :STMicroelectronics X-CUBE-ST67W61 1.0.0
2026-02-03 10:06:55,562 [INFO] ThirdParty:1030 - CMSIS Pack Vendor :STMicroelectronics ThreadX 1.0.0
2026-02-03 10:06:55,562 [INFO] ThirdParty:1030 - CMSIS Pack Vendor :STMicroelectronics FP-SNS-SMARTAG2 1.2.0
2026-02-03 10:06:55,562 [INFO] ThirdParty:1030 - CMSIS Pack Vendor :STMicroelectronics FP-SNS-FLIGHT1 5.1.0
2026-02-03 10:06:55,562 [INFO] ThirdParty:1030 - CMSIS Pack Vendor :STMicroelectronics X-CUBE-AZRTOS-WL 2.0.0
2026-02-03 10:06:55,562 [INFO] ThirdParty:1030 - CMSIS Pack Vendor :SEGGER I-CUBE-embOS 1.3.1
2026-02-03 10:06:55,562 [INFO] ThirdParty:1030 - CMSIS Pack Vendor :STMicroelectronics X-CUBE-ALGOBUILD 1.4.0
2026-02-03 10:06:55,562 [INFO] ThirdParty:1030 - CMSIS Pack Vendor :STMicroelectronics X-CUBE-DPower 1.3.0
2026-02-03 10:06:55,562 [INFO] ThirdParty:1030 - CMSIS Pack Vendor :STMicroelectronics X-CUBE-MEMS1 11.3.0
2026-02-03 10:06:55,562 [INFO] ThirdParty:1030 - CMSIS Pack Vendor :STMicroelectronics FP-SNS-MOTENV1 5.0.0
2026-02-03 10:06:55,562 [INFO] ThirdParty:1030 - CMSIS Pack Vendor :STMicroelectronics USB_DEVICE 1.0.0
2026-02-03 10:06:55,562 [INFO] ThirdParty:1030 - CMSIS Pack Vendor :STMicroelectronics X-CUBE-AZRTOS-H7RS 1.2.0
2026-02-03 10:06:55,562 [INFO] ThirdParty:1030 - CMSIS Pack Vendor :STMicroelectronics X-CUBE-AZRTOS-L4 2.0.0
2026-02-03 10:06:55,563 [INFO] ThirdParty:1030 - CMSIS Pack Vendor :STMicroelectronics ThreadX 0.0.2
2026-02-03 10:06:55,563 [INFO] ThirdParty:1030 - CMSIS Pack Vendor :STMicroelectronics lwIP 2.1.2
2026-02-03 10:06:55,563 [INFO] ThirdParty:1030 - CMSIS Pack Vendor :STMicroelectronics X-CUBE-SFXS2LP1 4.0.0
2026-02-03 10:06:55,563 [INFO] ThirdParty:1030 - CMSIS Pack Vendor :STMicroelectronics X-CUBE-BLE2 3.3.0
2026-02-03 10:06:55,563 [INFO] ThirdParty:1030 - CMSIS Pack Vendor :Avnet-IOTCONNECT X-CUBE-iotc-st67-sdk 1.0.0
2026-02-03 10:06:55,563 [INFO] ThirdParty:1030 - CMSIS Pack Vendor :STMicroelectronics X-CUBE-TOF1 3.4.3
2026-02-03 10:06:55,563 [INFO] ThirdParty:1030 - CMSIS Pack Vendor :STMicroelectronics PDM2PCM 3.2.0
2026-02-03 10:06:55,563 [INFO] ThirdParty:1030 - CMSIS Pack Vendor :STMicroelectronics X-CUBE-ST67W61 1.2.0
2026-02-03 10:06:55,563 [INFO] ThirdParty:841 - exiting critical section [change project]
2026-02-03 10:06:55,779 [INFO] PinOutPanel:1589 - setPackage(No Configuration,No Configuration)
2026-02-03 10:06:55,779 [INFO] PinOutPanel:1589 - setPackage(STM32F407VGTx,LQFP100)
2026-02-03 10:06:55,974 [INFO] UtilMem:75 - Before build in PCC Used Memory: 827328512 Bytes (940572672)
2026-02-03 10:06:56,136 [INFO] UtilMem:75 - After build in PCC Used Memory: 352173776 Bytes (940572672)
2026-02-03 10:06:56,167 [INFO] IPUIPlugin:80 - create IPUIPlugin
2026-02-03 10:06:56,167 [INFO] IPUIPlugin:80 - create IPUIPlugin
2026-02-03 10:06:56,167 [INFO] IPUIPlugin:80 - create IPUIPlugin
2026-02-03 10:06:56,167 [INFO] IPUIPlugin:80 - create IPUIPlugin
2026-02-03 10:06:56,167 [INFO] IPUIPlugin:80 - create IPUIPlugin
2026-02-03 10:06:56,168 [INFO] IPUIPlugin:80 - create IPUIPlugin
2026-02-03 10:06:56,168 [INFO] IPUIPlugin:80 - create IPUIPlugin
2026-02-03 10:06:56,168 [INFO] IPUIPlugin:80 - create IPUIPlugin
2026-02-03 10:06:56,168 [INFO] IPUIPlugin:80 - create IPUIPlugin
2026-02-03 10:06:56,168 [INFO] IPUIPlugin:80 - create IPUIPlugin
2026-02-03 10:06:56,168 [INFO] IPUIPlugin:80 - create IPUIPlugin
2026-02-03 10:06:56,168 [INFO] IPUIPlugin:80 - create IPUIPlugin
2026-02-03 10:06:56,169 [INFO] IPUIPlugin:80 - create IPUIPlugin
2026-02-03 10:06:56,169 [INFO] IPUIPlugin:80 - create IPUIPlugin
2026-02-03 10:06:56,169 [INFO] IPUIPlugin:80 - create IPUIPlugin
2026-02-03 10:06:56,169 [INFO] IPUIPlugin:80 - create IPUIPlugin
2026-02-03 10:06:56,169 [INFO] IPUIPlugin:80 - create IPUIPlugin
2026-02-03 10:06:56,169 [INFO] IPUIPlugin:80 - create IPUIPlugin
2026-02-03 10:06:56,169 [INFO] IPUIPlugin:80 - create IPUIPlugin
2026-02-03 10:06:56,169 [INFO] IPUIPlugin:80 - create IPUIPlugin
2026-02-03 10:06:56,169 [INFO] IPUIPlugin:80 - create IPUIPlugin
2026-02-03 10:06:56,170 [INFO] IPUIPlugin:80 - create IPUIPlugin
2026-02-03 10:06:56,170 [INFO] IPUIPlugin:80 - create IPUIPlugin
2026-02-03 10:06:56,170 [INFO] IPUIPlugin:80 - create IPUIPlugin
2026-02-03 10:06:56,170 [INFO] IPUIPlugin:80 - create IPUIPlugin
2026-02-03 10:06:56,170 [INFO] IPUIPlugin:80 - create IPUIPlugin
2026-02-03 10:06:56,170 [INFO] IPUIPlugin:80 - create IPUIPlugin
2026-02-03 10:06:56,171 [INFO] IPUIPlugin:80 - create IPUIPlugin
2026-02-03 10:06:56,171 [INFO] IPUIPlugin:80 - create IPUIPlugin
2026-02-03 10:06:56,171 [INFO] IPUIPlugin:80 - create IPUIPlugin
2026-02-03 10:06:56,172 [INFO] IPUIPlugin:80 - create IPUIPlugin
2026-02-03 10:06:56,172 [INFO] IPUIPlugin:80 - create IPUIPlugin
2026-02-03 10:06:56,172 [INFO] IPUIPlugin:80 - create IPUIPlugin
2026-02-03 10:06:56,172 [INFO] IPUIPlugin:80 - create IPUIPlugin
2026-02-03 10:06:56,172 [INFO] IPUIPlugin:80 - create IPUIPlugin
2026-02-03 10:06:56,173 [INFO] IPUIPlugin:80 - create IPUIPlugin
2026-02-03 10:06:56,173 [INFO] IPUIPlugin:80 - create IPUIPlugin
2026-02-03 10:06:56,173 [INFO] IPUIPlugin:80 - create IPUIPlugin
2026-02-03 10:06:56,173 [INFO] IPUIPlugin:80 - create IPUIPlugin
2026-02-03 10:06:56,173 [INFO] IPUIPlugin:80 - create IPUIPlugin
2026-02-03 10:06:56,174 [INFO] IPUIPlugin:80 - create IPUIPlugin
2026-02-03 10:06:56,174 [INFO] IPUIPlugin:80 - create IPUIPlugin
2026-02-03 10:06:56,174 [INFO] IPUIPlugin:80 - create IPUIPlugin
2026-02-03 10:06:56,174 [INFO] IPUIPlugin:80 - create IPUIPlugin
2026-02-03 10:06:56,174 [INFO] IPUIPlugin:80 - create IPUIPlugin
2026-02-03 10:06:56,175 [INFO] IPUIPlugin:80 - create IPUIPlugin
2026-02-03 10:06:56,175 [INFO] IPUIPlugin:80 - create IPUIPlugin
2026-02-03 10:06:56,175 [INFO] IPUIPlugin:80 - create IPUIPlugin
2026-02-03 10:06:56,175 [INFO] IPUIPlugin:80 - create IPUIPlugin
2026-02-03 10:06:56,175 [INFO] IPUIPlugin:80 - create IPUIPlugin
2026-02-03 10:06:56,176 [INFO] IPUIPlugin:80 - create IPUIPlugin
2026-02-03 10:06:56,176 [INFO] IPUIPlugin:80 - create IPUIPlugin
2026-02-03 10:06:56,176 [INFO] IPUIPlugin:80 - create IPUIPlugin
2026-02-03 10:06:56,176 [INFO] IPUIPlugin:80 - create IPUIPlugin
2026-02-03 10:06:56,177 [INFO] IPUIPlugin:80 - create IPUIPlugin
2026-02-03 10:06:56,177 [INFO] IPUIPlugin:80 - create IPUIPlugin
2026-02-03 10:06:56,178 [INFO] IPUIPlugin:80 - create IPUIPlugin
2026-02-03 10:06:56,178 [INFO] IPUIPlugin:80 - create IPUIPlugin
2026-02-03 10:06:56,180 [INFO] ApiDbMcu:532 - Load IP Config File for PDM2PCM
2026-02-03 10:06:56,182 [INFO] Can:71 - Can Add PropertyChangeListener com.st.microxplorer.plugins.ip.can.Can@2bc59e99
2026-02-03 10:06:56,183 [WARN] IP:2250 - I2C_Coeff_DF not found: check if there is a RefParameter without a condition.
2026-02-03 10:06:56,183 [WARN] IP:2250 - Analog_Filter not found: check if there is a RefParameter without a condition.
2026-02-03 10:06:56,251 [INFO] CADModel:165 - CPN selected for project levelSTM32F407VGT6
2026-02-03 10:06:56,251 [INFO] CADModel:114 - Register for checkConnection events
2026-02-03 10:06:56,291 [INFO] OpenFileManager:386 - Restore cursor
2026-02-03 10:06:56,486 [WARN] IP:2250 - I2C_Coeff_DF not found: check if there is a RefParameter without a condition.
2026-02-03 10:06:56,486 [WARN] IP:2250 - Analog_Filter not found: check if there is a RefParameter without a condition.
2026-02-03 10:06:56,486 [WARN] IP:2250 - I2C_Coeff_DF not found: check if there is a RefParameter without a condition.
2026-02-03 10:06:56,486 [WARN] IP:2250 - Analog_Filter not found: check if there is a RefParameter without a condition.
2026-02-03 10:07:00,478 [INFO] ADCParametersView:116 -                Rank 1 : false
2026-02-03 10:07:00,508 [INFO] ADCParametersView:116 -                Rank 1 : false
2026-02-03 10:07:00,508 [INFO] ADCParametersView:116 -                Rank 1 : false
2026-02-03 10:07:00,508 [INFO] ADCParametersView:116 -                Rank 1 : false
2026-02-03 10:07:00,508 [INFO] ADCParametersView:116 -                Rank 1 : false
2026-02-03 10:07:00,508 [INFO] ADCParametersView:116 -                Rank 1 : false
2026-02-03 10:07:00,508 [INFO] ADCParametersView:116 -                Rank 1 : false
2026-02-03 10:07:00,508 [INFO] ADCParametersView:116 -                Rank 1 : false
2026-02-03 10:07:00,508 [INFO] ADCParametersView:116 -                Rank 1 : false
2026-02-03 10:07:00,508 [INFO] ADCParametersView:116 -                Rank 1 : false
2026-02-03 10:07:00,508 [INFO] ADCParametersView:116 -                Rank 1 : false
2026-02-03 10:07:00,508 [INFO] ADCParametersView:116 -                Rank 1 : false
2026-02-03 10:07:00,508 [INFO] ADCParametersView:116 -                Rank 1 : false
2026-02-03 10:07:00,509 [INFO] ADCParametersView:116 -                Rank 1 : false
2026-02-03 10:07:00,509 [INFO] ADCParametersView:116 -                Rank 1 : false
2026-02-03 10:07:00,526 [INFO] ADCParametersView:116 -                Rank 1 : false
2026-02-03 10:07:17,349 [INFO] NvicIntPanel:101 - NVIC parent = com.st.microxplorer.plugins.ip.nvic.MultiNvicIntPanel[,0,0,0x0,invalid,layout=javax.swing.BoxLayout,alignmentX=0.0,alignmentY=0.0,border=,flags=9,maximumSize=,minimumSize=,preferredSize=]
2026-02-03 10:07:17,400 [INFO] ADCParametersView:116 -                Rank 1 : false
2026-02-03 10:07:17,402 [INFO] ADCParametersView:116 -                Rank 1 : false
2026-02-03 10:07:17,402 [INFO] ADCParametersView:116 -                Rank 1 : false
2026-02-03 10:07:17,402 [INFO] ADCParametersView:116 -                Rank 1 : false
2026-02-03 10:07:17,402 [INFO] ADCParametersView:116 -                Rank 1 : false
2026-02-03 10:07:17,402 [INFO] ADCParametersView:116 -                Rank 1 : false
2026-02-03 10:07:17,402 [INFO] ADCParametersView:116 -                Rank 1 : false
2026-02-03 10:07:17,402 [INFO] ADCParametersView:116 -                Rank 1 : false
2026-02-03 10:07:17,402 [INFO] ADCParametersView:116 -                Rank 1 : false
2026-02-03 10:07:17,402 [INFO] ADCParametersView:116 -                Rank 1 : false
2026-02-03 10:07:17,402 [INFO] ADCParametersView:116 -                Rank 1 : false
2026-02-03 10:07:17,402 [INFO] ADCParametersView:116 -                Rank 1 : false
2026-02-03 10:07:17,402 [INFO] ADCParametersView:116 -                Rank 1 : false
2026-02-03 10:07:17,402 [INFO] ADCParametersView:116 -                Rank 1 : false
2026-02-03 10:07:17,437 [INFO] ADCParametersView:116 -                Rank 1 : false
2026-02-03 10:07:23,062 [INFO] NvicIntPanel:101 - NVIC parent = com.st.microxplorer.plugins.ip.nvic.MultiNvicIntPanel[,0,0,0x0,invalid,layout=javax.swing.BoxLayout,alignmentX=0.0,alignmentY=0.0,border=,flags=9,maximumSize=,minimumSize=,preferredSize=]
2026-02-03 10:07:23,095 [INFO] ADCParametersView:116 -                Rank 1 : false
2026-02-03 10:07:23,097 [INFO] ADCParametersView:116 -                Rank 1 : false
2026-02-03 10:07:23,097 [INFO] ADCParametersView:116 -                Rank 1 : false
2026-02-03 10:07:23,097 [INFO] ADCParametersView:116 -                Rank 1 : false
2026-02-03 10:07:23,097 [INFO] ADCParametersView:116 -                Rank 1 : false
2026-02-03 10:07:23,097 [INFO] ADCParametersView:116 -                Rank 1 : false
2026-02-03 10:07:23,097 [INFO] ADCParametersView:116 -                Rank 1 : false
2026-02-03 10:07:23,097 [INFO] ADCParametersView:116 -                Rank 1 : false
2026-02-03 10:07:23,097 [INFO] ADCParametersView:116 -                Rank 1 : false
2026-02-03 10:07:23,097 [INFO] ADCParametersView:116 -                Rank 1 : false
2026-02-03 10:07:23,097 [INFO] ADCParametersView:116 -                Rank 1 : false
2026-02-03 10:07:23,097 [INFO] ADCParametersView:116 -                Rank 1 : false
2026-02-03 10:07:23,097 [INFO] ADCParametersView:116 -                Rank 1 : false
2026-02-03 10:07:23,097 [INFO] ADCParametersView:116 -                Rank 1 : false
2026-02-03 10:07:23,120 [INFO] ADCParametersView:116 -                Rank 1 : false
2026-02-03 10:19:08,678 [INFO] NvicIntPanel:101 - NVIC parent = com.st.microxplorer.plugins.ip.nvic.MultiNvicIntPanel[,0,0,0x0,invalid,layout=javax.swing.BoxLayout,alignmentX=0.0,alignmentY=0.0,border=,flags=9,maximumSize=,minimumSize=,preferredSize=]
2026-02-03 10:19:16,297 [INFO] ADCParametersView:116 -                Rank 1 : false
2026-02-03 10:19:16,298 [INFO] ADCParametersView:116 -                Rank 1 : false
2026-02-03 10:19:16,298 [INFO] ADCParametersView:116 -                Rank 1 : false
2026-02-03 10:19:16,298 [INFO] ADCParametersView:116 -                Rank 1 : false
2026-02-03 10:19:16,298 [INFO] ADCParametersView:116 -                Rank 1 : false
2026-02-03 10:19:16,298 [INFO] ADCParametersView:116 -                Rank 1 : false
2026-02-03 10:19:16,298 [INFO] ADCParametersView:116 -                Rank 1 : false
2026-02-03 10:19:16,298 [INFO] ADCParametersView:116 -                Rank 1 : false
2026-02-03 10:19:16,298 [INFO] ADCParametersView:116 -                Rank 1 : false
2026-02-03 10:19:16,298 [INFO] ADCParametersView:116 -                Rank 1 : false
2026-02-03 10:19:16,298 [INFO] ADCParametersView:116 -                Rank 1 : false
2026-02-03 10:19:16,298 [INFO] ADCParametersView:116 -                Rank 1 : false
2026-02-03 10:19:16,298 [INFO] ADCParametersView:116 -                Rank 1 : false
2026-02-03 10:19:16,298 [INFO] ADCParametersView:116 -                Rank 1 : false
2026-02-03 10:19:16,316 [INFO] ADCParametersView:116 -                Rank 1 : false
2026-02-03 10:19:16,341 [INFO] ADCParametersView:116 -                Rank 1 : false
2026-02-03 10:19:16,342 [INFO] ADCParametersView:116 -                Rank 1 : false
2026-02-03 10:19:16,342 [INFO] ADCParametersView:116 -                Rank 1 : false
2026-02-03 10:19:16,342 [INFO] ADCParametersView:116 -                Rank 1 : false
2026-02-03 10:19:16,342 [INFO] ADCParametersView:116 -                Rank 1 : false
2026-02-03 10:19:16,342 [INFO] ADCParametersView:116 -                Rank 1 : false
2026-02-03 10:19:16,342 [INFO] ADCParametersView:116 -                Rank 1 : false
2026-02-03 10:19:16,342 [INFO] ADCParametersView:116 -                Rank 1 : false
2026-02-03 10:19:16,342 [INFO] ADCParametersView:116 -                Rank 1 : false
2026-02-03 10:19:16,342 [INFO] ADCParametersView:116 -                Rank 1 : false
2026-02-03 10:19:16,343 [INFO] ADCParametersView:116 -                Rank 1 : false
2026-02-03 10:19:16,343 [INFO] ADCParametersView:116 -                Rank 1 : false
2026-02-03 10:19:16,343 [INFO] ADCParametersView:116 -                Rank 1 : false
2026-02-03 10:19:16,343 [INFO] ADCParametersView:116 -                Rank 1 : false
2026-02-03 10:19:16,360 [INFO] ADCParametersView:116 -                Rank 1 : false
2026-02-03 10:19:33,964 [INFO] UtilMem:75 - End SaveConfig() Used Memory: 644936584 Bytes (940572672)
2026-02-03 10:19:35,114 [INFO] UtilMem:75 - End SaveConfig() Used Memory: 670102408 Bytes (940572672)
2026-02-03 10:19:36,615 [INFO] UtilMem:75 - End SaveConfig() Used Memory: 727251848 Bytes (940572672)
2026-02-03 10:19:36,879 [INFO] BlockDiagram:2775 - set Specific Code input for plugin: TIM1_8
2026-02-03 10:19:36,879 [INFO] BlockDiagram:2775 - set Specific Code input for plugin: CAN
2026-02-03 10:19:36,879 [INFO] BlockDiagram:2775 - set Specific Code input for plugin: ADC
2026-02-03 10:19:36,879 [INFO] BlockDiagram:2775 - set Specific Code input for plugin: SYS
2026-02-03 10:19:36,879 [INFO] BlockDiagram:2775 - set Specific Code input for plugin: RCC
2026-02-03 10:19:36,879 [INFO] BlockDiagram:2775 - set Specific Code input for plugin: I2C
2026-02-03 10:19:36,879 [INFO] BlockDiagram:2775 - set Specific Code input for plugin: NVIC
2026-02-03 10:19:36,879 [INFO] BlockDiagram:2775 - set Specific Code input for plugin: USART
2026-02-03 10:19:36,880 [INFO] BlockDiagram:2775 - set Specific Code input for plugin: GPIO
2026-02-03 10:19:36,880 [INFO] CodeGenerator:892 - code generatio: config db path: /home/krushna/.stm32cubemx/databases/DB.6.0.130/db/
2026-02-03 10:19:36,890 [WARN] IP:2250 - I2C_Coeff_DF not found: check if there is a RefParameter without a condition.
2026-02-03 10:19:36,890 [WARN] IP:2250 - Analog_Filter not found: check if there is a RefParameter without a condition.
2026-02-03 10:19:36,968 [INFO] CodeEngine:265 - oldGeneratedFile, /home/krushna/CDAC_Project/HAL_CAN_TX/MXTmpFiles/license.tmp_save
2026-02-03 10:19:37,246 [INFO] CodeEngine:289 - Generated code: /home/krushna/CDAC_Project/HAL_CAN_TX/MXTmpFiles/license.tmp
2026-02-03 10:19:37,301 [INFO] CodeEngine:265 - oldGeneratedFile, /home/krushna/CDAC_Project/HAL_CAN_TX/MXTmpFiles/gpio.tmp_save
2026-02-03 10:19:37,425 [INFO] CodeEngine:289 - Generated code: /home/krushna/CDAC_Project/HAL_CAN_TX/MXTmpFiles/gpio.tmp
2026-02-03 10:19:37,573 [INFO] CodeEngine:265 - oldGeneratedFile, /home/krushna/CDAC_Project/HAL_CAN_TX/Core/Src/stm32f4xx_it.c_save
2026-02-03 10:19:37,832 [INFO] CodeEngine:289 - Generated code: /home/krushna/CDAC_Project/HAL_CAN_TX/Core/Src/stm32f4xx_it.c
2026-02-03 10:19:37,834 [INFO] CodeEngine:265 - oldGeneratedFile, /home/krushna/CDAC_Project/HAL_CAN_TX/Core/Inc/stm32f4xx_it.h_save
2026-02-03 10:19:37,902 [INFO] CodeEngine:289 - Generated code: /home/krushna/CDAC_Project/HAL_CAN_TX/Core/Inc/stm32f4xx_it.h
2026-02-03 10:19:37,914 [INFO] CodeEngine:265 - oldGeneratedFile, /home/krushna/CDAC_Project/HAL_CAN_TX/Core/Src/stm32f4xx_hal_msp.c_save
2026-02-03 10:19:38,108 [INFO] CodeEngine:289 - Generated code: /home/krushna/CDAC_Project/HAL_CAN_TX/Core/Src/stm32f4xx_hal_msp.c
2026-02-03 10:19:38,110 [INFO] CodeEngine:265 - oldGeneratedFile, /home/krushna/CDAC_Project/HAL_CAN_TX/MXTmpFiles/system.tmp_save
2026-02-03 10:19:38,200 [INFO] CodeEngine:289 - Generated code: /home/krushna/CDAC_Project/HAL_CAN_TX/MXTmpFiles/system.tmp
2026-02-03 10:19:38,204 [INFO] CodeEngine:321 - oldGeneratedFile, /home/krushna/CDAC_Project/HAL_CAN_TX/Core/Inc/stm32f4xx_hal_conf.h_save
2026-02-03 10:19:38,285 [INFO] CodeEngine:345 - Generated code: /home/krushna/CDAC_Project/HAL_CAN_TX/Core/Inc/stm32f4xx_hal_conf.h
2026-02-03 10:19:38,310 [INFO] ApiDbMcu:532 - Load IP Config File for ADC2
2026-02-03 10:19:38,312 [INFO] ApiDbMcu:532 - Load IP Config File for CAN1
2026-02-03 10:19:38,317 [INFO] ApiDbMcu:532 - Load IP Config File for I2C1
2026-02-03 10:19:38,331 [INFO] ApiDbMcu:532 - Load IP Config File for TIM4
2026-02-03 10:19:38,336 [INFO] ApiDbMcu:532 - Load IP Config File for USART2
2026-02-03 10:19:38,339 [INFO] ApiDbMcu:532 - Load IP Config File for RCC
2026-02-03 10:19:38,342 [WARN] IPConfigManager:3811 - IP not found : TIM
2026-02-03 10:19:38,343 [WARN] CodeGenerator:4259 - IP not found : null
2026-02-03 10:19:38,345 [INFO] CodeEngine:265 - oldGeneratedFile, /home/krushna/CDAC_Project/HAL_CAN_TX/Core/Inc/main.h_save
2026-02-03 10:19:38,484 [INFO] CodeEngine:289 - Generated code: /home/krushna/CDAC_Project/HAL_CAN_TX/Core/Inc/main.h
2026-02-03 10:19:38,486 [INFO] CodeEngine:265 - oldGeneratedFile, /home/krushna/CDAC_Project/HAL_CAN_TX/Core/Src/main.c_save
2026-02-03 10:19:38,628 [INFO] CodeEngine:289 - Generated code: /home/krushna/CDAC_Project/HAL_CAN_TX/Core/Src/main.c
2026-02-03 10:19:38,829 [INFO] ProjectBuilder:3606 - Time for Copy HAL[1] : 20mS.
2026-02-03 10:19:38,830 [INFO] ProjectBuilder:5216 - Project Generator version: 4.7.0-B52
2026-02-03 10:19:38,927 [INFO] ConfigFileManager:1595 - The Die is : DIE413
2026-02-03 10:19:38,929 [INFO] ApiDbMcu:532 - Load IP Config File for FATFS
2026-02-03 10:19:38,932 [INFO] ApiDbMcu:532 - Load IP Config File for FREERTOS
2026-02-03 10:19:38,933 [INFO] ApiDbMcu:532 - Load IP Config File for LIBJPEG
2026-02-03 10:19:38,937 [INFO] ApiDbMcu:532 - Load IP Config File for LWIP
2026-02-03 10:19:38,941 [INFO] ApiDbMcu:532 - Load IP Config File for MBEDTLS
2026-02-03 10:19:38,949 [INFO] ApiDbMcu:532 - Load IP Config File for USB_DEVICE
2026-02-03 10:19:38,952 [INFO] ApiDbMcu:532 - Load IP Config File for USB_HOST
2026-02-03 10:19:39,721 [INFO] ProjectBuilder:5496 - Time for Generating toolchain IDE Files: 891mS.
2026-02-03 10:19:39,722 [INFO] ProjectBuilder:3463 - Time for Copy CMSIS : 0mS.
2026-02-03 10:19:39,722 [INFO] ProjectBuilder:3463 - Time for Copy CMSIS : 0mS.
2026-02-03 10:23:42,513 [INFO] ADCParametersView:116 -                Rank 1 : false
2026-02-03 10:23:42,515 [INFO] ADCParametersView:116 -                Rank 1 : false
2026-02-03 10:23:42,515 [INFO] ADCParametersView:116 -                Rank 1 : false
2026-02-03 10:23:42,515 [INFO] ADCParametersView:116 -                Rank 1 : false
2026-02-03 10:23:42,515 [INFO] ADCParametersView:116 -                Rank 1 : false
2026-02-03 10:23:42,515 [INFO] ADCParametersView:116 -                Rank 1 : false
2026-02-03 10:23:42,515 [INFO] ADCParametersView:116 -                Rank 1 : false
2026-02-03 10:23:42,515 [INFO] ADCParametersView:116 -                Rank 1 : false
2026-02-03 10:23:42,515 [INFO] ADCParametersView:116 -                Rank 1 : false
2026-02-03 10:23:42,515 [INFO] ADCParametersView:116 -                Rank 1 : false
2026-02-03 10:23:42,516 [INFO] ADCParametersView:116 -                Rank 1 : false
2026-02-03 10:23:42,516 [INFO] ADCParametersView:116 -                Rank 1 : false
2026-02-03 10:23:42,516 [INFO] ADCParametersView:116 -                Rank 1 : false
2026-02-03 10:23:42,516 [INFO] ADCParametersView:116 -                Rank 1 : false
2026-02-03 10:23:42,547 [INFO] ADCParametersView:116 -                Rank 1 : false
2026-02-03 10:23:49,283 [INFO] NvicIntPanel:101 - NVIC parent = com.st.microxplorer.plugins.ip.nvic.MultiNvicIntPanel[,0,0,0x0,invalid,layout=javax.swing.BoxLayout,alignmentX=0.0,alignmentY=0.0,border=,flags=9,maximumSize=,minimumSize=,preferredSize=]
2026-02-03 10:23:49,321 [INFO] ADCParametersView:116 -                Rank 1 : false
2026-02-03 10:23:49,322 [INFO] ADCParametersView:116 -                Rank 1 : false
2026-02-03 10:23:49,323 [INFO] ADCParametersView:116 -                Rank 1 : false
2026-02-03 10:23:49,323 [INFO] ADCParametersView:116 -                Rank 1 : false
2026-02-03 10:23:49,323 [INFO] ADCParametersView:116 -                Rank 1 : false
2026-02-03 10:23:49,323 [INFO] ADCParametersView:116 -                Rank 1 : false
2026-02-03 10:23:49,323 [INFO] ADCParametersView:116 -                Rank 1 : false
2026-02-03 10:23:49,323 [INFO] ADCParametersView:116 -                Rank 1 : false
2026-02-03 10:23:49,323 [INFO] ADCParametersView:116 -                Rank 1 : false
2026-02-03 10:23:49,323 [INFO] ADCParametersView:116 -                Rank 1 : false
2026-02-03 10:23:49,323 [INFO] ADCParametersView:116 -                Rank 1 : false
2026-02-03 10:23:49,323 [INFO] ADCParametersView:116 -                Rank 1 : false
2026-02-03 10:23:49,323 [INFO] ADCParametersView:116 -                Rank 1 : false
2026-02-03 10:23:49,323 [INFO] ADCParametersView:116 -                Rank 1 : false
2026-02-03 10:23:49,361 [INFO] ADCParametersView:116 -                Rank 1 : false
2026-02-03 10:23:51,436 [INFO] UtilMem:75 - End SaveConfig() Used Memory: 306244144 Bytes (940572672)
2026-02-03 10:23:53,403 [INFO] UtilMem:75 - End SaveConfig() Used Memory: 480830000 Bytes (940572672)
2026-02-03 10:23:55,345 [INFO] UtilMem:75 - End SaveConfig() Used Memory: 591456816 Bytes (940572672)
2026-02-03 10:23:55,423 [INFO] BlockDiagram:2775 - set Specific Code input for plugin: TIM1_8
2026-02-03 10:23:55,423 [INFO] BlockDiagram:2775 - set Specific Code input for plugin: CAN
2026-02-03 10:23:55,423 [INFO] BlockDiagram:2775 - set Specific Code input for plugin: ADC
2026-02-03 10:23:55,423 [INFO] BlockDiagram:2775 - set Specific Code input for plugin: SYS
2026-02-03 10:23:55,423 [INFO] BlockDiagram:2775 - set Specific Code input for plugin: RCC
2026-02-03 10:23:55,423 [INFO] BlockDiagram:2775 - set Specific Code input for plugin: I2C
2026-02-03 10:23:55,423 [INFO] BlockDiagram:2775 - set Specific Code input for plugin: NVIC
2026-02-03 10:23:55,423 [INFO] BlockDiagram:2775 - set Specific Code input for plugin: USART
2026-02-03 10:23:55,423 [INFO] BlockDiagram:2775 - set Specific Code input for plugin: GPIO
2026-02-03 10:23:55,423 [INFO] CodeGenerator:892 - code generatio: config db path: /home/krushna/.stm32cubemx/databases/DB.6.0.130/db/
2026-02-03 10:23:55,430 [WARN] IP:2250 - I2C_Coeff_DF not found: check if there is a RefParameter without a condition.
2026-02-03 10:23:55,430 [WARN] IP:2250 - Analog_Filter not found: check if there is a RefParameter without a condition.
2026-02-03 10:23:55,501 [INFO] CodeEngine:265 - oldGeneratedFile, /home/krushna/CDAC_Project/HAL_CAN_TX/MXTmpFiles/license.tmp_save
2026-02-03 10:23:55,554 [INFO] CodeEngine:289 - Generated code: /home/krushna/CDAC_Project/HAL_CAN_TX/MXTmpFiles/license.tmp
2026-02-03 10:23:55,564 [INFO] CodeEngine:265 - oldGeneratedFile, /home/krushna/CDAC_Project/HAL_CAN_TX/MXTmpFiles/gpio.tmp_save
2026-02-03 10:23:55,624 [INFO] CodeEngine:289 - Generated code: /home/krushna/CDAC_Project/HAL_CAN_TX/MXTmpFiles/gpio.tmp
2026-02-03 10:23:55,776 [INFO] CodeEngine:265 - oldGeneratedFile, /home/krushna/CDAC_Project/HAL_CAN_TX/Core/Src/stm32f4xx_it.c_save
2026-02-03 10:23:55,868 [INFO] CodeEngine:289 - Generated code: /home/krushna/CDAC_Project/HAL_CAN_TX/Core/Src/stm32f4xx_it.c
2026-02-03 10:23:55,871 [INFO] CodeEngine:265 - oldGeneratedFile, /home/krushna/CDAC_Project/HAL_CAN_TX/Core/Inc/stm32f4xx_it.h_save
2026-02-03 10:23:55,935 [INFO] CodeEngine:289 - Generated code: /home/krushna/CDAC_Project/HAL_CAN_TX/Core/Inc/stm32f4xx_it.h
2026-02-03 10:23:55,962 [INFO] CodeEngine:265 - oldGeneratedFile, /home/krushna/CDAC_Project/HAL_CAN_TX/Core/Src/stm32f4xx_hal_msp.c_save
2026-02-03 10:23:56,058 [INFO] CodeEngine:289 - Generated code: /home/krushna/CDAC_Project/HAL_CAN_TX/Core/Src/stm32f4xx_hal_msp.c
2026-02-03 10:23:56,059 [INFO] CodeEngine:265 - oldGeneratedFile, /home/krushna/CDAC_Project/HAL_CAN_TX/MXTmpFiles/system.tmp_save
2026-02-03 10:23:56,108 [INFO] CodeEngine:289 - Generated code: /home/krushna/CDAC_Project/HAL_CAN_TX/MXTmpFiles/system.tmp
2026-02-03 10:23:56,112 [INFO] CodeEngine:321 - oldGeneratedFile, /home/krushna/CDAC_Project/HAL_CAN_TX/Core/Inc/stm32f4xx_hal_conf.h_save
2026-02-03 10:23:56,177 [INFO] CodeEngine:345 - Generated code: /home/krushna/CDAC_Project/HAL_CAN_TX/Core/Inc/stm32f4xx_hal_conf.h
2026-02-03 10:23:56,193 [WARN] IPConfigManager:3811 - IP not found : TIM
2026-02-03 10:23:56,193 [WARN] CodeGenerator:4259 - IP not found : null
2026-02-03 10:23:56,196 [INFO] CodeEngine:265 - oldGeneratedFile, /home/krushna/CDAC_Project/HAL_CAN_TX/Core/Inc/main.h_save
2026-02-03 10:23:56,263 [INFO] CodeEngine:289 - Generated code: /home/krushna/CDAC_Project/HAL_CAN_TX/Core/Inc/main.h
2026-02-03 10:23:56,264 [INFO] CodeEngine:265 - oldGeneratedFile, /home/krushna/CDAC_Project/HAL_CAN_TX/Core/Src/main.c_save
2026-02-03 10:23:56,360 [INFO] CodeEngine:289 - Generated code: /home/krushna/CDAC_Project/HAL_CAN_TX/Core/Src/main.c
2026-02-03 10:23:56,625 [INFO] ProjectBuilder:3606 - Time for Copy HAL[1] : 29mS.
2026-02-03 10:23:56,627 [INFO] ProjectBuilder:5216 - Project Generator version: 4.7.0-B52
2026-02-03 10:23:56,707 [INFO] ConfigFileManager:1595 - The Die is : DIE413
2026-02-03 10:23:57,302 [INFO] ProjectBuilder:5496 - Time for Generating toolchain IDE Files: 675mS.
2026-02-03 10:23:57,303 [INFO] ProjectBuilder:3463 - Time for Copy CMSIS : 0mS.
2026-02-03 10:23:57,303 [INFO] ProjectBuilder:3463 - Time for Copy CMSIS : 0mS.
2026-02-03 10:45:45,779 [INFO] WebApp:194 - Connection lost
2026-02-03 10:45:59,567 [INFO] WebApp:191 - Connection restablished
2026-02-03 10:52:08,522 [INFO] MainUpdater:2872 - connection check result : 10
2026-02-03 10:52:08,523 [INFO] MainUpdater:2872 - connection check result : 10
2026-02-03 10:52:08,565 [INFO] MicroXplorer:468 - Change Database Path : 
2026-02-03 10:52:08,565 [INFO] MicroXplorer:498 - Change Database Version : DB.6.0.150
2026-02-03 10:52:08,577 [ERROR] ProjectManagerView:395 - 
java.lang.NullPointerException: Cannot invoke "javax.swing.JTextField.getText()" because the return value of "java.util.List.get(int)" is null
	at com.st.microxplorer.plugins.projectmanager.gui.ProjectChoiceTab$9.caretUpdate(ProjectChoiceTab.java:2706) ~[filemanager.jar:?]
	at javax.swing.text.JTextComponent.fireCaretUpdate(JTextComponent.java:408) ~[?:?]
	at javax.swing.text.JTextComponent$MutableCaretEvent.fire(JTextComponent.java:4484) ~[?:?]
	at javax.swing.text.JTextComponent$MutableCaretEvent.stateChanged(JTextComponent.java:4506) ~[?:?]
	at javax.swing.text.DefaultCaret.fireStateChanged(DefaultCaret.java:857) ~[?:?]
	at javax.swing.text.DefaultCaret.changeCaretPosition(DefaultCaret.java:1343) ~[?:?]
	at javax.swing.text.DefaultCaret.handleSetDot(DefaultCaret.java:1242) ~[?:?]
	at javax.swing.text.DefaultCaret.setDot(DefaultCaret.java:1223) ~[?:?]
	at javax.swing.text.DefaultCaret$Handler.insertUpdate(DefaultCaret.java:1819) ~[?:?]
	at javax.swing.text.AbstractDocument.fireInsertUpdate(AbstractDocument.java:227) ~[?:?]
	at javax.swing.text.AbstractDocument.handleInsertString(AbstractDocument.java:781) ~[?:?]
	at javax.swing.text.AbstractDocument.insertString(AbstractDocument.java:740) ~[?:?]
	at javax.swing.text.PlainDocument.insertString(PlainDocument.java:131) ~[?:?]
	at javax.swing.text.AbstractDocument.replace(AbstractDocument.java:699) ~[?:?]
	at javax.swing.text.JTextComponent.setText(JTextComponent.java:1725) ~[?:?]
	at com.st.microxplorer.plugins.projectmanager.gui.ProjectChoiceTab.createHeapStackFields(ProjectChoiceTab.java:993) ~[filemanager.jar:?]
	at com.st.microxplorer.plugins.projectmanager.gui.ProjectChoiceTab.buildLinkSettingsPanel(ProjectChoiceTab.java:3813) ~[filemanager.jar:?]
	at com.st.microxplorer.plugins.projectmanager.gui.ProjectChoiceTab.defineWindowsFields(ProjectChoiceTab.java:1987) ~[filemanager.jar:?]
	at com.st.microxplorer.plugins.projectmanager.gui.ProjectChoiceTab.updateSettings(ProjectChoiceTab.java:558) ~[filemanager.jar:?]
	at com.st.microxplorer.plugins.projectmanager.gui.ProjectSettingsPanel.UpdateDialog(ProjectSettingsPanel.java:247) ~[filemanager.jar:?]
	at com.st.microxplorer.plugins.projectmanager.ProjectManagerView.propertyChange(ProjectManagerView.java:392) ~[filemanager.jar:?]
	at java.beans.PropertyChangeSupport.fire(PropertyChangeSupport.java:343) ~[?:?]
	at java.beans.PropertyChangeSupport.firePropertyChange(PropertyChangeSupport.java:335) ~[?:?]
	at java.beans.PropertyChangeSupport.firePropertyChange(PropertyChangeSupport.java:268) ~[?:?]
	at com.st.microxplorer.util.MXPropertyChangeSupport.firePropertyChange(MXPropertyChangeSupport.java:54) ~[STM32CubeMX.jar:?]
	at com.st.microxplorer.mxsystem.MxSystem.closeConfig(MxSystem.java:899) ~[STM32CubeMX.jar:?]
	at com.st.microxplorer.maingui.MainPanel.closeConfig(MainPanel.java:792) ~[STM32CubeMX.jar:?]
	at com.st.microxplorer.plugins.filemanager.engine.OpenFileManager.loadConfigurationFile(OpenFileManager.java:288) ~[filemanager.jar:?]
	at com.st.microxplorer.plugins.filemanager.engine.MainFileManager.userLoadConfig(MainFileManager.java:364) ~[filemanager.jar:?]
	at com.st.microxplorer.plugins.filemanager.engine.MainFileManager.userLoadConfig(MainFileManager.java:342) ~[filemanager.jar:?]
	at com.st.microxplorer.plugins.filemanager.FileManagerView.getSpecificTask(FileManagerView.java:264) ~[filemanager.jar:?]
	at com.st.stm32cube.common.mx.editor.CubeMxEditor.getMxTabbedPaneInstance(CubeMxEditor.java:1198) ~[com.st.stm32cube.common.mx_6.15.0.202507011659/:?]
	at com.st.stm32cube.common.mx.editor.CubeMxEditor$12$1.createSwingComponent(CubeMxEditor.java:1068) ~[com.st.stm32cube.common.mx_6.15.0.202507011659/:?]
	at com.st.stm32cube.common.mx.oss.core.awtswtbridge.EmbeddedSwingComposite.doComponentCreation(EmbeddedSwingComposite.java:492) ~[com.st.stm32cube.common.mx.oss_6.15.0.202507011659/:?]
	at com.st.stm32cube.common.mx.oss.core.awtswtbridge.EmbeddedSwingComposite$4.run(EmbeddedSwingComposite.java:291) ~[com.st.stm32cube.common.mx.oss_6.15.0.202507011659/:?]
	at com.st.stm32cube.common.mx.oss.core.awtswtbridge.AwtEnvironment$2.run(AwtEnvironment.java:166) ~[com.st.stm32cube.common.mx.oss_6.15.0.202507011659/:?]
	at java.awt.event.InvocationEvent.dispatch(InvocationEvent.java:318) ~[?:?]
	at java.awt.EventQueue.dispatchEventImpl(EventQueue.java:773) ~[?:?]
	at java.awt.EventQueue$4.run(EventQueue.java:720) ~[?:?]
	at java.awt.EventQueue$4.run(EventQueue.java:714) ~[?:?]
	at java.security.AccessController.doPrivileged(AccessController.java:400) ~[?:?]
	at java.security.ProtectionDomain$JavaSecurityAccessImpl.doIntersectionPrivilege(ProtectionDomain.java:87) ~[?:?]
	at java.awt.EventQueue.dispatchEvent(EventQueue.java:742) ~[?:?]
	at java.awt.EventDispatchThread.pumpOneEventForFilters(EventDispatchThread.java:203) ~[?:?]
	at java.awt.EventDispatchThread.pumpEventsForFilter(EventDispatchThread.java:124) ~[?:?]
	at java.awt.EventDispatchThread.pumpEventsForHierarchy(EventDispatchThread.java:113) ~[?:?]
	at java.awt.EventDispatchThread.pumpEvents(EventDispatchThread.java:109) ~[?:?]
	at java.awt.EventDispatchThread.pumpEvents(EventDispatchThread.java:101) ~[?:?]
	at java.awt.EventDispatchThread.run(EventDispatchThread.java:90) ~[?:?]
2026-02-03 10:52:08,578 [WARN] ThirdParty:871 - waiting for thirdparty lock release [close project]
2026-02-03 10:52:08,578 [INFO] ThirdParty:873 - entering critical section [close project]
2026-02-03 10:52:08,578 [INFO] ThirdParty:883 - exiting critical section [close project]
2026-02-03 10:52:08,582 [INFO] PinOutPanel:1589 - setPackage(No Configuration,No Configuration)
2026-02-03 10:52:08,588 [WARN] IpParametersView:155 - Warning: This peripheral hasn't parameters
2026-02-03 10:52:08,592 [WARN] MainPanel:289 - <html><b><center>Warning: This peripheral has no parameters to be configured<br></b></html>
2026-02-03 10:52:08,596 [INFO] UtilMem:75 - Begin LoadConfig() Used Memory: 621221008 Bytes (940572672)
2026-02-03 10:52:08,600 [INFO] MicroXplorer:468 - Change Database Path : /home/krushna/.stm32cubemx/databases/DB.6.0.130/db/
2026-02-03 10:52:08,600 [INFO] MicroXplorer:498 - Change Database Version : DB.6.0.130
2026-02-03 10:52:10,240 [INFO] OpenFileManager:355 - Change cursor
2026-02-03 10:52:10,270 [INFO] RulesReader:64 - Compatibility file has been processed (297 Rules)
2026-02-03 10:52:10,277 [INFO] Mcu:2029 - Initializing MCU STM32F407V(E-G)Tx STM32F407VGTx STM32F407VGT6
2026-02-03 10:52:11,345 [INFO] Context:786 - Trying to add GPIOservice into a context  which must be forbidden
2026-02-03 10:52:11,975 [INFO] ImportTextPane:234 - (OptionalMessage_ERROR) Pin19 (VP_RIF_VS_RIF1) cannot be retrieved for this MCU
2026-02-03 10:52:12,084 [INFO] RtosManager:558 - Registered RTOS mode: class=CMSIS, group=RTOS, mode=CMSIS_V1, owner=FREERTOS
2026-02-03 10:52:12,084 [INFO] RtosManager:558 - Registered RTOS mode: class=CMSIS, group=RTOS2, mode=CMSIS_V2, owner=FREERTOS
2026-02-03 10:52:12,084 [INFO] RtosManager:558 - Registered RTOS mode: class=RTOS, group=Core, mode=CMSIS_V1, owner=FREERTOS
2026-02-03 10:52:12,084 [INFO] RtosManager:558 - Registered RTOS mode: class=RTOS, group=Core, mode=CMSIS_V2, owner=FREERTOS
2026-02-03 10:52:12,084 [WARN] ModelIntegratedComponent:184 - Missing modes for component STMicroelectronics:FreeRTOS:0.0.1:STMicroelectronics:RTOS:FreeRTOS:Core:::10.2.0:
2026-02-03 10:52:12,089 [WARN] ModelIntegratedComponent:63 - No mode defined for component null
2026-02-03 10:52:12,089 [WARN] ModelIntegratedComponent:63 - No mode defined for component null
2026-02-03 10:52:12,089 [WARN] ModelIntegratedComponent:63 - No mode defined for component null
2026-02-03 10:52:12,089 [WARN] ModelIntegratedComponent:63 - No mode defined for component null
2026-02-03 10:52:12,089 [WARN] ModelIntegratedComponent:63 - No mode defined for component null
2026-02-03 10:52:12,089 [WARN] ModelIntegratedComponent:63 - No mode defined for component null
2026-02-03 10:52:12,089 [WARN] ModelIntegratedComponent:63 - No mode defined for component null
2026-02-03 10:52:12,089 [WARN] ModelIntegratedComponent:63 - No mode defined for component null
2026-02-03 10:52:12,089 [WARN] ModelIntegratedComponent:63 - No mode defined for component null
2026-02-03 10:52:12,089 [WARN] ModelIntegratedComponent:63 - No mode defined for component null
2026-02-03 10:52:12,090 [WARN] ModelIntegratedComponent:63 - No mode defined for component null
2026-02-03 10:52:12,090 [WARN] ModelIntegratedComponent:63 - No mode defined for component null
2026-02-03 10:52:12,090 [WARN] ModelIntegratedComponent:63 - No mode defined for component null
2026-02-03 10:52:12,090 [WARN] ModelIntegratedComponent:63 - No mode defined for component null
2026-02-03 10:52:12,090 [WARN] ModelIntegratedComponent:63 - No mode defined for component null
2026-02-03 10:52:12,090 [WARN] ModelIntegratedComponent:63 - No mode defined for component null
2026-02-03 10:52:12,090 [WARN] ModelIntegratedComponent:63 - No mode defined for component null
2026-02-03 10:52:12,090 [WARN] ModelIntegratedComponent:63 - No mode defined for component null
2026-02-03 10:52:12,090 [WARN] ModelIntegratedComponent:63 - No mode defined for component null
2026-02-03 10:52:12,090 [WARN] ModelIntegratedComponent:63 - No mode defined for component null
2026-02-03 10:52:12,090 [WARN] ModelIntegratedComponent:63 - No mode defined for component null
2026-02-03 10:52:12,090 [WARN] ModelIntegratedComponent:63 - No mode defined for component null
2026-02-03 10:52:12,090 [WARN] ModelIntegratedComponent:63 - No mode defined for component null
2026-02-03 10:52:12,090 [WARN] ModelIntegratedComponent:63 - No mode defined for component null
2026-02-03 10:52:12,090 [WARN] ModelIntegratedComponent:63 - No mode defined for component null
2026-02-03 10:52:12,090 [WARN] ModelIntegratedComponent:63 - No mode defined for component null
2026-02-03 10:52:12,090 [WARN] ModelIntegratedComponent:63 - No mode defined for component null
2026-02-03 10:52:12,090 [WARN] ModelIntegratedComponent:63 - No mode defined for component null
2026-02-03 10:52:12,090 [WARN] ModelIntegratedComponent:63 - No mode defined for component null
2026-02-03 10:52:12,090 [WARN] ModelIntegratedComponent:63 - No mode defined for component null
2026-02-03 10:52:12,090 [WARN] ModelIntegratedComponent:63 - No mode defined for component null
2026-02-03 10:52:12,090 [WARN] ModelIntegratedComponent:63 - No mode defined for component null
2026-02-03 10:52:12,090 [WARN] ModelIntegratedComponent:63 - No mode defined for component null
2026-02-03 10:52:12,090 [WARN] ModelIntegratedComponent:63 - No mode defined for component null
2026-02-03 10:52:12,090 [WARN] ModelIntegratedComponent:63 - No mode defined for component null
2026-02-03 10:52:12,090 [WARN] ModelPack:524 - Component already loaded: STMicroelectronics:HAL Drivers:0.0.0:STMicroelectronics:Device:STMicro_Driver:XSPI:HAL::0.0.1:HAL_XSPI
2026-02-03 10:52:12,158 [INFO] ThirdPartyModel:298 - Start build external matchings
2026-02-03 10:52:12,617 [INFO] ThirdPartyModel:316 - End build external matchings
2026-02-03 10:52:12,644 [INFO] ImportTextPane:234 - (OptionalMessage_ERROR) IP (RCC) : Parameter (RTCHSEDivFreq_Value) has invalid value (4000000)
2026-02-03 10:52:12,890 [INFO] UtilMem:75 - End LoadConfig() Used Memory: 538541184 Bytes (940572672)
2026-02-03 10:52:12,949 [WARN] ThirdParty:833 - waiting for thirdparty lock release [change project]
2026-02-03 10:52:12,949 [INFO] ThirdParty:835 - entering critical section [change project]
2026-02-03 10:52:12,949 [INFO] ThirdParty:1030 - CMSIS Pack Vendor :STMicroelectronics X-CUBE-PM33A1 1.0.0
2026-02-03 10:52:12,950 [INFO] ThirdParty:1030 - CMSIS Pack Vendor :STMicroelectronics USBPD 4.1
2026-02-03 10:52:12,950 [INFO] ThirdParty:1030 - CMSIS Pack Vendor :STMicroelectronics X-CUBE-NFC9 1.0.0
2026-02-03 10:52:12,950 [INFO] ThirdParty:1030 - CMSIS Pack Vendor :STMicroelectronics USB_HOST 2.0.0
2026-02-03 10:52:12,950 [INFO] ThirdParty:1030 - CMSIS Pack Vendor :STMicroelectronics FP-SNS-MOTENVWB1 1.4.0
2026-02-03 10:52:12,950 [INFO] ThirdParty:1030 - CMSIS Pack Vendor :STMicroelectronics X-CUBE-AZRTOS-F4 1.1.0
2026-02-03 10:52:12,950 [INFO] ThirdParty:1030 - CMSIS Pack Vendor :STMicroelectronics LIBJPEG 8.0.0
2026-02-03 10:52:12,950 [INFO] ThirdParty:1030 - CMSIS Pack Vendor :STMicroelectronics FP-ATR-ASTRA1 2.0.2
2026-02-03 10:52:12,950 [INFO] ThirdParty:1030 - CMSIS Pack Vendor :STMicroelectronics X-CUBE-BLE1 7.1.0
2026-02-03 10:52:12,950 [INFO] ThirdParty:1030 - CMSIS Pack Vendor :Avnet-IotConnect X-CUBE-IoTC-DA16k-PMOD 1.0.0
2026-02-03 10:52:12,950 [INFO] ThirdParty:1030 - CMSIS Pack Vendor :STMicroelectronics X-CUBE-SMBUS 2.1.0
2026-02-03 10:52:12,950 [INFO] ThirdParty:1030 - CMSIS Pack Vendor :wolfSSL I-CUBE-wolfMQTT 1.19.2
2026-02-03 10:52:12,950 [INFO] ThirdParty:1030 - CMSIS Pack Vendor :STMicroelectronics USB_DEVICE 3.0.0
2026-02-03 10:52:12,950 [INFO] ThirdParty:1030 - CMSIS Pack Vendor :STMicroelectronics X-CUBE-ISPU 2.1.0
2026-02-03 10:52:12,950 [INFO] ThirdParty:1030 - CMSIS Pack Vendor :STMicroelectronics X-CUBE-FREERTOS 1.4.0
2026-02-03 10:52:12,950 [INFO] ThirdParty:1030 - CMSIS Pack Vendor :STMicroelectronics X-CUBE-IPS 3.2.0
2026-02-03 10:52:12,950 [INFO] ThirdParty:1030 - CMSIS Pack Vendor :STMicroelectronics X-CUBE-AZRTOS-WB 2.0.0
2026-02-03 10:52:12,950 [INFO] ThirdParty:1030 - CMSIS Pack Vendor :STMicroelectronics X-CUBE-ST60 1.0.0
2026-02-03 10:52:12,950 [INFO] ThirdParty:1030 - CMSIS Pack Vendor :STMicroelectronics X-CUBE-GNSS1 7.0.1
2026-02-03 10:52:12,950 [INFO] ThirdParty:1030 - CMSIS Pack Vendor :STMicroelectronics X-CUBE-AZRTOS-F7 1.1.0
2026-02-03 10:52:12,950 [INFO] ThirdParty:1030 - CMSIS Pack Vendor :STMicroelectronics X-CUBE-AZRTOS-L5 2.0.0
2026-02-03 10:52:12,950 [INFO] ThirdParty:1030 - CMSIS Pack Vendor :STMicroelectronics X-CUBE-TOUCHGFX 4.25.0
2026-02-03 10:52:12,950 [INFO] ThirdParty:1030 - CMSIS Pack Vendor :STMicroelectronics USB_DEVICE 2.0.0
2026-02-03 10:52:12,950 [INFO] ThirdParty:1030 - CMSIS Pack Vendor :STMicroelectronics X-CUBE-NFC6 3.1.0
2026-02-03 10:52:12,954 [INFO] ThirdParty:1030 - CMSIS Pack Vendor :STMicroelectronics X-CUBE-ST67W61 1.1.0
2026-02-03 10:52:12,955 [INFO] ThirdParty:1030 - CMSIS Pack Vendor :Cesanta I-CUBE-Mongoose 7.19.0
2026-02-03 10:52:12,955 [INFO] ThirdParty:1030 - CMSIS Pack Vendor :quantropi X-CUBE-qispace-sdk-base 2.1.0
2026-02-03 10:52:12,955 [INFO] ThirdParty:1030 - CMSIS Pack Vendor :STMicroelectronics X-CUBE-MEMS1 12.0.0
2026-02-03 10:52:12,955 [INFO] ThirdParty:1030 - CMSIS Pack Vendor :STMicroelectronics X-CUBE-STSE01 2.0.0
2026-02-03 10:52:12,955 [INFO] ThirdParty:1030 - CMSIS Pack Vendor :STMicroelectronics FP-SNS-MOTENV1 5.1.0
2026-02-03 10:52:12,955 [INFO] ThirdParty:1030 - CMSIS Pack Vendor :STMicroelectronics FreeRTOS 0.0.1
2026-02-03 10:52:12,955 [INFO] ThirdParty:1030 - CMSIS Pack Vendor :STMicroelectronics X-CUBE-AZRTOS-G0 1.1.0
2026-02-03 10:52:12,955 [INFO] ThirdParty:1030 - CMSIS Pack Vendor :STMicroelectronics X-CUBE-SAFEA1 1.2.2
2026-02-03 10:52:12,955 [INFO] ThirdParty:1030 - CMSIS Pack Vendor :STMicroelectronics X-CUBE-NFC4 3.0.0
2026-02-03 10:52:12,955 [INFO] ThirdParty:1030 - CMSIS Pack Vendor :STMicroelectronics X-CUBE-SUBG2 5.0.0
2026-02-03 10:52:12,955 [INFO] ThirdParty:1030 - CMSIS Pack Vendor :STMicroelectronics X-CUBE-AZRTOS-H7RS 1.1.0
2026-02-03 10:52:12,955 [INFO] ThirdParty:1030 - CMSIS Pack Vendor :STMicroelectronics STM32_WPAN 1.0.0
2026-02-03 10:52:12,955 [INFO] ThirdParty:1030 - CMSIS Pack Vendor :EmbeddedOffice I-CUBE-FS-RTOS 1.0.1
2026-02-03 10:52:12,955 [INFO] ThirdParty:1030 - CMSIS Pack Vendor :STMicroelectronics lwIP 2.0.3
2026-02-03 10:52:12,955 [INFO] ThirdParty:1030 - CMSIS Pack Vendor :WES I-CUBE-Cesium 1.4.0
2026-02-03 10:52:12,955 [INFO] ThirdParty:1030 - CMSIS Pack Vendor :STMicroelectronics USB_HOST 1.0.0
2026-02-03 10:52:12,955 [INFO] ThirdParty:1030 - CMSIS Pack Vendor :Infineon AIROC-Wi-Fi-Bluetooth-STM32 1.7.1
2026-02-03 10:52:12,955 [INFO] ThirdParty:1030 - CMSIS Pack Vendor :STMicroelectronics X-CUBE-AZRTOS-G4 2.0.0
2026-02-03 10:52:12,955 [INFO] ThirdParty:1030 - CMSIS Pack Vendor :STMicroelectronics X-CUBE-WB05N 2.0.0
2026-02-03 10:52:12,955 [INFO] ThirdParty:1030 - CMSIS Pack Vendor :STMicroelectronics PDM2PCM 3.1.0
2026-02-03 10:52:12,955 [INFO] ThirdParty:1030 - CMSIS Pack Vendor :STMicroelectronics PDM2PCM 3.3.0
2026-02-03 10:52:12,955 [INFO] ThirdParty:1030 - CMSIS Pack Vendor :wolfSSL I-CUBE-wolfTPM 3.8.0
2026-02-03 10:52:12,955 [INFO] ThirdParty:1030 - CMSIS Pack Vendor :STMicroelectronics X-CUBE-DISPLAY 3.0.0
2026-02-03 10:52:12,955 [INFO] ThirdParty:1030 - CMSIS Pack Vendor :wolfSSL I-CUBE-wolfSSH 1.4.20
2026-02-03 10:52:12,955 [INFO] ThirdParty:1030 - CMSIS Pack Vendor :STMicroelectronics X-CUBE-NFC7 2.0.0
2026-02-03 10:52:12,955 [INFO] ThirdParty:1030 - CMSIS Pack Vendor :STMicroelectronics X-CUBE-TCPP 4.2.0
2026-02-03 10:52:12,955 [INFO] ThirdParty:1030 - CMSIS Pack Vendor :RealThread X-CUBE-RT-Thread_Nano 4.1.1
2026-02-03 10:52:12,955 [INFO] ThirdParty:1030 - CMSIS Pack Vendor :STMicroelectronics FP-ATR-SIGFOX1 3.2.0
2026-02-03 10:52:12,955 [INFO] ThirdParty:1030 - CMSIS Pack Vendor :STMicroelectronics X-CUBE-NFC10 1.0.0
2026-02-03 10:52:12,956 [INFO] ThirdParty:1030 - CMSIS Pack Vendor :STMicroelectronics X-CUBE-FREERTOS 1.3.1
2026-02-03 10:52:12,956 [INFO] ThirdParty:1030 - CMSIS Pack Vendor :STMicroelectronics HAL Drivers 0.0.0
2026-02-03 10:52:12,956 [INFO] ThirdParty:1030 - CMSIS Pack Vendor :STMicroelectronics MBEDTLS 2.16.2
2026-02-03 10:52:12,956 [INFO] ThirdParty:1030 - CMSIS Pack Vendor :STMicroelectronics X-CUBE-ST60 1.1.0
2026-02-03 10:52:12,956 [INFO] ThirdParty:1030 - CMSIS Pack Vendor :STMicroelectronics X-CUBE-IPS 3.1.0
2026-02-03 10:52:12,956 [INFO] ThirdParty:1030 - CMSIS Pack Vendor :STMicroelectronics X-CUBE-ALS 1.0.2
2026-02-03 10:52:12,956 [INFO] ThirdParty:1030 - CMSIS Pack Vendor :emotas I-CUBE-CANOPEN 1.3.0
2026-02-03 10:52:12,956 [INFO] ThirdParty:1030 - CMSIS Pack Vendor :STMicroelectronics MBEDTLS 2.14.1
2026-02-03 10:52:12,956 [INFO] ThirdParty:1030 - CMSIS Pack Vendor :STMicroelectronics X-CUBE-GNSS1 7.1.0
2026-02-03 10:52:12,956 [INFO] ThirdParty:1030 - CMSIS Pack Vendor :ITTIA_DB I-CUBE-ITTIADB 8.9.0
2026-02-03 10:52:12,956 [INFO] ThirdParty:1030 - CMSIS Pack Vendor :STMicroelectronics X-CUBE-TOUCHGFX 4.26.0
2026-02-03 10:52:12,956 [INFO] ThirdParty:1030 - CMSIS Pack Vendor :STMicroelectronics X-CUBE-STSE01 1.0.0
2026-02-03 10:52:12,956 [INFO] ThirdParty:1030 - CMSIS Pack Vendor :STMicroelectronics X-CUBE-NFC6 3.2.0
2026-02-03 10:52:12,956 [INFO] ThirdParty:1030 - CMSIS Pack Vendor :STMicroelectronics X-CUBE-ST67W61 1.0.0
2026-02-03 10:52:12,956 [INFO] ThirdParty:1030 - CMSIS Pack Vendor :STMicroelectronics ThreadX 1.0.0
2026-02-03 10:52:12,956 [INFO] ThirdParty:1030 - CMSIS Pack Vendor :STMicroelectronics FP-SNS-SMARTAG2 1.2.0
2026-02-03 10:52:12,956 [INFO] ThirdParty:1030 - CMSIS Pack Vendor :STMicroelectronics FP-SNS-FLIGHT1 5.1.0
2026-02-03 10:52:12,956 [INFO] ThirdParty:1030 - CMSIS Pack Vendor :STMicroelectronics X-CUBE-AZRTOS-WL 2.0.0
2026-02-03 10:52:12,956 [INFO] ThirdParty:1030 - CMSIS Pack Vendor :SEGGER I-CUBE-embOS 1.3.1
2026-02-03 10:52:12,956 [INFO] ThirdParty:1030 - CMSIS Pack Vendor :STMicroelectronics X-CUBE-ALGOBUILD 1.4.0
2026-02-03 10:52:12,956 [INFO] ThirdParty:1030 - CMSIS Pack Vendor :STMicroelectronics X-CUBE-DPower 1.3.0
2026-02-03 10:52:12,956 [INFO] ThirdParty:1030 - CMSIS Pack Vendor :STMicroelectronics X-CUBE-MEMS1 11.3.0
2026-02-03 10:52:12,956 [INFO] ThirdParty:1030 - CMSIS Pack Vendor :STMicroelectronics FP-SNS-MOTENV1 5.0.0
2026-02-03 10:52:12,956 [INFO] ThirdParty:1030 - CMSIS Pack Vendor :STMicroelectronics USB_DEVICE 1.0.0
2026-02-03 10:52:12,956 [INFO] ThirdParty:1030 - CMSIS Pack Vendor :STMicroelectronics X-CUBE-AZRTOS-H7RS 1.2.0
2026-02-03 10:52:12,956 [INFO] ThirdParty:1030 - CMSIS Pack Vendor :STMicroelectronics X-CUBE-AZRTOS-L4 2.0.0
2026-02-03 10:52:12,956 [INFO] ThirdParty:1030 - CMSIS Pack Vendor :STMicroelectronics ThreadX 0.0.2
2026-02-03 10:52:12,956 [INFO] ThirdParty:1030 - CMSIS Pack Vendor :STMicroelectronics lwIP 2.1.2
2026-02-03 10:52:12,956 [INFO] ThirdParty:1030 - CMSIS Pack Vendor :STMicroelectronics X-CUBE-SFXS2LP1 4.0.0
2026-02-03 10:52:12,956 [INFO] ThirdParty:1030 - CMSIS Pack Vendor :STMicroelectronics X-CUBE-BLE2 3.3.0
2026-02-03 10:52:12,956 [INFO] ThirdParty:1030 - CMSIS Pack Vendor :Avnet-IOTCONNECT X-CUBE-iotc-st67-sdk 1.0.0
2026-02-03 10:52:12,956 [INFO] ThirdParty:1030 - CMSIS Pack Vendor :STMicroelectronics X-CUBE-TOF1 3.4.3
2026-02-03 10:52:12,956 [INFO] ThirdParty:1030 - CMSIS Pack Vendor :STMicroelectronics PDM2PCM 3.2.0
2026-02-03 10:52:12,956 [INFO] ThirdParty:1030 - CMSIS Pack Vendor :STMicroelectronics X-CUBE-ST67W61 1.2.0
2026-02-03 10:52:12,956 [INFO] ThirdParty:841 - exiting critical section [change project]
2026-02-03 10:52:13,275 [INFO] PinOutPanel:1589 - setPackage(No Configuration,No Configuration)
2026-02-03 10:52:13,276 [INFO] PinOutPanel:1589 - setPackage(STM32F407VGTx,LQFP100)
2026-02-03 10:52:13,595 [INFO] UtilMem:75 - Before build in PCC Used Memory: 814843008 Bytes (940572672)
2026-02-03 10:52:13,892 [INFO] UtilMem:75 - After build in PCC Used Memory: 350417696 Bytes (940572672)
2026-02-03 10:52:13,920 [INFO] IPUIPlugin:80 - create IPUIPlugin
2026-02-03 10:52:13,920 [INFO] IPUIPlugin:80 - create IPUIPlugin
2026-02-03 10:52:13,921 [INFO] IPUIPlugin:80 - create IPUIPlugin
2026-02-03 10:52:13,921 [INFO] IPUIPlugin:80 - create IPUIPlugin
2026-02-03 10:52:13,921 [INFO] IPUIPlugin:80 - create IPUIPlugin
2026-02-03 10:52:13,921 [INFO] IPUIPlugin:80 - create IPUIPlugin
2026-02-03 10:52:13,921 [INFO] IPUIPlugin:80 - create IPUIPlugin
2026-02-03 10:52:13,921 [INFO] IPUIPlugin:80 - create IPUIPlugin
2026-02-03 10:52:13,922 [INFO] IPUIPlugin:80 - create IPUIPlugin
2026-02-03 10:52:13,922 [INFO] IPUIPlugin:80 - create IPUIPlugin
2026-02-03 10:52:13,922 [INFO] IPUIPlugin:80 - create IPUIPlugin
2026-02-03 10:52:13,922 [INFO] IPUIPlugin:80 - create IPUIPlugin
2026-02-03 10:52:13,922 [INFO] IPUIPlugin:80 - create IPUIPlugin
2026-02-03 10:52:13,922 [INFO] IPUIPlugin:80 - create IPUIPlugin
2026-02-03 10:52:13,922 [INFO] IPUIPlugin:80 - create IPUIPlugin
2026-02-03 10:52:13,922 [INFO] IPUIPlugin:80 - create IPUIPlugin
2026-02-03 10:52:13,922 [INFO] IPUIPlugin:80 - create IPUIPlugin
2026-02-03 10:52:13,922 [INFO] IPUIPlugin:80 - create IPUIPlugin
2026-02-03 10:52:13,922 [INFO] IPUIPlugin:80 - create IPUIPlugin
2026-02-03 10:52:13,923 [INFO] IPUIPlugin:80 - create IPUIPlugin
2026-02-03 10:52:13,923 [INFO] IPUIPlugin:80 - create IPUIPlugin
2026-02-03 10:52:13,923 [INFO] IPUIPlugin:80 - create IPUIPlugin
2026-02-03 10:52:13,923 [INFO] IPUIPlugin:80 - create IPUIPlugin
2026-02-03 10:52:13,924 [INFO] IPUIPlugin:80 - create IPUIPlugin
2026-02-03 10:52:13,924 [INFO] IPUIPlugin:80 - create IPUIPlugin
2026-02-03 10:52:13,924 [INFO] IPUIPlugin:80 - create IPUIPlugin
2026-02-03 10:52:13,924 [INFO] IPUIPlugin:80 - create IPUIPlugin
2026-02-03 10:52:13,925 [INFO] IPUIPlugin:80 - create IPUIPlugin
2026-02-03 10:52:13,925 [INFO] IPUIPlugin:80 - create IPUIPlugin
2026-02-03 10:52:13,925 [INFO] IPUIPlugin:80 - create IPUIPlugin
2026-02-03 10:52:13,925 [INFO] IPUIPlugin:80 - create IPUIPlugin
2026-02-03 10:52:13,926 [INFO] IPUIPlugin:80 - create IPUIPlugin
2026-02-03 10:52:13,926 [INFO] IPUIPlugin:80 - create IPUIPlugin
2026-02-03 10:52:13,926 [INFO] IPUIPlugin:80 - create IPUIPlugin
2026-02-03 10:52:13,926 [INFO] IPUIPlugin:80 - create IPUIPlugin
2026-02-03 10:52:13,927 [INFO] IPUIPlugin:80 - create IPUIPlugin
2026-02-03 10:52:13,927 [INFO] IPUIPlugin:80 - create IPUIPlugin
2026-02-03 10:52:13,927 [INFO] IPUIPlugin:80 - create IPUIPlugin
2026-02-03 10:52:13,927 [INFO] IPUIPlugin:80 - create IPUIPlugin
2026-02-03 10:52:13,928 [INFO] IPUIPlugin:80 - create IPUIPlugin
2026-02-03 10:52:13,928 [INFO] IPUIPlugin:80 - create IPUIPlugin
2026-02-03 10:52:13,928 [INFO] IPUIPlugin:80 - create IPUIPlugin
2026-02-03 10:52:13,928 [INFO] IPUIPlugin:80 - create IPUIPlugin
2026-02-03 10:52:13,928 [INFO] IPUIPlugin:80 - create IPUIPlugin
2026-02-03 10:52:13,929 [INFO] IPUIPlugin:80 - create IPUIPlugin
2026-02-03 10:52:13,929 [INFO] IPUIPlugin:80 - create IPUIPlugin
2026-02-03 10:52:13,929 [INFO] IPUIPlugin:80 - create IPUIPlugin
2026-02-03 10:52:13,929 [INFO] IPUIPlugin:80 - create IPUIPlugin
2026-02-03 10:52:13,930 [INFO] IPUIPlugin:80 - create IPUIPlugin
2026-02-03 10:52:13,930 [INFO] IPUIPlugin:80 - create IPUIPlugin
2026-02-03 10:52:13,930 [INFO] IPUIPlugin:80 - create IPUIPlugin
2026-02-03 10:52:13,930 [INFO] IPUIPlugin:80 - create IPUIPlugin
2026-02-03 10:52:13,930 [INFO] IPUIPlugin:80 - create IPUIPlugin
2026-02-03 10:52:13,931 [INFO] IPUIPlugin:80 - create IPUIPlugin
2026-02-03 10:52:13,931 [INFO] IPUIPlugin:80 - create IPUIPlugin
2026-02-03 10:52:13,931 [INFO] IPUIPlugin:80 - create IPUIPlugin
2026-02-03 10:52:13,932 [INFO] IPUIPlugin:80 - create IPUIPlugin
2026-02-03 10:52:13,932 [INFO] IPUIPlugin:80 - create IPUIPlugin
2026-02-03 10:52:13,934 [INFO] ApiDbMcu:532 - Load IP Config File for PDM2PCM
2026-02-03 10:52:13,935 [INFO] Can:71 - Can Add PropertyChangeListener com.st.microxplorer.plugins.ip.can.Can@66ed2060
2026-02-03 10:52:13,977 [INFO] CADModel:165 - CPN selected for project levelSTM32F407VGT6
2026-02-03 10:52:13,977 [INFO] CADModel:114 - Register for checkConnection events
2026-02-03 10:52:14,014 [INFO] OpenFileManager:386 - Restore cursor
2026-02-03 11:15:28,585 [INFO] WebApp:194 - Connection lost
2026-02-03 11:23:25,932 [INFO] WebApp:191 - Connection restablished
2026-02-03 11:23:29,707 [INFO] WebApp:194 - Connection lost
2026-02-03 11:23:30,466 [INFO] WebApp:191 - Connection restablished
2026-02-03 11:55:11,838 [ERROR] LogOutputStream:75 - [STDERR_REDIRECT] 
2026-02-03 14:29:45,996 [INFO] Activator:176 - 


2026-02-03 14:29:45,998 [INFO] Activator:177 - !SESSION log4j initialized
2026-02-03 14:29:50,452 [INFO] LogOutputStream:77 - [STDOUT_REDIRECT] 
2026-02-03 14:29:51,493 [INFO] ApplicationProperties:184 - Using Application install path: /opt/st/stm32cubeide_1.19.0/plugins/com.st.stm32cube.common.mx_6.15.0.202507011659
2026-02-03 14:29:51,518 [INFO] DbMcusXml:78 - Set database path to: /opt/st/stm32cubeide_1.19.0/plugins/com.st.stm32cube.common.mx_6.15.0.202507011659//db//mcu/
2026-02-03 14:29:51,519 [INFO] ApiDb:274 - Set plugin database path to: /opt/st/stm32cubeide_1.19.0/plugins/com.st.stm32cube.common.mx_6.15.0.202507011659//db//plugins/boardmanager/
2026-02-03 14:29:51,519 [WARN] ApiDb:259 - Overriding images path with different value:  => /opt/st/stm32cubeide_1.19.0/plugins/com.st.stm32cube.common.mx_6.15.0.202507011659//db//plugins/mcufinder/images/
2026-02-03 14:29:51,526 [INFO] ApiDb:250 - Set database path to: /home/krushna/.stmcufinder/plugins/mcufinder//mcu/
2026-02-03 14:29:51,527 [INFO] DbMcusAds:125 - Set database path to: /home/krushna/.stmcufinder/plugins/mcufinder//mcu/
2026-02-03 14:29:51,530 [INFO] CrossReferenceDbSqlite:203 - Set database path to: /home/krushna/.stmcufinder/plugins/mcufinder//mcu/cs/
2026-02-03 14:29:51,680 [INFO] RulesReader:64 - Compatibility file has been processed (317 Rules)
2026-02-03 14:29:51,762 [INFO] DbMcusXml:78 - Set database path to: /opt/st/stm32cubeide_1.19.0/plugins/com.st.stm32cube.common.mx_6.15.0.202507011659//db//mcu/
2026-02-03 14:29:51,762 [INFO] ApiDb:274 - Set plugin database path to: /opt/st/stm32cubeide_1.19.0/plugins/com.st.stm32cube.common.mx_6.15.0.202507011659//db//plugins/boardmanager/
2026-02-03 14:29:51,762 [INFO] ApiDb:261 - Set plugin images path to: /opt/st/stm32cubeide_1.19.0/plugins/com.st.stm32cube.common.mx_6.15.0.202507011659//db//plugins/mcufinder/images/
2026-02-03 14:29:51,763 [WARN] DbFile:41 - Overriding database path with different value: /home/krushna/.stmcufinder/plugins/mcufinder/ => /home/krushna/.stmcufinder/plugins/mcufinder
2026-02-03 14:29:51,763 [INFO] ApiDb:250 - Set database path to: /home/krushna/.stmcufinder/plugins/mcufinder//mcu/
2026-02-03 14:29:51,763 [WARN] DbFile:41 - Overriding database path with different value: /home/krushna/.stmcufinder/plugins/mcufinder/ => /home/krushna/.stmcufinder/plugins/mcufinder
2026-02-03 14:29:51,763 [INFO] DbMcusAds:125 - Set database path to: /home/krushna/.stmcufinder/plugins/mcufinder//mcu/
2026-02-03 14:29:51,763 [WARN] DbFile:41 - Overriding database path with different value: /home/krushna/.stmcufinder/plugins/mcufinder/ => /home/krushna/.stmcufinder/plugins/mcufinder
2026-02-03 14:29:51,763 [WARN] DbFile:41 - Overriding database path with different value: /home/krushna/.stmcufinder/plugins/mcufinder/ => /home/krushna/.stmcufinder/plugins/mcufinder
2026-02-03 14:29:51,763 [INFO] CrossReferenceDbSqlite:203 - Set database path to: /home/krushna/.stmcufinder/plugins/mcufinder//mcu/cs/
2026-02-03 14:29:51,860 [INFO] MainPanel:274 - HeapMemory: 268435456
2026-02-03 14:29:52,030 [INFO] DbMcusXml:78 - Set database path to: /opt/st/stm32cubeide_1.19.0/plugins/com.st.stm32cube.common.mx_6.15.0.202507011659//db//mcu/
2026-02-03 14:29:52,030 [INFO] ApiDb:274 - Set plugin database path to: /opt/st/stm32cubeide_1.19.0/plugins/com.st.stm32cube.common.mx_6.15.0.202507011659//db//plugins/boardmanager/
2026-02-03 14:29:52,030 [INFO] ApiDb:261 - Set plugin images path to: /opt/st/stm32cubeide_1.19.0/plugins/com.st.stm32cube.common.mx_6.15.0.202507011659//db//plugins/mcufinder/images/
2026-02-03 14:29:52,031 [WARN] DbFile:41 - Overriding database path with different value: /home/krushna/.stmcufinder/plugins/mcufinder/ => /home/krushna/.stmcufinder/plugins/mcufinder
2026-02-03 14:29:52,031 [INFO] ApiDb:250 - Set database path to: /home/krushna/.stmcufinder/plugins/mcufinder//mcu/
2026-02-03 14:29:52,031 [WARN] DbFile:41 - Overriding database path with different value: /home/krushna/.stmcufinder/plugins/mcufinder/ => /home/krushna/.stmcufinder/plugins/mcufinder
2026-02-03 14:29:52,031 [INFO] DbMcusAds:125 - Set database path to: /home/krushna/.stmcufinder/plugins/mcufinder//mcu/
2026-02-03 14:29:52,031 [WARN] DbFile:41 - Overriding database path with different value: /home/krushna/.stmcufinder/plugins/mcufinder/ => /home/krushna/.stmcufinder/plugins/mcufinder
2026-02-03 14:29:52,031 [WARN] DbFile:41 - Overriding database path with different value: /home/krushna/.stmcufinder/plugins/mcufinder/ => /home/krushna/.stmcufinder/plugins/mcufinder
2026-02-03 14:29:52,031 [INFO] CrossReferenceDbSqlite:203 - Set database path to: /home/krushna/.stmcufinder/plugins/mcufinder//mcu/cs/
2026-02-03 14:29:52,050 [INFO] ApplicationProperties:184 - Using Application install path: /opt/st/stm32cubeide_1.19.0/plugins/com.st.stm32cube.common.mx_6.15.0.202507011659
2026-02-03 14:29:52,052 [INFO] PluginManage:196 - Search for loadable plugins [exclusion list=, ]
2026-02-03 14:29:52,054 [INFO] PluginManage:310 - Check plugin analytics
2026-02-03 14:29:52,302 [INFO] AnalyticsPlugin:253 - Accepted Software Licenses: 
2026-02-03 14:29:52,302 [INFO] AnalyticsPlugin:255 - Accepted CMSIS Pack Licenses: 
2026-02-03 14:29:52,302 [INFO] AnalyticsPlugin:257 - Accepted Firmware Licenses: FW.F4.1.28.0
2026-02-03 14:29:52,305 [INFO] PluginManage:359 - Loaded plugin analytics (category:tool,tabindex:-1)
2026-02-03 14:29:52,305 [INFO] PluginManage:310 - Check plugin cadmodel
2026-02-03 14:29:52,310 [INFO] CADModel:105 - Init CAD model plugin
2026-02-03 14:29:52,310 [INFO] PluginManage:359 - Loaded plugin cadmodel (category:power,tabindex:5)
2026-02-03 14:29:52,310 [INFO] PluginManage:310 - Check plugin clock
2026-02-03 14:29:52,319 [INFO] PluginManage:359 - Loaded plugin clock (category:base,tabindex:2)
2026-02-03 14:29:52,319 [INFO] PluginManage:310 - Check plugin ddr
2026-02-03 14:29:52,321 [INFO] PluginManage:359 - Loaded plugin ddr (category:tool,tabindex:6)
2026-02-03 14:29:52,321 [INFO] PluginManage:310 - Check plugin filemanager
2026-02-03 14:29:52,516 [INFO] PluginManage:359 - Loaded plugin filemanager (category:base,tabindex:10)
2026-02-03 14:29:52,516 [INFO] PluginManage:310 - Check plugin ipmanager
2026-02-03 14:29:52,525 [INFO] PluginManage:359 - Loaded plugin ipmanager (category:base,tabindex:5)
2026-02-03 14:29:52,525 [INFO] PluginManage:310 - Check plugin lpbam
2026-02-03 14:29:52,538 [INFO] PluginManage:359 - Loaded plugin lpbam (category:base,tabindex:0)
2026-02-03 14:29:52,538 [INFO] PluginManage:310 - Check plugin memorymap
2026-02-03 14:29:52,551 [INFO] PluginManage:359 - Loaded plugin memorymap (category:base,tabindex:4)
2026-02-03 14:29:52,551 [INFO] PluginManage:310 - Check plugin pinoutandconfiguration
2026-02-03 14:29:52,562 [INFO] PluginManage:359 - Loaded plugin pinoutandconfiguration (category:base,tabindex:1)
2026-02-03 14:29:52,562 [INFO] PluginManage:310 - Check plugin pinoutconfig
2026-02-03 14:29:52,657 [WARN] SupportedApi:132 - Cannot load RTOS API schema: s4s-elt-must-match.1: The content of 'definitions' must match (annotation?, (simpleType | complexType)?, (unique | key | keyref)*)). A problem was found starting at: attribute.
2026-02-03 14:29:52,804 [INFO] PluginManage:359 - Loaded plugin pinoutconfig (category:base,tabindex:0)
2026-02-03 14:29:52,804 [INFO] PluginManage:310 - Check plugin power
2026-02-03 14:29:52,816 [INFO] PluginManage:359 - Loaded plugin power (category:power,tabindex:4)
2026-02-03 14:29:52,816 [INFO] PluginManage:310 - Check plugin projectmanager
2026-02-03 14:29:52,836 [INFO] PluginManage:359 - Loaded plugin projectmanager (category:projectmanager,tabindex:4)
2026-02-03 14:29:52,837 [INFO] PluginManage:310 - Check plugin rif
2026-02-03 14:29:52,854 [INFO] PluginManage:359 - Loaded plugin rif (category:base,tabindex:3)
2026-02-03 14:29:52,854 [INFO] PluginManage:310 - Check plugin thirdparty
2026-02-03 14:29:53,052 [INFO] PluginManage:359 - Loaded plugin thirdparty (category:base,tabindex:-1)
2026-02-03 14:29:53,052 [WARN] IntegrityCheckThread:84 - waiting for thirdparty lock release [integrity check]
2026-02-03 14:29:53,052 [INFO] IntegrityCheckThread:86 - entering critical section [integrity check]
2026-02-03 14:29:53,052 [INFO] PluginManage:310 - Check plugin tools
2026-02-03 14:29:53,053 [INFO] ThirdPartyUpdaterWithRetryManager:70 - Updater plugin not ready yet. [1/15]
2026-02-03 14:29:53,055 [INFO] PluginManage:359 - Loaded plugin tools (category:base,tabindex:7)
2026-02-03 14:29:53,056 [INFO] PluginManage:310 - Check plugin tutovideos
2026-02-03 14:29:53,275 [INFO] PluginManage:359 - Loaded plugin tutovideos (category:base,tabindex:-1)
2026-02-03 14:29:53,275 [INFO] PluginManage:310 - Check plugin updater
2026-02-03 14:29:53,300 [INFO] PluginManage:359 - Loaded plugin updater (category:base,tabindex:12)
2026-02-03 14:29:53,300 [INFO] PluginManage:310 - Check plugin userauth
2026-02-03 14:29:53,306 [INFO] UserAuth:118 - Init User Auth plugin
2026-02-03 14:29:53,307 [INFO] PluginManage:359 - Loaded plugin userauth (category:base,tabindex:14)
2026-02-03 14:29:53,308 [INFO] PluginManage:283 - PluginManage : Loaded plugins [18]
2026-02-03 14:29:53,494 [INFO] PinOutPanel:1589 - setPackage(No Configuration,No Configuration)
2026-02-03 14:29:53,559 [INFO] CADModel:165 - CPN selected for project level
2026-02-03 14:29:53,559 [INFO] CADModel:114 - Register for checkConnection events
2026-02-03 14:29:53,569 [INFO] IPUIPlugin:80 - create IPUIPlugin
2026-02-03 14:29:53,569 [INFO] PluginManager:220 - loadIPPluginJar : add tsc
2026-02-03 14:29:53,574 [INFO] IPUIPlugin:80 - create IPUIPlugin
2026-02-03 14:29:53,575 [INFO] PluginManager:220 - loadIPPluginJar : add gpio
2026-02-03 14:29:53,582 [INFO] IPUIPlugin:80 - create IPUIPlugin
2026-02-03 14:29:53,582 [INFO] PluginManager:220 - loadIPPluginJar : add linkedlist
2026-02-03 14:29:53,591 [INFO] IPUIPlugin:80 - create IPUIPlugin
2026-02-03 14:29:53,591 [INFO] PluginManager:220 - loadIPPluginJar : add fmc
2026-02-03 14:29:53,598 [INFO] IPUIPlugin:80 - create IPUIPlugin
2026-02-03 14:29:53,600 [INFO] PluginManager:220 - loadIPPluginJar : add plateformsettings
2026-02-03 14:29:53,603 [INFO] IPUIPlugin:80 - create IPUIPlugin
2026-02-03 14:29:53,603 [INFO] PluginManager:220 - loadIPPluginJar : add cryp
2026-02-03 14:29:53,605 [INFO] IPUIPlugin:80 - create IPUIPlugin
2026-02-03 14:29:53,605 [INFO] PluginManager:220 - loadIPPluginJar : add i2c
2026-02-03 14:29:53,607 [INFO] IPUIPlugin:80 - create IPUIPlugin
2026-02-03 14:29:53,607 [INFO] PluginManager:220 - loadIPPluginJar : add lorawan
2026-02-03 14:29:53,610 [INFO] IPUIPlugin:80 - create IPUIPlugin
2026-02-03 14:29:53,610 [INFO] PluginManager:220 - loadIPPluginJar : add touchsensing
2026-02-03 14:29:53,612 [INFO] IPUIPlugin:80 - create IPUIPlugin
2026-02-03 14:29:53,612 [INFO] PluginManager:220 - loadIPPluginJar : add ltdc
2026-02-03 14:29:53,613 [INFO] IPUIPlugin:80 - create IPUIPlugin
2026-02-03 14:29:53,614 [INFO] PluginManager:220 - loadIPPluginJar : add i2s
2026-02-03 14:29:53,615 [INFO] IPUIPlugin:80 - create IPUIPlugin
2026-02-03 14:29:53,615 [INFO] PluginManager:220 - loadIPPluginJar : add fatfs
2026-02-03 14:29:53,622 [INFO] IPUIPlugin:80 - create IPUIPlugin
2026-02-03 14:29:53,622 [INFO] PluginManager:220 - loadIPPluginJar : add mdma
2026-02-03 14:29:53,624 [INFO] IPUIPlugin:80 - create IPUIPlugin
2026-02-03 14:29:53,624 [INFO] PluginManager:220 - loadIPPluginJar : add ts
2026-02-03 14:29:53,626 [INFO] IPUIPlugin:80 - create IPUIPlugin
2026-02-03 14:29:53,626 [INFO] PluginManager:220 - loadIPPluginJar : add ucpd
2026-02-03 14:29:53,627 [INFO] IPUIPlugin:80 - create IPUIPlugin
2026-02-03 14:29:53,628 [INFO] PluginManager:220 - loadIPPluginJar : add radio
2026-02-03 14:29:53,631 [INFO] IPUIPlugin:80 - create IPUIPlugin
2026-02-03 14:29:53,631 [INFO] PluginManager:220 - loadIPPluginJar : add ipddr
2026-02-03 14:29:53,636 [INFO] IPUIPlugin:80 - create IPUIPlugin
2026-02-03 14:29:53,636 [INFO] PluginManager:220 - loadIPPluginJar : add nvic
2026-02-03 14:29:53,639 [INFO] IPUIPlugin:80 - create IPUIPlugin
2026-02-03 14:29:53,639 [INFO] PluginManager:220 - loadIPPluginJar : add ddr_ctrl_phy
2026-02-03 14:29:53,642 [INFO] IPUIPlugin:80 - create IPUIPlugin
2026-02-03 14:29:53,642 [INFO] PluginManager:220 - loadIPPluginJar : add opamp
2026-02-03 14:29:53,644 [INFO] IPUIPlugin:80 - create IPUIPlugin
2026-02-03 14:29:53,644 [INFO] PluginManager:220 - loadIPPluginJar : add usart
2026-02-03 14:29:53,650 [INFO] IPUIPlugin:80 - create IPUIPlugin
2026-02-03 14:29:53,651 [INFO] PluginManager:220 - loadIPPluginJar : add freertos
2026-02-03 14:29:53,654 [INFO] IPUIPlugin:80 - create IPUIPlugin
2026-02-03 14:29:53,654 [INFO] PluginManager:220 - loadIPPluginJar : add usbx
2026-02-03 14:29:53,657 [INFO] IPUIPlugin:80 - create IPUIPlugin
2026-02-03 14:29:53,657 [INFO] PluginManager:220 - loadIPPluginJar : add sai
2026-02-03 14:29:53,659 [INFO] IPUIPlugin:80 - create IPUIPlugin
2026-02-03 14:29:53,659 [INFO] PluginManager:220 - loadIPPluginJar : add hash
2026-02-03 14:29:53,661 [INFO] IPUIPlugin:80 - create IPUIPlugin
2026-02-03 14:29:53,662 [INFO] PluginManager:220 - loadIPPluginJar : add openamp
2026-02-03 14:29:53,666 [INFO] IPUIPlugin:80 - create IPUIPlugin
2026-02-03 14:29:53,667 [INFO] PluginManager:220 - loadIPPluginJar : add gic
2026-02-03 14:29:53,669 [INFO] IPUIPlugin:80 - create IPUIPlugin
2026-02-03 14:29:53,669 [INFO] PluginManager:220 - loadIPPluginJar : add extmemmanager
2026-02-03 14:29:53,672 [INFO] IPUIPlugin:80 - create IPUIPlugin
2026-02-03 14:29:53,672 [INFO] PluginManager:220 - loadIPPluginJar : add pdm2pcm
2026-02-03 14:29:53,674 [INFO] IPUIPlugin:80 - create IPUIPlugin
2026-02-03 14:29:53,674 [INFO] PluginManager:220 - loadIPPluginJar : add tim
2026-02-03 14:29:53,677 [INFO] IPUIPlugin:80 - create IPUIPlugin
2026-02-03 14:29:53,677 [INFO] PluginManager:220 - loadIPPluginJar : add dma3
2026-02-03 14:29:53,685 [INFO] IPUIPlugin:80 - create IPUIPlugin
2026-02-03 14:29:53,685 [INFO] PluginManager:220 - loadIPPluginJar : add adc
2026-02-03 14:29:53,692 [INFO] IPUIPlugin:80 - create IPUIPlugin
2026-02-03 14:29:53,692 [INFO] PluginManager:220 - loadIPPluginJar : add stm32_wpan
2026-02-03 14:29:53,693 [INFO] IPUIPlugin:80 - create IPUIPlugin
2026-02-03 14:29:53,694 [INFO] PluginManager:220 - loadIPPluginJar : add tracer_emb
2026-02-03 14:29:53,695 [INFO] IPUIPlugin:80 - create IPUIPlugin
2026-02-03 14:29:53,695 [INFO] PluginManager:220 - loadIPPluginJar : add dfsdm
2026-02-03 14:29:53,697 [INFO] IPUIPlugin:80 - create IPUIPlugin
2026-02-03 14:29:53,698 [INFO] PluginManager:220 - loadIPPluginJar : add i3c
2026-02-03 14:29:53,701 [INFO] IPUIPlugin:80 - create IPUIPlugin
2026-02-03 14:29:53,702 [INFO] PluginManager:220 - loadIPPluginJar : add resmgrutility
2026-02-03 14:29:53,707 [INFO] IPUIPlugin:80 - create IPUIPlugin
2026-02-03 14:29:53,708 [INFO] PluginManager:220 - loadIPPluginJar : add dma
2026-02-03 14:29:53,710 [INFO] IPUIPlugin:80 - create IPUIPlugin
2026-02-03 14:29:53,710 [INFO] PluginManager:220 - loadIPPluginJar : add aes
2026-02-03 14:29:53,711 [INFO] IPUIPlugin:80 - create IPUIPlugin
2026-02-03 14:29:53,711 [INFO] PluginManager:220 - loadIPPluginJar : add quadspi
2026-02-03 14:29:53,714 [INFO] IPUIPlugin:80 - create IPUIPlugin
2026-02-03 14:29:53,714 [INFO] PluginManager:220 - loadIPPluginJar : add gtzc
2026-02-03 14:29:53,717 [INFO] IPUIPlugin:80 - create IPUIPlugin
2026-02-03 14:29:53,717 [INFO] PluginManager:220 - loadIPPluginJar : add spi
2026-02-03 14:29:53,719 [INFO] IPUIPlugin:80 - create IPUIPlugin
2026-02-03 14:29:53,720 [INFO] PluginManager:220 - loadIPPluginJar : add can
2026-02-03 14:29:53,721 [INFO] IPUIPlugin:80 - create IPUIPlugin
2026-02-03 14:29:53,721 [INFO] PluginManager:220 - loadIPPluginJar : add genericplugin
2026-02-03 14:29:53,722 [INFO] IPUIPlugin:80 - create IPUIPlugin
2026-02-03 14:29:53,722 [INFO] PluginManager:220 - loadIPPluginJar : add comp
2026-02-03 14:29:53,725 [INFO] IPUIPlugin:80 - create IPUIPlugin
2026-02-03 14:29:53,725 [INFO] PluginManager:220 - loadIPPluginJar : add gfxmmu
2026-02-03 14:29:53,829 [FATAL] Updater:351 - Updater called before beeing initialized
2026-02-03 14:29:53,859 [INFO] RulesReader:64 - Compatibility file has been processed (317 Rules)
2026-02-03 14:29:53,883 [INFO] RulesReader:64 - Compatibility file has been processed (317 Rules)
2026-02-03 14:29:53,897 [INFO] CADModel:165 - CPN selected for project level
2026-02-03 14:29:53,897 [INFO] CADModel:114 - Register for checkConnection events
2026-02-03 14:29:53,897 [FATAL] Updater:351 - Updater called before beeing initialized
2026-02-03 14:29:53,898 [ERROR] CADModel:125 - Updater not yet initialized, retry later 
2026-02-03 14:29:54,056 [FATAL] Updater:351 - Updater called before beeing initialized
2026-02-03 14:29:54,058 [INFO] CADModel:165 - CPN selected for project level
2026-02-03 14:29:54,058 [INFO] CADModel:114 - Register for checkConnection events
2026-02-03 14:29:54,058 [FATAL] Updater:351 - Updater called before beeing initialized
2026-02-03 14:29:54,058 [ERROR] CADModel:125 - Updater not yet initialized, retry later 
2026-02-03 14:29:54,062 [FATAL] Updater:351 - Updater called before beeing initialized
2026-02-03 14:29:54,160 [FATAL] Updater:351 - Updater called before beeing initialized
2026-02-03 14:29:54,165 [INFO] DbMcusAds:53 - JSON generation date=Thu Jan 08 21:27:51 IST 2026 (1767887871456)
2026-02-03 14:29:54,165 [FATAL] Updater:351 - Updater called before beeing initialized
2026-02-03 14:29:54,203 [WARN] DetailPanel:346 - Failed to get advertising image, set to default
2026-02-03 14:29:54,280 [FATAL] Updater:351 - Updater called before beeing initialized
2026-02-03 14:29:54,283 [FATAL] Updater:351 - Updater called before beeing initialized
2026-02-03 14:29:54,283 [FATAL] Updater:351 - Updater called before beeing initialized
2026-02-03 14:29:54,283 [WARN] DetailPanel:346 - Failed to get advertising image, set to default
2026-02-03 14:29:54,285 [FATAL] Updater:351 - Updater called before beeing initialized
2026-02-03 14:29:54,329 [ERROR] Updater:1198 - MainUpdater not yet initialized. External WinMGr cannot be set.
2026-02-03 14:29:54,333 [INFO] Updater:1134 - Updater Version found : 6.15.0
2026-02-03 14:29:54,362 [INFO] ApplicationProperties:184 - Using Application install path: /opt/st/stm32cubeide_1.19.0/plugins/com.st.stm32cube.common.mx_6.15.0.202507011659
2026-02-03 14:29:54,702 [INFO] MainUpdater:2872 - connection check result : 10
2026-02-03 14:29:54,703 [INFO] MainUpdater:289 - Updater Check For Update Now.
2026-02-03 14:29:54,703 [INFO] MicroXplorer:498 - Change Database Version : DB.6.0.150
2026-02-03 14:29:54,711 [INFO] McuFinderGlobals:63 - Set McuFinder mode to 2 (CubeIDE integrated)
2026-02-03 14:29:54,711 [INFO] UserAuth:171 - activating auth plugin
2026-02-03 14:29:54,714 [INFO] UserAuth:487 - Internet connection configuration mode: 1
2026-02-03 14:29:54,747 [INFO] JxBrowserEngine:152 - Initiate JxBrowser Engine with user profile folder
2026-02-03 14:29:54,915 [INFO] CheckServerUpdateThread:120 - End of CheckServer Thread
2026-02-03 14:29:55,657 [INFO] WebApp:169 - Instantiating new browser for Auth
2026-02-03 14:29:56,204 [WARN] PackLoader:240 - Cannot read IP mode file for STMicroelectronics.FP-SNS-MOTENVWB1.1.4.0
2026-02-03 14:29:56,213 [WARN] PackLoader:240 - Cannot read IP mode file for STMicroelectronics.FP-ATR-ASTRA1.2.0.2
2026-02-03 14:29:56,223 [WARN] PackLoader:240 - Cannot read IP mode file for STMicroelectronics.X-CUBE-SMBUS.2.1.0
2026-02-03 14:29:56,228 [WARN] PackLoader:240 - Cannot read IP mode file for STMicroelectronics.X-CUBE-ST60.1.0.0
2026-02-03 14:29:56,288 [WARN] PackLoader:240 - Cannot read IP mode file for STMicroelectronics.X-CUBE-AZRTOS-F7.1.1.0
2026-02-03 14:29:56,299 [WARN] PackLoader:240 - Cannot read IP mode file for Cesanta.I-CUBE-Mongoose.7.19.0
2026-02-03 14:29:56,304 [WARN] PackLoader:240 - Cannot read IP mode file for STMicroelectronics.FP-SNS-MOTENV1.5.1.0
2026-02-03 14:29:56,336 [WARN] PackLoader:240 - Cannot read IP mode file for WES.I-CUBE-Cesium.1.4.0
2026-02-03 14:29:56,411 [WARN] PackLoader:240 - Cannot read IP mode file for Infineon.AIROC-Wi-Fi-Bluetooth-STM32.1.7.1
2026-02-03 14:29:56,450 [WARN] PackLoader:240 - Cannot read IP mode file for STMicroelectronics.X-CUBE-DISPLAY.3.0.0
2026-02-03 14:29:56,513 [WARN] PackLoader:240 - Cannot read IP mode file for STMicroelectronics.X-CUBE-NFC10.1.0.0
2026-02-03 14:29:56,527 [WARN] PackLoader:240 - Cannot read IP mode file for STMicroelectronics.X-CUBE-ST60.1.1.0
2026-02-03 14:29:56,547 [WARN] PackLoader:240 - Cannot read IP mode file for emotas.I-CUBE-CANOPEN.1.3.0
2026-02-03 14:29:56,567 [WARN] PackLoader:240 - Cannot read IP mode file for STMicroelectronics.X-CUBE-GNSS1.7.1.0
2026-02-03 14:29:56,579 [WARN] PackLoader:240 - Cannot read IP mode file for STMicroelectronics.FP-SNS-SMARTAG2.1.2.0
2026-02-03 14:29:56,588 [WARN] PackLoader:240 - Cannot read IP mode file for STMicroelectronics.FP-SNS-FLIGHT1.5.1.0
2026-02-03 14:29:56,604 [INFO] LogOutputStream:77 - [STDOUT_REDIRECT] 1 : Invalid condition id : UX_CORESTACK_Condition cause : null
2026-02-03 14:29:56,605 [INFO] LogOutputStream:77 - [STDOUT_REDIRECT] 1 : Invalid condition id : UX_CORESTACK_Condition cause : null
2026-02-03 14:29:56,606 [INFO] LogOutputStream:77 - [STDOUT_REDIRECT] 1 : Invalid condition id : UX_CORESTACK_Condition cause : null
2026-02-03 14:29:56,612 [INFO] LogOutputStream:77 - [STDOUT_REDIRECT] 1 : Invalid condition id : UX_CORESTACK_Condition cause : null
2026-02-03 14:29:56,612 [INFO] LogOutputStream:77 - [STDOUT_REDIRECT] 1 : Invalid condition id : UX_CORESTACK_Condition cause : null
2026-02-03 14:29:56,641 [WARN] PackLoader:240 - Cannot read IP mode file for STMicroelectronics.X-CUBE-AZRTOS-WL.2.0.0
2026-02-03 14:29:56,650 [WARN] PackLoader:240 - Cannot read IP mode file for STMicroelectronics.FP-SNS-MOTENV1.5.0.0
2026-02-03 14:29:56,679 [INFO] WebApp:463 - Apply proxy settings
2026-02-03 14:29:56,680 [INFO] WebApp:548 - Chromium requires no authentication
2026-02-03 14:29:56,682 [WARN] PackLoader:240 - Cannot read IP mode file for STMicroelectronics.X-CUBE-AZRTOS-H7RS.1.2.0
2026-02-03 14:29:56,694 [INFO] WebApp:491 - Direct internet connection detected
2026-02-03 14:29:56,697 [WARN] PackLoader:240 - Cannot read IP mode file for STMicroelectronics.X-CUBE-BLE2.3.3.0
2026-02-03 14:29:56,726 [INFO] WebApp:900 - Register for checkConnection events
2026-02-03 14:29:56,726 [INFO] WebApp:463 - Apply proxy settings
2026-02-03 14:29:56,726 [INFO] WebApp:548 - Chromium requires no authentication
2026-02-03 14:29:56,727 [INFO] WebApp:491 - Direct internet connection detected
2026-02-03 14:29:56,769 [WARN] PackLoader:240 - Cannot read IP mode file for STMicroelectronics.X-CUBE-NFC9.1.0.0
2026-02-03 14:29:56,784 [WARN] PackLoader:240 - Cannot read IP mode file for STMicroelectronics.X-CUBE-BLE1.7.1.0
2026-02-03 14:29:56,788 [WARN] PackLoader:240 - Cannot read IP mode file for wolfSSL.I-CUBE-wolfMQTT.1.19.2
2026-02-03 14:29:56,802 [WARN] PackLoader:240 - Cannot read IP mode file for STMicroelectronics.X-CUBE-FREERTOS.1.4.0
2026-02-03 14:29:56,818 [WARN] PackLoader:240 - Cannot read IP mode file for STMicroelectronics.X-CUBE-ST67W61.1.1.0
2026-02-03 14:29:56,925 [WARN] PackLoader:240 - Cannot read IP mode file for STMicroelectronics.X-CUBE-MEMS1.12.0.0
2026-02-03 14:29:57,092 [INFO] WebApp:225 - Starting web application
2026-02-03 14:29:57,092 [INFO] WebApp:593 - Web application path used /opt/st/stm32cubeide_1.19.0/plugins/com.st.stm32cube.common.mx_6.15.0.202507011659/db/plugins/mcufinder/reactClient1/index.html
2026-02-03 14:29:57,106 [WARN] PackLoader:240 - Cannot read IP mode file for STMicroelectronics.X-CUBE-AZRTOS-G0.1.1.0
2026-02-03 14:29:57,126 [WARN] PackLoader:240 - Cannot read IP mode file for STMicroelectronics.X-CUBE-SAFEA1.1.2.2
2026-02-03 14:29:57,135 [WARN] PackLoader:240 - Cannot read IP mode file for STMicroelectronics.X-CUBE-NFC4.3.0.0
2026-02-03 14:29:57,145 [WARN] PackLoader:240 - Cannot read IP mode file for EmbeddedOffice.I-CUBE-FS-RTOS.1.0.1
2026-02-03 14:29:57,153 [WARN] PackLoader:240 - Cannot read IP mode file for STMicroelectronics.X-CUBE-WB05N.2.0.0
2026-02-03 14:29:57,161 [WARN] PackLoader:240 - Cannot read IP mode file for wolfSSL.I-CUBE-wolfTPM.3.8.0
2026-02-03 14:29:57,161 [INFO] WebApp:191 - Connection restablished
2026-02-03 14:29:57,169 [WARN] PackLoader:240 - Cannot read IP mode file for STMicroelectronics.X-CUBE-TCPP.4.2.0
2026-02-03 14:29:57,179 [WARN] PackLoader:240 - Cannot read IP mode file for RealThread.X-CUBE-RT-Thread_Nano.4.1.1
2026-02-03 14:29:57,186 [WARN] PackLoader:240 - Cannot read IP mode file for STMicroelectronics.FP-ATR-SIGFOX1.3.2.0
2026-02-03 14:29:57,194 [WARN] PackLoader:240 - Cannot read IP mode file for ITTIA_DB.I-CUBE-ITTIADB.8.9.0
2026-02-03 14:29:57,202 [WARN] PackLoader:240 - Cannot read IP mode file for STMicroelectronics.X-CUBE-NFC6.3.2.0
2026-02-03 14:29:57,213 [WARN] PackLoader:240 - Cannot read IP mode file for STMicroelectronics.X-CUBE-ST67W61.1.0.0
2026-02-03 14:29:57,245 [WARN] PackLoader:240 - Cannot read IP mode file for SEGGER.I-CUBE-embOS.1.3.1
2026-02-03 14:29:57,332 [WARN] PackLoader:240 - Cannot read IP mode file for STMicroelectronics.X-CUBE-ALGOBUILD.1.4.0
2026-02-03 14:29:57,401 [WARN] PackLoader:240 - Cannot read IP mode file for STMicroelectronics.X-CUBE-MEMS1.11.3.0
2026-02-03 14:29:57,601 [WARN] PackLoader:240 - Cannot read IP mode file for STMicroelectronics.X-CUBE-PM33A1.1.0.0
2026-02-03 14:29:57,618 [WARN] PackLoader:240 - Cannot read IP mode file for STMicroelectronics.X-CUBE-AZRTOS-F4.1.1.0
2026-02-03 14:29:57,624 [WARN] PackLoader:240 - Cannot read IP mode file for Avnet-IotConnect.X-CUBE-IoTC-DA16k-PMOD.1.0.0
2026-02-03 14:29:57,627 [WARN] PackLoader:240 - Cannot read IP mode file for STMicroelectronics.X-CUBE-ISPU.2.1.0
2026-02-03 14:29:57,642 [WARN] PackLoader:240 - Cannot read IP mode file for STMicroelectronics.X-CUBE-IPS.3.2.0
2026-02-03 14:29:57,664 [WARN] PackLoader:240 - Cannot read IP mode file for STMicroelectronics.X-CUBE-AZRTOS-L5.2.0.0
2026-02-03 14:29:57,673 [WARN] PackLoader:240 - Cannot read IP mode file for STMicroelectronics.X-CUBE-NFC6.3.1.0
2026-02-03 14:29:57,682 [WARN] PackLoader:240 - Cannot read IP mode file for STMicroelectronics.X-CUBE-FREERTOS.1.3.1
2026-02-03 14:29:57,691 [WARN] PackLoader:240 - Cannot read IP mode file for STMicroelectronics.X-CUBE-TOUCHGFX.4.26.0
2026-02-03 14:29:57,697 [WARN] PackLoader:240 - Cannot read IP mode file for STMicroelectronics.X-CUBE-DPower.1.3.0
2026-02-03 14:29:57,722 [WARN] ConditionMgr:438 - getConditionDescription Invalid condition id : LAN8742 Phy interface Condition cause : null
2026-02-03 14:29:57,726 [WARN] PackLoader:240 - Cannot read IP mode file for STMicroelectronics.X-CUBE-AZRTOS-L4.2.0.0
2026-02-03 14:29:57,728 [WARN] ConditionMgr:1044 - genDependencies : Invalid condition id : LAN8742 Phy interface Condition cause : null
2026-02-03 14:29:57,729 [WARN] ConditionMgr:1044 - genDependencies : Invalid condition id : LAN8742 Phy interface Condition cause : null
2026-02-03 14:29:57,730 [WARN] ConditionMgr:1044 - genDependencies : Invalid condition id : LAN8742 Phy interface Condition cause : null
2026-02-03 14:29:57,744 [WARN] PackLoader:240 - Cannot read IP mode file for STMicroelectronics.X-CUBE-SFXS2LP1.4.0.0
2026-02-03 14:29:57,753 [WARN] PackLoader:240 - Cannot read IP mode file for STMicroelectronics.X-CUBE-ST67W61.1.2.0
2026-02-03 14:29:57,775 [WARN] ConditionMgr:438 - getConditionDescription Invalid condition id : UX DEVICE CLASS RTOS Condition cause : null
2026-02-03 14:29:57,775 [WARN] ConditionMgr:438 - getConditionDescription Invalid condition id : UX DEVICE CLASS RTOS Condition cause : null
2026-02-03 14:29:57,779 [WARN] PackLoader:240 - Cannot read IP mode file for STMicroelectronics.X-CUBE-AZRTOS-WB.2.0.0
2026-02-03 14:29:57,779 [WARN] ConditionMgr:1044 - genDependencies : Invalid condition id : UX DEVICE CLASS RTOS Condition cause : null
2026-02-03 14:29:57,779 [WARN] ConditionMgr:1044 - genDependencies : Invalid condition id : UX DEVICE CLASS RTOS Condition cause : null
2026-02-03 14:29:57,780 [WARN] ConditionMgr:1044 - genDependencies : Invalid condition id : UX DEVICE CLASS RTOS Condition cause : null
2026-02-03 14:29:57,780 [WARN] ConditionMgr:1044 - genDependencies : Invalid condition id : UX DEVICE CLASS RTOS Condition cause : null
2026-02-03 14:29:57,780 [WARN] ConditionMgr:1044 - genDependencies : Invalid condition id : UX DEVICE CLASS RTOS Condition cause : null
2026-02-03 14:29:57,788 [WARN] PackLoader:240 - Cannot read IP mode file for STMicroelectronics.X-CUBE-GNSS1.7.0.1
2026-02-03 14:29:57,792 [WARN] PackLoader:240 - Cannot read IP mode file for STMicroelectronics.X-CUBE-TOUCHGFX.4.25.0
2026-02-03 14:29:57,796 [WARN] ConditionMgr:438 - getConditionDescription Invalid condition id : Cortex-A Device cause : null
2026-02-03 14:29:57,805 [WARN] ConditionMgr:1044 - genDependencies : Invalid condition id : Cortex-A Device cause : null
2026-02-03 14:29:57,805 [WARN] ConditionMgr:1044 - genDependencies : Invalid condition id : Cortex-A Device cause : null
2026-02-03 14:29:57,805 [WARN] ConditionMgr:1044 - genDependencies : Invalid condition id : Cortex-A Device cause : null
2026-02-03 14:29:57,814 [WARN] PackLoader:240 - Cannot read IP mode file for STMicroelectronics.X-CUBE-STSE01.2.0.0
2026-02-03 14:29:57,832 [WARN] PackLoader:240 - Cannot read IP mode file for STMicroelectronics.X-CUBE-SUBG2.5.0.0
2026-02-03 14:29:57,858 [WARN] PackLoader:240 - Cannot read IP mode file for STMicroelectronics.X-CUBE-AZRTOS-H7RS.1.1.0
2026-02-03 14:29:57,888 [WARN] PackLoader:240 - Cannot read IP mode file for STMicroelectronics.X-CUBE-AZRTOS-G4.2.0.0
2026-02-03 14:29:57,909 [WARN] PackLoader:240 - Cannot read IP mode file for wolfSSL.I-CUBE-wolfSSH.1.4.20
2026-02-03 14:29:57,940 [WARN] PackLoader:240 - Cannot read IP mode file for STMicroelectronics.X-CUBE-NFC7.2.0.0
2026-02-03 14:29:57,961 [WARN] PackLoader:240 - Cannot read IP mode file for STMicroelectronics.X-CUBE-IPS.3.1.0
2026-02-03 14:29:57,976 [WARN] PackLoader:240 - Cannot read IP mode file for STMicroelectronics.X-CUBE-ALS.1.0.2
2026-02-03 14:29:57,987 [WARN] PackLoader:240 - Cannot read IP mode file for STMicroelectronics.X-CUBE-STSE01.1.0.0
2026-02-03 14:29:58,009 [WARN] PackLoader:240 - Cannot read IP mode file for STMicroelectronics.X-CUBE-TOF1.3.4.3
2026-02-03 14:29:58,025 [INFO] ThirdParty:978 - Integrity check success = true
2026-02-03 14:29:58,026 [INFO] IntegrityCheckThread:100 - exiting critical section [integrity check]
2026-02-03 14:29:58,026 [INFO] IntegrityCheckThread:103 - End integrity checks thread
2026-02-03 14:46:54,617 [INFO] WebApp:194 - Connection lost
2026-02-03 14:49:14,151 [INFO] WebApp:191 - Connection restablished
2026-02-03 15:36:00,044 [INFO] WebApp:194 - Connection lost
2026-02-03 15:36:21,794 [INFO] WebApp:191 - Connection restablished
2026-02-03 16:01:04,630 [ERROR] LogOutputStream:75 - [STDERR_REDIRECT] 
