2026-02-02 14:28:43,518 [INFO] Activator:176 - 


2026-02-02 14:28:43,522 [INFO] Activator:177 - !SESSION log4j initialized
2026-02-02 14:28:47,684 [INFO] LogOutputStream:77 - [STDOUT_REDIRECT] 
2026-02-02 14:28:48,663 [INFO] ApplicationProperties:184 - Using Application install path: /opt/st/stm32cubeide_1.19.0/plugins/com.st.stm32cube.common.mx_6.15.0.202507011659
2026-02-02 14:28:48,691 [INFO] DbMcusXml:78 - Set database path to: /opt/st/stm32cubeide_1.19.0/plugins/com.st.stm32cube.common.mx_6.15.0.202507011659//db//mcu/
2026-02-02 14:28:48,691 [INFO] ApiDb:274 - Set plugin database path to: /opt/st/stm32cubeide_1.19.0/plugins/com.st.stm32cube.common.mx_6.15.0.202507011659//db//plugins/boardmanager/
2026-02-02 14:28:48,692 [WARN] ApiDb:259 - Overriding images path with different value:  => /opt/st/stm32cubeide_1.19.0/plugins/com.st.stm32cube.common.mx_6.15.0.202507011659//db//plugins/mcufinder/images/
2026-02-02 14:28:48,701 [INFO] ApiDb:250 - Set database path to: /home/krushna/.stmcufinder/plugins/mcufinder//mcu/
2026-02-02 14:28:48,703 [INFO] DbMcusAds:125 - Set database path to: /home/krushna/.stmcufinder/plugins/mcufinder//mcu/
2026-02-02 14:28:48,707 [INFO] CrossReferenceDbSqlite:203 - Set database path to: /home/krushna/.stmcufinder/plugins/mcufinder//mcu/cs/
2026-02-02 14:28:48,857 [INFO] RulesReader:64 - Compatibility file has been processed (317 Rules)
2026-02-02 14:28:48,932 [INFO] DbMcusXml:78 - Set database path to: /opt/st/stm32cubeide_1.19.0/plugins/com.st.stm32cube.common.mx_6.15.0.202507011659//db//mcu/
2026-02-02 14:28:48,932 [INFO] ApiDb:274 - Set plugin database path to: /opt/st/stm32cubeide_1.19.0/plugins/com.st.stm32cube.common.mx_6.15.0.202507011659//db//plugins/boardmanager/
2026-02-02 14:28:48,932 [INFO] ApiDb:261 - Set plugin images path to: /opt/st/stm32cubeide_1.19.0/plugins/com.st.stm32cube.common.mx_6.15.0.202507011659//db//plugins/mcufinder/images/
2026-02-02 14:28:48,932 [WARN] DbFile:41 - Overriding database path with different value: /home/krushna/.stmcufinder/plugins/mcufinder/ => /home/krushna/.stmcufinder/plugins/mcufinder
2026-02-02 14:28:48,933 [INFO] ApiDb:250 - Set database path to: /home/krushna/.stmcufinder/plugins/mcufinder//mcu/
2026-02-02 14:28:48,933 [WARN] DbFile:41 - Overriding database path with different value: /home/krushna/.stmcufinder/plugins/mcufinder/ => /home/krushna/.stmcufinder/plugins/mcufinder
2026-02-02 14:28:48,933 [INFO] DbMcusAds:125 - Set database path to: /home/krushna/.stmcufinder/plugins/mcufinder//mcu/
2026-02-02 14:28:48,933 [WARN] DbFile:41 - Overriding database path with different value: /home/krushna/.stmcufinder/plugins/mcufinder/ => /home/krushna/.stmcufinder/plugins/mcufinder
2026-02-02 14:28:48,933 [WARN] DbFile:41 - Overriding database path with different value: /home/krushna/.stmcufinder/plugins/mcufinder/ => /home/krushna/.stmcufinder/plugins/mcufinder
2026-02-02 14:28:48,933 [INFO] CrossReferenceDbSqlite:203 - Set database path to: /home/krushna/.stmcufinder/plugins/mcufinder//mcu/cs/
2026-02-02 14:28:49,019 [INFO] MainPanel:274 - HeapMemory: 268435456
2026-02-02 14:28:49,175 [INFO] DbMcusXml:78 - Set database path to: /opt/st/stm32cubeide_1.19.0/plugins/com.st.stm32cube.common.mx_6.15.0.202507011659//db//mcu/
2026-02-02 14:28:49,176 [INFO] ApiDb:274 - Set plugin database path to: /opt/st/stm32cubeide_1.19.0/plugins/com.st.stm32cube.common.mx_6.15.0.202507011659//db//plugins/boardmanager/
2026-02-02 14:28:49,176 [INFO] ApiDb:261 - Set plugin images path to: /opt/st/stm32cubeide_1.19.0/plugins/com.st.stm32cube.common.mx_6.15.0.202507011659//db//plugins/mcufinder/images/
2026-02-02 14:28:49,176 [WARN] DbFile:41 - Overriding database path with different value: /home/krushna/.stmcufinder/plugins/mcufinder/ => /home/krushna/.stmcufinder/plugins/mcufinder
2026-02-02 14:28:49,177 [INFO] ApiDb:250 - Set database path to: /home/krushna/.stmcufinder/plugins/mcufinder//mcu/
2026-02-02 14:28:49,177 [WARN] DbFile:41 - Overriding database path with different value: /home/krushna/.stmcufinder/plugins/mcufinder/ => /home/krushna/.stmcufinder/plugins/mcufinder
2026-02-02 14:28:49,177 [INFO] DbMcusAds:125 - Set database path to: /home/krushna/.stmcufinder/plugins/mcufinder//mcu/
2026-02-02 14:28:49,177 [WARN] DbFile:41 - Overriding database path with different value: /home/krushna/.stmcufinder/plugins/mcufinder/ => /home/krushna/.stmcufinder/plugins/mcufinder
2026-02-02 14:28:49,177 [WARN] DbFile:41 - Overriding database path with different value: /home/krushna/.stmcufinder/plugins/mcufinder/ => /home/krushna/.stmcufinder/plugins/mcufinder
2026-02-02 14:28:49,177 [INFO] CrossReferenceDbSqlite:203 - Set database path to: /home/krushna/.stmcufinder/plugins/mcufinder//mcu/cs/
2026-02-02 14:28:49,199 [INFO] ApplicationProperties:184 - Using Application install path: /opt/st/stm32cubeide_1.19.0/plugins/com.st.stm32cube.common.mx_6.15.0.202507011659
2026-02-02 14:28:49,202 [INFO] PluginManage:196 - Search for loadable plugins [exclusion list=, ]
2026-02-02 14:28:49,204 [INFO] PluginManage:310 - Check plugin analytics
2026-02-02 14:28:49,377 [INFO] AnalyticsPlugin:253 - Accepted Software Licenses: 
2026-02-02 14:28:49,378 [INFO] AnalyticsPlugin:255 - Accepted CMSIS Pack Licenses: 
2026-02-02 14:28:49,378 [INFO] AnalyticsPlugin:257 - Accepted Firmware Licenses: FW.F4.1.28.0
2026-02-02 14:28:49,380 [INFO] PluginManage:359 - Loaded plugin analytics (category:tool,tabindex:-1)
2026-02-02 14:28:49,381 [INFO] PluginManage:310 - Check plugin cadmodel
2026-02-02 14:28:49,386 [INFO] CADModel:105 - Init CAD model plugin
2026-02-02 14:28:49,386 [INFO] PluginManage:359 - Loaded plugin cadmodel (category:power,tabindex:5)
2026-02-02 14:28:49,387 [INFO] PluginManage:310 - Check plugin clock
2026-02-02 14:28:49,397 [INFO] PluginManage:359 - Loaded plugin clock (category:base,tabindex:2)
2026-02-02 14:28:49,397 [INFO] PluginManage:310 - Check plugin ddr
2026-02-02 14:28:49,400 [INFO] PluginManage:359 - Loaded plugin ddr (category:tool,tabindex:6)
2026-02-02 14:28:49,400 [INFO] PluginManage:310 - Check plugin filemanager
2026-02-02 14:28:49,551 [INFO] PluginManage:359 - Loaded plugin filemanager (category:base,tabindex:10)
2026-02-02 14:28:49,551 [INFO] PluginManage:310 - Check plugin ipmanager
2026-02-02 14:28:49,557 [INFO] PluginManage:359 - Loaded plugin ipmanager (category:base,tabindex:5)
2026-02-02 14:28:49,557 [INFO] PluginManage:310 - Check plugin lpbam
2026-02-02 14:28:49,568 [INFO] PluginManage:359 - Loaded plugin lpbam (category:base,tabindex:0)
2026-02-02 14:28:49,568 [INFO] PluginManage:310 - Check plugin memorymap
2026-02-02 14:28:49,580 [INFO] PluginManage:359 - Loaded plugin memorymap (category:base,tabindex:4)
2026-02-02 14:28:49,580 [INFO] PluginManage:310 - Check plugin pinoutandconfiguration
2026-02-02 14:28:49,590 [INFO] PluginManage:359 - Loaded plugin pinoutandconfiguration (category:base,tabindex:1)
2026-02-02 14:28:49,590 [INFO] PluginManage:310 - Check plugin pinoutconfig
2026-02-02 14:28:49,697 [WARN] SupportedApi:132 - Cannot load RTOS API schema: s4s-elt-must-match.1: The content of 'definitions' must match (annotation?, (simpleType | complexType)?, (unique | key | keyref)*)). A problem was found starting at: attribute.
2026-02-02 14:28:49,853 [INFO] PluginManage:359 - Loaded plugin pinoutconfig (category:base,tabindex:0)
2026-02-02 14:28:49,853 [INFO] PluginManage:310 - Check plugin power
2026-02-02 14:28:49,868 [INFO] PluginManage:359 - Loaded plugin power (category:power,tabindex:4)
2026-02-02 14:28:49,868 [INFO] PluginManage:310 - Check plugin projectmanager
2026-02-02 14:28:49,890 [INFO] PluginManage:359 - Loaded plugin projectmanager (category:projectmanager,tabindex:4)
2026-02-02 14:28:49,890 [INFO] PluginManage:310 - Check plugin rif
2026-02-02 14:28:49,903 [INFO] PluginManage:359 - Loaded plugin rif (category:base,tabindex:3)
2026-02-02 14:28:49,903 [INFO] PluginManage:310 - Check plugin thirdparty
2026-02-02 14:28:50,019 [WARN] IntegrityCheckThread:84 - waiting for thirdparty lock release [integrity check]
2026-02-02 14:28:50,019 [INFO] PluginManage:359 - Loaded plugin thirdparty (category:base,tabindex:-1)
2026-02-02 14:28:50,020 [INFO] IntegrityCheckThread:86 - entering critical section [integrity check]
2026-02-02 14:28:50,020 [INFO] PluginManage:310 - Check plugin tools
2026-02-02 14:28:50,020 [INFO] ThirdPartyUpdaterWithRetryManager:70 - Updater plugin not ready yet. [1/15]
2026-02-02 14:28:50,024 [INFO] PluginManage:359 - Loaded plugin tools (category:base,tabindex:7)
2026-02-02 14:28:50,024 [INFO] PluginManage:310 - Check plugin tutovideos
2026-02-02 14:28:50,210 [INFO] PluginManage:359 - Loaded plugin tutovideos (category:base,tabindex:-1)
2026-02-02 14:28:50,211 [INFO] PluginManage:310 - Check plugin updater
2026-02-02 14:28:50,231 [INFO] PluginManage:359 - Loaded plugin updater (category:base,tabindex:12)
2026-02-02 14:28:50,231 [INFO] PluginManage:310 - Check plugin userauth
2026-02-02 14:28:50,235 [INFO] UserAuth:118 - Init User Auth plugin
2026-02-02 14:28:50,236 [INFO] PluginManage:359 - Loaded plugin userauth (category:base,tabindex:14)
2026-02-02 14:28:50,236 [INFO] PluginManage:283 - PluginManage : Loaded plugins [18]
2026-02-02 14:28:50,405 [INFO] PinOutPanel:1589 - setPackage(No Configuration,No Configuration)
2026-02-02 14:28:50,475 [INFO] CADModel:165 - CPN selected for project level
2026-02-02 14:28:50,475 [INFO] CADModel:114 - Register for checkConnection events
2026-02-02 14:28:50,485 [INFO] IPUIPlugin:80 - create IPUIPlugin
2026-02-02 14:28:50,485 [INFO] PluginManager:220 - loadIPPluginJar : add tsc
2026-02-02 14:28:50,490 [INFO] IPUIPlugin:80 - create IPUIPlugin
2026-02-02 14:28:50,490 [INFO] PluginManager:220 - loadIPPluginJar : add gpio
2026-02-02 14:28:50,497 [INFO] IPUIPlugin:80 - create IPUIPlugin
2026-02-02 14:28:50,498 [INFO] PluginManager:220 - loadIPPluginJar : add linkedlist
2026-02-02 14:28:50,507 [INFO] IPUIPlugin:80 - create IPUIPlugin
2026-02-02 14:28:50,507 [INFO] PluginManager:220 - loadIPPluginJar : add fmc
2026-02-02 14:28:50,513 [INFO] IPUIPlugin:80 - create IPUIPlugin
2026-02-02 14:28:50,516 [INFO] PluginManager:220 - loadIPPluginJar : add plateformsettings
2026-02-02 14:28:50,518 [INFO] IPUIPlugin:80 - create IPUIPlugin
2026-02-02 14:28:50,518 [INFO] PluginManager:220 - loadIPPluginJar : add cryp
2026-02-02 14:28:50,520 [INFO] IPUIPlugin:80 - create IPUIPlugin
2026-02-02 14:28:50,520 [INFO] PluginManager:220 - loadIPPluginJar : add i2c
2026-02-02 14:28:50,522 [INFO] IPUIPlugin:80 - create IPUIPlugin
2026-02-02 14:28:50,522 [INFO] PluginManager:220 - loadIPPluginJar : add lorawan
2026-02-02 14:28:50,525 [INFO] IPUIPlugin:80 - create IPUIPlugin
2026-02-02 14:28:50,525 [INFO] PluginManager:220 - loadIPPluginJar : add touchsensing
2026-02-02 14:28:50,527 [INFO] IPUIPlugin:80 - create IPUIPlugin
2026-02-02 14:28:50,527 [INFO] PluginManager:220 - loadIPPluginJar : add ltdc
2026-02-02 14:28:50,529 [INFO] IPUIPlugin:80 - create IPUIPlugin
2026-02-02 14:28:50,529 [INFO] PluginManager:220 - loadIPPluginJar : add i2s
2026-02-02 14:28:50,530 [INFO] IPUIPlugin:80 - create IPUIPlugin
2026-02-02 14:28:50,530 [INFO] PluginManager:220 - loadIPPluginJar : add fatfs
2026-02-02 14:28:50,537 [INFO] IPUIPlugin:80 - create IPUIPlugin
2026-02-02 14:28:50,537 [INFO] PluginManager:220 - loadIPPluginJar : add mdma
2026-02-02 14:28:50,539 [INFO] IPUIPlugin:80 - create IPUIPlugin
2026-02-02 14:28:50,539 [INFO] PluginManager:220 - loadIPPluginJar : add ts
2026-02-02 14:28:50,541 [INFO] IPUIPlugin:80 - create IPUIPlugin
2026-02-02 14:28:50,541 [INFO] PluginManager:220 - loadIPPluginJar : add ucpd
2026-02-02 14:28:50,542 [INFO] IPUIPlugin:80 - create IPUIPlugin
2026-02-02 14:28:50,543 [INFO] PluginManager:220 - loadIPPluginJar : add radio
2026-02-02 14:28:50,547 [INFO] IPUIPlugin:80 - create IPUIPlugin
2026-02-02 14:28:50,547 [INFO] PluginManager:220 - loadIPPluginJar : add ipddr
2026-02-02 14:28:50,551 [INFO] IPUIPlugin:80 - create IPUIPlugin
2026-02-02 14:28:50,551 [INFO] PluginManager:220 - loadIPPluginJar : add nvic
2026-02-02 14:28:50,555 [INFO] IPUIPlugin:80 - create IPUIPlugin
2026-02-02 14:28:50,555 [INFO] PluginManager:220 - loadIPPluginJar : add ddr_ctrl_phy
2026-02-02 14:28:50,558 [INFO] IPUIPlugin:80 - create IPUIPlugin
2026-02-02 14:28:50,558 [INFO] PluginManager:220 - loadIPPluginJar : add opamp
2026-02-02 14:28:50,560 [INFO] IPUIPlugin:80 - create IPUIPlugin
2026-02-02 14:28:50,560 [INFO] PluginManager:220 - loadIPPluginJar : add usart
2026-02-02 14:28:50,567 [INFO] IPUIPlugin:80 - create IPUIPlugin
2026-02-02 14:28:50,567 [INFO] PluginManager:220 - loadIPPluginJar : add freertos
2026-02-02 14:28:50,571 [INFO] IPUIPlugin:80 - create IPUIPlugin
2026-02-02 14:28:50,571 [INFO] PluginManager:220 - loadIPPluginJar : add usbx
2026-02-02 14:28:50,575 [INFO] IPUIPlugin:80 - create IPUIPlugin
2026-02-02 14:28:50,575 [INFO] PluginManager:220 - loadIPPluginJar : add sai
2026-02-02 14:28:50,577 [INFO] IPUIPlugin:80 - create IPUIPlugin
2026-02-02 14:28:50,577 [INFO] PluginManager:220 - loadIPPluginJar : add hash
2026-02-02 14:28:50,580 [INFO] IPUIPlugin:80 - create IPUIPlugin
2026-02-02 14:28:50,580 [INFO] PluginManager:220 - loadIPPluginJar : add openamp
2026-02-02 14:28:50,586 [INFO] IPUIPlugin:80 - create IPUIPlugin
2026-02-02 14:28:50,586 [INFO] PluginManager:220 - loadIPPluginJar : add gic
2026-02-02 14:28:50,589 [INFO] IPUIPlugin:80 - create IPUIPlugin
2026-02-02 14:28:50,589 [INFO] PluginManager:220 - loadIPPluginJar : add extmemmanager
2026-02-02 14:28:50,592 [INFO] IPUIPlugin:80 - create IPUIPlugin
2026-02-02 14:28:50,592 [INFO] PluginManager:220 - loadIPPluginJar : add pdm2pcm
2026-02-02 14:28:50,594 [INFO] IPUIPlugin:80 - create IPUIPlugin
2026-02-02 14:28:50,594 [INFO] PluginManager:220 - loadIPPluginJar : add tim
2026-02-02 14:28:50,597 [INFO] IPUIPlugin:80 - create IPUIPlugin
2026-02-02 14:28:50,597 [INFO] PluginManager:220 - loadIPPluginJar : add dma3
2026-02-02 14:28:50,603 [INFO] IPUIPlugin:80 - create IPUIPlugin
2026-02-02 14:28:50,603 [INFO] PluginManager:220 - loadIPPluginJar : add adc
2026-02-02 14:28:50,610 [INFO] IPUIPlugin:80 - create IPUIPlugin
2026-02-02 14:28:50,611 [INFO] PluginManager:220 - loadIPPluginJar : add stm32_wpan
2026-02-02 14:28:50,613 [INFO] IPUIPlugin:80 - create IPUIPlugin
2026-02-02 14:28:50,613 [INFO] PluginManager:220 - loadIPPluginJar : add tracer_emb
2026-02-02 14:28:50,616 [INFO] IPUIPlugin:80 - create IPUIPlugin
2026-02-02 14:28:50,616 [INFO] PluginManager:220 - loadIPPluginJar : add dfsdm
2026-02-02 14:28:50,618 [INFO] IPUIPlugin:80 - create IPUIPlugin
2026-02-02 14:28:50,619 [INFO] PluginManager:220 - loadIPPluginJar : add i3c
2026-02-02 14:28:50,623 [INFO] IPUIPlugin:80 - create IPUIPlugin
2026-02-02 14:28:50,623 [INFO] PluginManager:220 - loadIPPluginJar : add resmgrutility
2026-02-02 14:28:50,630 [INFO] IPUIPlugin:80 - create IPUIPlugin
2026-02-02 14:28:50,630 [INFO] PluginManager:220 - loadIPPluginJar : add dma
2026-02-02 14:28:50,632 [INFO] IPUIPlugin:80 - create IPUIPlugin
2026-02-02 14:28:50,633 [INFO] PluginManager:220 - loadIPPluginJar : add aes
2026-02-02 14:28:50,634 [INFO] IPUIPlugin:80 - create IPUIPlugin
2026-02-02 14:28:50,634 [INFO] PluginManager:220 - loadIPPluginJar : add quadspi
2026-02-02 14:28:50,638 [INFO] IPUIPlugin:80 - create IPUIPlugin
2026-02-02 14:28:50,638 [INFO] PluginManager:220 - loadIPPluginJar : add gtzc
2026-02-02 14:28:50,641 [INFO] IPUIPlugin:80 - create IPUIPlugin
2026-02-02 14:28:50,641 [INFO] PluginManager:220 - loadIPPluginJar : add spi
2026-02-02 14:28:50,644 [INFO] IPUIPlugin:80 - create IPUIPlugin
2026-02-02 14:28:50,645 [INFO] PluginManager:220 - loadIPPluginJar : add can
2026-02-02 14:28:50,646 [INFO] IPUIPlugin:80 - create IPUIPlugin
2026-02-02 14:28:50,647 [INFO] PluginManager:220 - loadIPPluginJar : add genericplugin
2026-02-02 14:28:50,649 [INFO] IPUIPlugin:80 - create IPUIPlugin
2026-02-02 14:28:50,649 [INFO] PluginManager:220 - loadIPPluginJar : add comp
2026-02-02 14:28:50,652 [INFO] IPUIPlugin:80 - create IPUIPlugin
2026-02-02 14:28:50,652 [INFO] PluginManager:220 - loadIPPluginJar : add gfxmmu
2026-02-02 14:28:50,764 [FATAL] Updater:351 - Updater called before beeing initialized
2026-02-02 14:28:50,796 [INFO] RulesReader:64 - Compatibility file has been processed (317 Rules)
2026-02-02 14:28:50,819 [INFO] RulesReader:64 - Compatibility file has been processed (317 Rules)
2026-02-02 14:28:50,830 [INFO] CADModel:165 - CPN selected for project level
2026-02-02 14:28:50,831 [INFO] CADModel:114 - Register for checkConnection events
2026-02-02 14:28:50,831 [FATAL] Updater:351 - Updater called before beeing initialized
2026-02-02 14:28:50,831 [ERROR] CADModel:125 - Updater not yet initialized, retry later 
2026-02-02 14:28:50,976 [FATAL] Updater:351 - Updater called before beeing initialized
2026-02-02 14:28:50,979 [INFO] CADModel:165 - CPN selected for project level
2026-02-02 14:28:50,979 [INFO] CADModel:114 - Register for checkConnection events
2026-02-02 14:28:50,979 [FATAL] Updater:351 - Updater called before beeing initialized
2026-02-02 14:28:50,979 [ERROR] CADModel:125 - Updater not yet initialized, retry later 
2026-02-02 14:28:50,985 [FATAL] Updater:351 - Updater called before beeing initialized
2026-02-02 14:28:51,093 [FATAL] Updater:351 - Updater called before beeing initialized
2026-02-02 14:28:51,098 [INFO] DbMcusAds:53 - JSON generation date=Thu Jan 08 21:27:51 IST 2026 (1767887871456)
2026-02-02 14:28:51,098 [FATAL] Updater:351 - Updater called before beeing initialized
2026-02-02 14:28:51,130 [WARN] DetailPanel:346 - Failed to get advertising image, set to default
2026-02-02 14:28:51,199 [FATAL] Updater:351 - Updater called before beeing initialized
2026-02-02 14:28:51,201 [FATAL] Updater:351 - Updater called before beeing initialized
2026-02-02 14:28:51,201 [FATAL] Updater:351 - Updater called before beeing initialized
2026-02-02 14:28:51,201 [WARN] DetailPanel:346 - Failed to get advertising image, set to default
2026-02-02 14:28:51,202 [FATAL] Updater:351 - Updater called before beeing initialized
2026-02-02 14:28:51,234 [ERROR] Updater:1198 - MainUpdater not yet initialized. External WinMGr cannot be set.
2026-02-02 14:28:51,236 [INFO] Updater:1134 - Updater Version found : 6.15.0
2026-02-02 14:28:51,255 [INFO] ApplicationProperties:184 - Using Application install path: /opt/st/stm32cubeide_1.19.0/plugins/com.st.stm32cube.common.mx_6.15.0.202507011659
2026-02-02 14:28:51,515 [INFO] MainUpdater:2872 - connection check result : 10
2026-02-02 14:28:51,515 [INFO] MainUpdater:3604 - Updater definition file requires update
2026-02-02 14:28:51,515 [INFO] MainUpdater:289 - Updater Check For Update Now.
2026-02-02 14:28:51,515 [INFO] MicroXplorer:498 - Change Database Version : DB.6.0.150
2026-02-02 14:28:51,521 [INFO] McuFinderGlobals:63 - Set McuFinder mode to 2 (CubeIDE integrated)
2026-02-02 14:28:51,521 [INFO] UserAuth:171 - activating auth plugin
2026-02-02 14:28:51,523 [INFO] UserAuth:487 - Internet connection configuration mode: 1
2026-02-02 14:28:51,541 [INFO] JxBrowserEngine:152 - Initiate JxBrowser Engine with user profile folder
2026-02-02 14:28:51,651 [INFO] ServerAccessManage:452 - Complete download http(s) 200
2026-02-02 14:28:51,652 [INFO] ServerAccessManage:509 - Download File updaters.zip
2026-02-02 14:28:51,752 [INFO] FileExtend:248 - Unzip File : updaters.zip
2026-02-02 14:28:51,752 [INFO] FileExtend:263 - Standard Zip Deflate
2026-02-02 14:28:52,086 [INFO] ServerAccessManage:452 - Complete download http(s) 200
2026-02-02 14:28:52,086 [INFO] ServerAccessManage:509 - Download File PacksControlFlags.xml
2026-02-02 14:28:52,282 [INFO] ServerAccessManage:452 - Complete download http(s) 200
2026-02-02 14:28:52,282 [INFO] ServerAccessManage:509 - Download File cubemx.pidx
2026-02-02 14:28:52,410 [INFO] LoadServerUpdatesThread:375 - End of LoadServerUpdate Thread
2026-02-02 14:28:52,569 [INFO] CheckServerUpdateThread:120 - End of CheckServer Thread
2026-02-02 14:28:52,613 [INFO] WebApp:169 - Instantiating new browser for Auth
2026-02-02 14:28:53,195 [WARN] PackLoader:240 - Cannot read IP mode file for STMicroelectronics.FP-SNS-MOTENVWB1.1.4.0
2026-02-02 14:28:53,204 [WARN] PackLoader:240 - Cannot read IP mode file for STMicroelectronics.FP-ATR-ASTRA1.2.0.2
2026-02-02 14:28:53,210 [WARN] PackLoader:240 - Cannot read IP mode file for STMicroelectronics.X-CUBE-SMBUS.2.1.0
2026-02-02 14:28:53,214 [WARN] PackLoader:240 - Cannot read IP mode file for STMicroelectronics.X-CUBE-ST60.1.0.0
2026-02-02 14:28:53,244 [INFO] WebApp:463 - Apply proxy settings
2026-02-02 14:28:53,245 [INFO] WebApp:548 - Chromium requires no authentication
2026-02-02 14:28:53,254 [INFO] WebApp:491 - Direct internet connection detected
2026-02-02 14:28:53,259 [WARN] PackLoader:240 - Cannot read IP mode file for STMicroelectronics.X-CUBE-AZRTOS-F7.1.1.0
2026-02-02 14:28:53,273 [WARN] PackLoader:240 - Cannot read IP mode file for Cesanta.I-CUBE-Mongoose.7.19.0
2026-02-02 14:28:53,278 [INFO] WebApp:900 - Register for checkConnection events
2026-02-02 14:28:53,278 [INFO] WebApp:463 - Apply proxy settings
2026-02-02 14:28:53,278 [INFO] WebApp:548 - Chromium requires no authentication
2026-02-02 14:28:53,279 [INFO] WebApp:491 - Direct internet connection detected
2026-02-02 14:28:53,279 [WARN] PackLoader:240 - Cannot read IP mode file for STMicroelectronics.FP-SNS-MOTENV1.5.1.0
2026-02-02 14:28:53,292 [WARN] PackLoader:240 - Cannot read IP mode file for WES.I-CUBE-Cesium.1.4.0
2026-02-02 14:28:53,325 [WARN] PackLoader:240 - Cannot read IP mode file for Infineon.AIROC-Wi-Fi-Bluetooth-STM32.1.7.1
2026-02-02 14:28:53,341 [WARN] PackLoader:240 - Cannot read IP mode file for STMicroelectronics.X-CUBE-DISPLAY.3.0.0
2026-02-02 14:28:53,357 [WARN] PackLoader:240 - Cannot read IP mode file for STMicroelectronics.X-CUBE-NFC10.1.0.0
2026-02-02 14:28:53,364 [WARN] PackLoader:240 - Cannot read IP mode file for STMicroelectronics.X-CUBE-ST60.1.1.0
2026-02-02 14:28:53,371 [WARN] PackLoader:240 - Cannot read IP mode file for emotas.I-CUBE-CANOPEN.1.3.0
2026-02-02 14:28:53,378 [WARN] PackLoader:240 - Cannot read IP mode file for STMicroelectronics.X-CUBE-GNSS1.7.1.0
2026-02-02 14:28:53,384 [WARN] PackLoader:240 - Cannot read IP mode file for STMicroelectronics.FP-SNS-SMARTAG2.1.2.0
2026-02-02 14:28:53,389 [WARN] PackLoader:240 - Cannot read IP mode file for STMicroelectronics.FP-SNS-FLIGHT1.5.1.0
2026-02-02 14:28:53,400 [INFO] LogOutputStream:77 - [STDOUT_REDIRECT] 1 : Invalid condition id : UX_CORESTACK_Condition cause : null
2026-02-02 14:28:53,401 [INFO] LogOutputStream:77 - [STDOUT_REDIRECT] 1 : Invalid condition id : UX_CORESTACK_Condition cause : null
2026-02-02 14:28:53,402 [INFO] LogOutputStream:77 - [STDOUT_REDIRECT] 1 : Invalid condition id : UX_CORESTACK_Condition cause : null
2026-02-02 14:28:53,402 [INFO] LogOutputStream:77 - [STDOUT_REDIRECT] 1 : Invalid condition id : UX_CORESTACK_Condition cause : null
2026-02-02 14:28:53,403 [INFO] LogOutputStream:77 - [STDOUT_REDIRECT] 1 : Invalid condition id : UX_CORESTACK_Condition cause : null
2026-02-02 14:28:53,408 [WARN] PackLoader:240 - Cannot read IP mode file for STMicroelectronics.X-CUBE-AZRTOS-WL.2.0.0
2026-02-02 14:28:53,414 [WARN] PackLoader:240 - Cannot read IP mode file for STMicroelectronics.FP-SNS-MOTENV1.5.0.0
2026-02-02 14:28:53,442 [WARN] PackLoader:240 - Cannot read IP mode file for STMicroelectronics.X-CUBE-AZRTOS-H7RS.1.2.0
2026-02-02 14:28:53,451 [WARN] PackLoader:240 - Cannot read IP mode file for STMicroelectronics.X-CUBE-BLE2.3.3.0
2026-02-02 14:28:53,471 [WARN] PackLoader:240 - Cannot read IP mode file for STMicroelectronics.X-CUBE-NFC9.1.0.0
2026-02-02 14:28:53,479 [WARN] PackLoader:240 - Cannot read IP mode file for STMicroelectronics.X-CUBE-BLE1.7.1.0
2026-02-02 14:28:53,482 [WARN] PackLoader:240 - Cannot read IP mode file for wolfSSL.I-CUBE-wolfMQTT.1.19.2
2026-02-02 14:28:53,489 [WARN] PackLoader:240 - Cannot read IP mode file for STMicroelectronics.X-CUBE-FREERTOS.1.4.0
2026-02-02 14:28:53,495 [WARN] PackLoader:240 - Cannot read IP mode file for STMicroelectronics.X-CUBE-ST67W61.1.1.0
2026-02-02 14:28:53,539 [INFO] WebApp:225 - Starting web application
2026-02-02 14:28:53,539 [INFO] WebApp:593 - Web application path used /opt/st/stm32cubeide_1.19.0/plugins/com.st.stm32cube.common.mx_6.15.0.202507011659/db/plugins/mcufinder/reactClient1/index.html
2026-02-02 14:28:53,553 [WARN] PackLoader:240 - Cannot read IP mode file for STMicroelectronics.X-CUBE-MEMS1.12.0.0
2026-02-02 14:28:53,709 [WARN] PackLoader:240 - Cannot read IP mode file for STMicroelectronics.X-CUBE-AZRTOS-G0.1.1.0
2026-02-02 14:28:53,719 [WARN] PackLoader:240 - Cannot read IP mode file for STMicroelectronics.X-CUBE-SAFEA1.1.2.2
2026-02-02 14:28:53,726 [WARN] PackLoader:240 - Cannot read IP mode file for STMicroelectronics.X-CUBE-NFC4.3.0.0
2026-02-02 14:28:53,739 [WARN] PackLoader:240 - Cannot read IP mode file for EmbeddedOffice.I-CUBE-FS-RTOS.1.0.1
2026-02-02 14:28:53,747 [WARN] PackLoader:240 - Cannot read IP mode file for STMicroelectronics.X-CUBE-WB05N.2.0.0
2026-02-02 14:28:53,752 [WARN] PackLoader:240 - Cannot read IP mode file for wolfSSL.I-CUBE-wolfTPM.3.8.0
2026-02-02 14:28:53,757 [WARN] PackLoader:240 - Cannot read IP mode file for STMicroelectronics.X-CUBE-TCPP.4.2.0
2026-02-02 14:28:53,763 [WARN] PackLoader:240 - Cannot read IP mode file for RealThread.X-CUBE-RT-Thread_Nano.4.1.1
2026-02-02 14:28:53,766 [WARN] PackLoader:240 - Cannot read IP mode file for STMicroelectronics.FP-ATR-SIGFOX1.3.2.0
2026-02-02 14:28:53,771 [WARN] PackLoader:240 - Cannot read IP mode file for ITTIA_DB.I-CUBE-ITTIADB.8.9.0
2026-02-02 14:28:53,777 [WARN] PackLoader:240 - Cannot read IP mode file for STMicroelectronics.X-CUBE-NFC6.3.2.0
2026-02-02 14:28:53,785 [WARN] PackLoader:240 - Cannot read IP mode file for STMicroelectronics.X-CUBE-ST67W61.1.0.0
2026-02-02 14:28:53,806 [WARN] PackLoader:240 - Cannot read IP mode file for SEGGER.I-CUBE-embOS.1.3.1
2026-02-02 14:28:53,848 [WARN] PackLoader:240 - Cannot read IP mode file for STMicroelectronics.X-CUBE-ALGOBUILD.1.4.0
2026-02-02 14:28:53,881 [WARN] PackLoader:240 - Cannot read IP mode file for STMicroelectronics.X-CUBE-MEMS1.11.3.0
2026-02-02 14:28:53,972 [WARN] PackLoader:240 - Cannot read IP mode file for STMicroelectronics.X-CUBE-PM33A1.1.0.0
2026-02-02 14:28:53,984 [WARN] PackLoader:240 - Cannot read IP mode file for STMicroelectronics.X-CUBE-AZRTOS-F4.1.1.0
2026-02-02 14:28:53,988 [WARN] PackLoader:240 - Cannot read IP mode file for Avnet-IotConnect.X-CUBE-IoTC-DA16k-PMOD.1.0.0
2026-02-02 14:28:53,990 [WARN] PackLoader:240 - Cannot read IP mode file for STMicroelectronics.X-CUBE-ISPU.2.1.0
2026-02-02 14:28:54,000 [WARN] PackLoader:240 - Cannot read IP mode file for STMicroelectronics.X-CUBE-IPS.3.2.0
2026-02-02 14:28:54,014 [WARN] PackLoader:240 - Cannot read IP mode file for STMicroelectronics.X-CUBE-AZRTOS-L5.2.0.0
2026-02-02 14:28:54,019 [WARN] PackLoader:240 - Cannot read IP mode file for STMicroelectronics.X-CUBE-NFC6.3.1.0
2026-02-02 14:28:54,025 [WARN] PackLoader:240 - Cannot read IP mode file for STMicroelectronics.X-CUBE-FREERTOS.1.3.1
2026-02-02 14:28:54,029 [WARN] PackLoader:240 - Cannot read IP mode file for STMicroelectronics.X-CUBE-TOUCHGFX.4.26.0
2026-02-02 14:28:54,032 [WARN] PackLoader:240 - Cannot read IP mode file for STMicroelectronics.X-CUBE-DPower.1.3.0
2026-02-02 14:28:54,043 [WARN] ConditionMgr:438 - getConditionDescription Invalid condition id : LAN8742 Phy interface Condition cause : null
2026-02-02 14:28:54,043 [WARN] PackLoader:240 - Cannot read IP mode file for STMicroelectronics.X-CUBE-AZRTOS-L4.2.0.0
2026-02-02 14:28:54,044 [WARN] ConditionMgr:1044 - genDependencies : Invalid condition id : LAN8742 Phy interface Condition cause : null
2026-02-02 14:28:54,044 [WARN] ConditionMgr:1044 - genDependencies : Invalid condition id : LAN8742 Phy interface Condition cause : null
2026-02-02 14:28:54,044 [WARN] ConditionMgr:1044 - genDependencies : Invalid condition id : LAN8742 Phy interface Condition cause : null
2026-02-02 14:28:54,050 [WARN] PackLoader:240 - Cannot read IP mode file for STMicroelectronics.X-CUBE-SFXS2LP1.4.0.0
2026-02-02 14:28:54,055 [WARN] PackLoader:240 - Cannot read IP mode file for STMicroelectronics.X-CUBE-ST67W61.1.2.0
2026-02-02 14:28:54,062 [WARN] ConditionMgr:438 - getConditionDescription Invalid condition id : UX DEVICE CLASS RTOS Condition cause : null
2026-02-02 14:28:54,062 [WARN] ConditionMgr:438 - getConditionDescription Invalid condition id : UX DEVICE CLASS RTOS Condition cause : null
2026-02-02 14:28:54,064 [WARN] PackLoader:240 - Cannot read IP mode file for STMicroelectronics.X-CUBE-AZRTOS-WB.2.0.0
2026-02-02 14:28:54,064 [WARN] ConditionMgr:1044 - genDependencies : Invalid condition id : UX DEVICE CLASS RTOS Condition cause : null
2026-02-02 14:28:54,064 [WARN] ConditionMgr:1044 - genDependencies : Invalid condition id : UX DEVICE CLASS RTOS Condition cause : null
2026-02-02 14:28:54,065 [WARN] ConditionMgr:1044 - genDependencies : Invalid condition id : UX DEVICE CLASS RTOS Condition cause : null
2026-02-02 14:28:54,065 [WARN] ConditionMgr:1044 - genDependencies : Invalid condition id : UX DEVICE CLASS RTOS Condition cause : null
2026-02-02 14:28:54,065 [WARN] ConditionMgr:1044 - genDependencies : Invalid condition id : UX DEVICE CLASS RTOS Condition cause : null
2026-02-02 14:28:54,068 [WARN] PackLoader:240 - Cannot read IP mode file for STMicroelectronics.X-CUBE-GNSS1.7.0.1
2026-02-02 14:28:54,071 [WARN] PackLoader:240 - Cannot read IP mode file for STMicroelectronics.X-CUBE-TOUCHGFX.4.25.0
2026-02-02 14:28:54,073 [WARN] ConditionMgr:438 - getConditionDescription Invalid condition id : Cortex-A Device cause : null
2026-02-02 14:28:54,078 [WARN] ConditionMgr:1044 - genDependencies : Invalid condition id : Cortex-A Device cause : null
2026-02-02 14:28:54,079 [WARN] ConditionMgr:1044 - genDependencies : Invalid condition id : Cortex-A Device cause : null
2026-02-02 14:28:54,079 [WARN] ConditionMgr:1044 - genDependencies : Invalid condition id : Cortex-A Device cause : null
2026-02-02 14:28:54,085 [WARN] PackLoader:240 - Cannot read IP mode file for STMicroelectronics.X-CUBE-STSE01.2.0.0
2026-02-02 14:28:54,094 [WARN] PackLoader:240 - Cannot read IP mode file for STMicroelectronics.X-CUBE-SUBG2.5.0.0
2026-02-02 14:28:54,109 [WARN] PackLoader:240 - Cannot read IP mode file for STMicroelectronics.X-CUBE-AZRTOS-H7RS.1.1.0
2026-02-02 14:28:54,120 [WARN] PackLoader:240 - Cannot read IP mode file for STMicroelectronics.X-CUBE-AZRTOS-G4.2.0.0
2026-02-02 14:28:54,124 [WARN] PackLoader:240 - Cannot read IP mode file for wolfSSL.I-CUBE-wolfSSH.1.4.20
2026-02-02 14:28:54,127 [WARN] PackLoader:240 - Cannot read IP mode file for STMicroelectronics.X-CUBE-NFC7.2.0.0
2026-02-02 14:28:54,136 [WARN] PackLoader:240 - Cannot read IP mode file for STMicroelectronics.X-CUBE-IPS.3.1.0
2026-02-02 14:28:54,141 [WARN] PackLoader:240 - Cannot read IP mode file for STMicroelectronics.X-CUBE-ALS.1.0.2
2026-02-02 14:28:54,145 [WARN] PackLoader:240 - Cannot read IP mode file for STMicroelectronics.X-CUBE-STSE01.1.0.0
2026-02-02 14:28:54,152 [WARN] PackLoader:240 - Cannot read IP mode file for STMicroelectronics.X-CUBE-TOF1.3.4.3
2026-02-02 14:28:54,159 [INFO] ThirdParty:978 - Integrity check success = true
2026-02-02 14:28:54,159 [INFO] IntegrityCheckThread:100 - exiting critical section [integrity check]
2026-02-02 14:28:54,159 [INFO] IntegrityCheckThread:103 - End integrity checks thread
2026-02-02 14:28:54,584 [INFO] WebApp:191 - Connection restablished
2026-02-02 14:35:27,068 [INFO] McuFinderGlobals:63 - Set McuFinder mode to 2 (CubeIDE integrated)
2026-02-02 14:35:27,072 [INFO] MainUpdater:2872 - connection check result : 10
2026-02-02 14:35:27,072 [INFO] MainUpdater:2872 - connection check result : 10
2026-02-02 14:35:27,099 [INFO] MicroXplorer:468 - Change Database Path : 
2026-02-02 14:35:27,100 [INFO] MicroXplorer:498 - Change Database Version : DB.6.0.150
2026-02-02 14:35:27,119 [WARN] ThirdParty:871 - waiting for thirdparty lock release [close project]
2026-02-02 14:35:27,119 [INFO] ThirdParty:873 - entering critical section [close project]
2026-02-02 14:35:27,120 [INFO] ThirdParty:883 - exiting critical section [close project]
2026-02-02 14:35:27,125 [INFO] PinOutPanel:1589 - setPackage(No Configuration,No Configuration)
2026-02-02 14:35:27,128 [INFO] UtilMem:75 - Begin LoadConfig() Used Memory: 836076176 Bytes (1003487232)
2026-02-02 14:35:27,136 [INFO] MicroXplorer:468 - Change Database Path : /home/krushna/.stm32cubemx/databases/DB.6.0.130/db/
2026-02-02 14:35:27,136 [INFO] MicroXplorer:498 - Change Database Version : DB.6.0.130
2026-02-02 14:35:29,404 [INFO] OpenFileManager:355 - Change cursor
2026-02-02 14:35:29,507 [INFO] Mcu:2029 - Initializing MCU STM32F407V(E-G)Tx STM32F407VGTx STM32F407VGT6
2026-02-02 14:35:30,976 [INFO] Context:786 - Trying to add GPIOservice into a context  which must be forbidden
2026-02-02 14:35:31,495 [INFO] ImportTextPane:234 - (OptionalMessage_ERROR) Pin18 (VP_RIF_VS_RIF1) cannot be retrieved for this MCU
2026-02-02 14:35:31,624 [INFO] RtosManager:558 - Registered RTOS mode: class=CMSIS, group=RTOS, mode=CMSIS_V1, owner=FREERTOS
2026-02-02 14:35:31,624 [INFO] RtosManager:558 - Registered RTOS mode: class=CMSIS, group=RTOS2, mode=CMSIS_V2, owner=FREERTOS
2026-02-02 14:35:31,624 [INFO] RtosManager:558 - Registered RTOS mode: class=RTOS, group=Core, mode=CMSIS_V1, owner=FREERTOS
2026-02-02 14:35:31,624 [INFO] RtosManager:558 - Registered RTOS mode: class=RTOS, group=Core, mode=CMSIS_V2, owner=FREERTOS
2026-02-02 14:35:31,625 [WARN] ModelIntegratedComponent:184 - Missing modes for component STMicroelectronics:FreeRTOS:0.0.1:STMicroelectronics:RTOS:FreeRTOS:Core:::10.2.0:
2026-02-02 14:35:31,643 [WARN] ModelIntegratedComponent:63 - No mode defined for component null
2026-02-02 14:35:31,643 [WARN] ModelIntegratedComponent:63 - No mode defined for component null
2026-02-02 14:35:31,643 [WARN] ModelIntegratedComponent:63 - No mode defined for component null
2026-02-02 14:35:31,643 [WARN] ModelIntegratedComponent:63 - No mode defined for component null
2026-02-02 14:35:31,644 [WARN] ModelIntegratedComponent:63 - No mode defined for component null
2026-02-02 14:35:31,644 [WARN] ModelIntegratedComponent:63 - No mode defined for component null
2026-02-02 14:35:31,644 [WARN] ModelIntegratedComponent:63 - No mode defined for component null
2026-02-02 14:35:31,644 [WARN] ModelIntegratedComponent:63 - No mode defined for component null
2026-02-02 14:35:31,644 [WARN] ModelIntegratedComponent:63 - No mode defined for component null
2026-02-02 14:35:31,644 [WARN] ModelIntegratedComponent:63 - No mode defined for component null
2026-02-02 14:35:31,644 [WARN] ModelIntegratedComponent:63 - No mode defined for component null
2026-02-02 14:35:31,644 [WARN] ModelIntegratedComponent:63 - No mode defined for component null
2026-02-02 14:35:31,644 [WARN] ModelIntegratedComponent:63 - No mode defined for component null
2026-02-02 14:35:31,644 [WARN] ModelIntegratedComponent:63 - No mode defined for component null
2026-02-02 14:35:31,644 [WARN] ModelIntegratedComponent:63 - No mode defined for component null
2026-02-02 14:35:31,644 [WARN] ModelIntegratedComponent:63 - No mode defined for component null
2026-02-02 14:35:31,644 [WARN] ModelIntegratedComponent:63 - No mode defined for component null
2026-02-02 14:35:31,644 [WARN] ModelIntegratedComponent:63 - No mode defined for component null
2026-02-02 14:35:31,644 [WARN] ModelIntegratedComponent:63 - No mode defined for component null
2026-02-02 14:35:31,644 [WARN] ModelIntegratedComponent:63 - No mode defined for component null
2026-02-02 14:35:31,644 [WARN] ModelIntegratedComponent:63 - No mode defined for component null
2026-02-02 14:35:31,645 [WARN] ModelIntegratedComponent:63 - No mode defined for component null
2026-02-02 14:35:31,645 [WARN] ModelIntegratedComponent:63 - No mode defined for component null
2026-02-02 14:35:31,645 [WARN] ModelIntegratedComponent:63 - No mode defined for component null
2026-02-02 14:35:31,645 [WARN] ModelIntegratedComponent:63 - No mode defined for component null
2026-02-02 14:35:31,645 [WARN] ModelIntegratedComponent:63 - No mode defined for component null
2026-02-02 14:35:31,645 [WARN] ModelIntegratedComponent:63 - No mode defined for component null
2026-02-02 14:35:31,645 [WARN] ModelIntegratedComponent:63 - No mode defined for component null
2026-02-02 14:35:31,645 [WARN] ModelIntegratedComponent:63 - No mode defined for component null
2026-02-02 14:35:31,645 [WARN] ModelIntegratedComponent:63 - No mode defined for component null
2026-02-02 14:35:31,645 [WARN] ModelIntegratedComponent:63 - No mode defined for component null
2026-02-02 14:35:31,645 [WARN] ModelIntegratedComponent:63 - No mode defined for component null
2026-02-02 14:35:31,645 [WARN] ModelIntegratedComponent:63 - No mode defined for component null
2026-02-02 14:35:31,645 [WARN] ModelIntegratedComponent:63 - No mode defined for component null
2026-02-02 14:35:31,645 [WARN] ModelIntegratedComponent:63 - No mode defined for component null
2026-02-02 14:35:31,645 [WARN] ModelPack:524 - Component already loaded: STMicroelectronics:HAL Drivers:0.0.0:STMicroelectronics:Device:STMicro_Driver:XSPI:HAL::0.0.1:HAL_XSPI
2026-02-02 14:35:31,731 [INFO] ThirdPartyModel:298 - Start build external matchings
2026-02-02 14:35:32,152 [INFO] ThirdPartyModel:316 - End build external matchings
2026-02-02 14:35:32,175 [INFO] ImportTextPane:234 - (OptionalMessage_ERROR) IP (RCC) : Parameter (RTCHSEDivFreq_Value) has invalid value (4000000)
2026-02-02 14:35:32,519 [INFO] ApiDb:581 - Connected to CubeFinder SQLite database (/home/krushna/.stmcufinder/plugins/mcufinder/mcu/cube-finder-db.db)
2026-02-02 14:35:32,577 [INFO] ApiDb:668 - CubeFinder database Data Model version=2.1
2026-02-02 14:35:32,577 [INFO] ApiDb:669 - CubeFinder database Configuration version=3.0.39
2026-02-02 14:35:32,577 [INFO] ApiDb:670 - CubeFinder database generation date=2025-12-22 (1766407740)
2026-02-02 14:35:32,578 [INFO] ApiDb:671 - CubeFinder database FW Pack versions=[FP-ATR-ASTRA1_V2.0.0, FP-SNS-FLIGHT1_V5.1.0, FP-SNS-MOTENV1_V5.1.0, FP-SNS-MOTENVWB1_V1.4.0, FP-SNS-SMARTAG2_V1.2.0, FP-SNS-STBOX1_V2.1.0, STM32Cube_FW_C0_V1.4.0, STM32Cube_FW_F4_V1.28.3, STM32Cube_FW_F7_V1.17.4, STM32Cube_FW_G0_V1.6.2, STM32Cube_FW_G4_V1.6.1, STM32Cube_FW_H5_V1.5.1, STM32Cube_FW_H7RS_V1.3.0, STM32Cube_FW_H7_V1.12.1, STM32Cube_FW_L0_V1.12.2, STM32Cube_FW_L4_V1.18.1, STM32Cube_FW_L5_V1.6.0, STM32Cube_FW_N6_V1.3.0, STM32Cube_FW_U0_V1.3.0, STM32Cube_FW_U3_V1.2.1, STM32Cube_FW_U5_V1.8.0, STM32Cube_FW_WB0_V1.4.0, STM32Cube_FW_WBA_V1.8.0, STM32Cube_FW_WB_V1.24.0, STM32Cube_FW_WL3_V1.3.0, STM32Cube_FW_WL_V1.4.0, X-CUBE-ALGOBUILD_V1.4.0, X-CUBE-ALS_V1.0.2, X-CUBE-AZRTOS-F4_V1.1.0, X-CUBE-AZRTOS-F7_V1.1.0, X-CUBE-AZRTOS-G0_V1.1.0, X-CUBE-AZRTOS-G4_V2.0.0, X-CUBE-AZRTOS-H7RS_V1.1.0, X-CUBE-AZRTOS-H7_V3.4.0, X-CUBE-AZRTOS-L4_V2.0.0, X-CUBE-AZRTOS-L5_V2.0.0, X-CUBE-AZRTOS-WB_V2.0.0, X-CUBE-AZRTOS-WL_V2.0.0, X-CUBE-BLE1_V7.1.0, X-CUBE-BLE2_V3.3.0, X-CUBE-BLEMGR_V4.1.0, X-CUBE-EEPRMA1_V5.2.0, X-CUBE-FREERTOS_V1.3.1, X-CUBE-GNSS1_V6.0.0, X-CUBE-MEMS1_V12.0.0, X-CUBE-NFC4_V3.0.0, X-CUBE-NFC7_V2.0.0, X-CUBE-SFXS2LP1_V4.0.0, X-CUBE-ST67W61_V1.1.0, X-CUBE-SUBG2_V5.0.0, X-CUBE-TOF1_V3.4.3]
2026-02-02 14:35:32,678 [INFO] DbBoardsSqlite:226 - include board P-NUCLEO-WB55-NUCLEO as a kit item of type 'Nucleo-64'
2026-02-02 14:35:32,679 [INFO] DbBoardsSqlite:226 - include board P-NUCLEO-WB55-USBDONGLE as a kit item of type 'Nucleo USB Dongle'
2026-02-02 14:35:32,680 [INFO] DbBoardsSqlite:226 - include board STEVAL-IDP005V1 as a kit item of type 'Evaluation Board'
2026-02-02 14:35:32,681 [INFO] DbBoardsSqlite:226 - include board STEVAL-IDP005V2 as a kit item of type 'Evaluation Board'
2026-02-02 14:35:32,798 [INFO] ApiDb:240 - Found 880 in-development CPN: [B-G473E-ZEST1S, B-WB1M-WPAN1, B-WBA5M-WPAN, B-WL5M-SUBG1, NUCLEO-C031C6, NUCLEO-C051C8, NUCLEO-C071RB, NUCLEO-C092RC, NUCLEO-H503RB, NUCLEO-H533RE, NUCLEO-H563ZI, NUCLEO-H7S3L8, NUCLEO-N657X0-Q, NUCLEO-U031R8, NUCLEO-U083RC, NUCLEO-U385RG-Q, NUCLEO-U545RE-Q, NUCLEO-U5A5ZJ-Q, NUCLEO-WB05KZ, NUCLEO-WB07CC, NUCLEO-WB09KE, NUCLEO-WBA52CG, NUCLEO-WBA55CG, NUCLEO-WL33CC1, NUCLEO-WL33CC2, STEVAL-PROTEUS1, STEVAL-SMARTAG2, STEVAL-STWINBX1, STM320518-EVAL, STM32C0116-DK, STM32C011D6Y3TR, STM32C011D6Y6TR, STM32C011F4P3, STM32C011F4P6, STM32C011F4U3, STM32C011F4U6TR, STM32C011F6P3, STM32C011F6P6, STM32C011F6U3, STM32C011F6U6TR, STM32C011J4M3, STM32C011J4M6, STM32C011J6M3, STM32C011J6M6, STM32C0316-DK, STM32C031C4T3, STM32C031C4T6, STM32C031C4U3, STM32C031C4U6, STM32C031C6T3, STM32C031C6T6, STM32C031C6U3, STM32C031C6U6, STM32C031F4P3, STM32C031F4P6, STM32C031F6P3, STM32C031F6P6, STM32C031G4U3, STM32C031G4U6, STM32C031G6U3, STM32C031G6U6, STM32C031K4T3, STM32C031K4T6, STM32C031K4U3, STM32C031K4U6, STM32C031K6T3, STM32C031K6T6, STM32C031K6U3, STM32C031K6U6, STM32C051C6T6, STM32C051C6U6, STM32C051C8T6, STM32C051C8U6, STM32C051D8Y6TR, STM32C051F6P6, STM32C051F8P6, STM32C051G6U6, STM32C051G8U6, STM32C051K6T6, STM32C051K6U6, STM32C051K8T6, STM32C071C8T6, STM32C071C8T6N, STM32C071C8U6, STM32C071C8U6N, STM32C071CBT6, STM32C071CBT6N, STM32C071CBU6, STM32C071CBU6N, STM32C071F8P6, STM32C071F8P6N, STM32C071FBP6, STM32C071FBP6N, STM32C071FBY6TR, STM32C071G8U6, STM32C071G8U6N, STM32C071GBU6, STM32C071GBU6N, STM32C071K8T6, STM32C071K8T6N, STM32C071K8U6, STM32C071K8U6N, STM32C071KBT6, STM32C071KBT6N, STM32C071KBU6, STM32C071KBU6N, STM32C071R8T6, STM32C071R8T6N, STM32C071RBI6N, STM32C071RBT6, STM32C071RBT6N, STM32C091CBT6, STM32C091CBU6, STM32C091CCT6, STM32C091CCU6, STM32C091ECY6TR, STM32C091FBP6, STM32C091FCP6, STM32C091GBU6, STM32C091GCU6, STM32C091KBT6, STM32C091KBU6, STM32C091KCT6, STM32C091KCU6, STM32C091RBT6, STM32C091RCI6, STM32C091RCT6, STM32C092CBT6, STM32C092CBU6, STM32C092CCT6, STM32C092CCU6, STM32C092ECY6TR, STM32C092FBP6, STM32C092FCP6, STM32C092GBU6, STM32C092GCU6, STM32C092KBT6, STM32C092KBU6, STM32C092KCT6, STM32C092KCU6, STM32C092RBT6, STM32C092RCI6, STM32C092RCT6, STM32G071K8TXN, STM32G071K8UXN, STM32G081GBU6N, STM32G081KBT6N, STM32G081KBUXN, STM32G0B1CCT6N, STM32G0B1KCT6, STM32G0B1NEY6TR, STM32G0B1RCT6N, STM32G0C1CCT6, STM32G0C1CCT6N, STM32G0C1CCU6N, STM32G0C1CET6N, STM32G0C1CEU6N, STM32G0C1KCT6, STM32G0C1NEY6TR, STM32G0C1RCI6N, STM32G0C1RCT6N, STM32G0C1REI6N, STM32G0C1RET6N, STM32G0C1VCI6, STM32G0C1VEI6, STM32G411C6T3, STM32G411C6T6, STM32G411C6U3, STM32G411C6U6, STM32G411C8T3, STM32G411C8T6, STM32G411C8U3, STM32G411C8U6, STM32G411CBT3, STM32G411CBT6, STM32G411CBU3, STM32G411CBU6, STM32G411K6T3, STM32G411K6T6, STM32G411K6U3, STM32G411K6U6, STM32G411K8T3, STM32G411K8T6, STM32G411K8U3, STM32G411K8U6, STM32G411KBT3, STM32G411KBT6, STM32G411KBU3, STM32G411KBU6, STM32G411M6T3, STM32G411M6T6, STM32G411M8T3, STM32G411M8T6, STM32G411MBT3, STM32G411MBT6, STM32G411R6T3, STM32G411R6T6, STM32G411R8T3, STM32G411R8T6, STM32G411RBT3, STM32G411RBT6, STM32G414CBT3, STM32G414CBT6, STM32G414CBU3, STM32G414CBU6, STM32G414CCT3, STM32G414CCT6, STM32G414CCU3, STM32G414CCU6, STM32G414MBT3, STM32G414MBT6, STM32G414MCT3, STM32G414MCT6, STM32G414RBT3, STM32G414RBT6, STM32G414RCT3, STM32G414RCT6, STM32G414VBT3, STM32G414VBT6, STM32G414VCT3, STM32G414VCT6, STM32G431CBT3Z, STM32G431RBT3Z, STM32G471CCT6, STM32G471CCU6, STM32G471CET3, STM32G471CET6, STM32G471CEU3, STM32G471CEU6, STM32G471MCT6, STM32G471MET3, STM32G471MET6, STM32G471MEY6TR, STM32G471QCT6, STM32G471QET3, STM32G471RCT6, STM32G471RET3, STM32G471RET6, STM32G471VCH6, STM32G471VCI6, STM32G471VCT6, STM32G471VEH3, STM32G471VEH6, STM32G471VEI3, STM32G471VEI6, STM32G471VET3, STM32G471VET6, STM32G473QET3Z, STM32G473RET3Z, STM32G474CCT6, STM32G491RET3Z, STM32H503CBT6, STM32H503CBU6, STM32H503EBY6TR, STM32H503KBU6, STM32H503RBT6, STM32H523CCT6, STM32H523CCU6, STM32H523CET6, STM32H523CEU6, STM32H523HEY6TR, STM32H523RCT6, STM32H523RET6, STM32H523VCI6, STM32H523VCT6, STM32H523VEI6, STM32H523VET6, STM32H523ZCJ6, STM32H523ZCT6, STM32H523ZEJ6, STM32H523ZET6, STM32H533CET6, STM32H533CEU6, STM32H533HEY6TR, STM32H533RET6, STM32H533VEI6, STM32H533VET6, STM32H533ZEJ6, STM32H533ZET6, STM32H562AGI6, STM32H562AII6, STM32H562IGK6, STM32H562IGT6, STM32H562IIK6, STM32H562IIT6, STM32H562RGT6, STM32H562RGV6, STM32H562RIT6, STM32H562RIV6, STM32H562VGT6, STM32H562VIT6, STM32H562ZGT6, STM32H562ZIT6, STM32H563AGI6, STM32H563AII3Q, STM32H563AII6, STM32H563IGK6, STM32H563IGT6, STM32H563IIK3Q, STM32H563IIK6, STM32H563IIT3Q, STM32H563IIT6, STM32H563MIY3QTR, STM32H563RGT6, STM32H563RGV6, STM32H563RIT6, STM32H563RIV6, STM32H563VGT6, STM32H563VIT3Q, STM32H563VIT6, STM32H563ZGT6, STM32H563ZIT3Q, STM32H563ZIT6, STM32H573AII3Q, STM32H573AII6, STM32H573I-DK, STM32H573IIK3Q, STM32H573IIK6, STM32H573IIT3Q, STM32H573IIT6, STM32H573MIY3QTR, STM32H573RIT6, STM32H573RIV6, STM32H573VIT3Q, STM32H573VIT6, STM32H573ZIT3Q, STM32H573ZIT6, STM32H7R3A8I6, STM32H7R3I8K6, STM32H7R3I8T6, STM32H7R3L8H6, STM32H7R3L8H6H, STM32H7R3R8V6, STM32H7R3V8H6, STM32H7R3V8T6, STM32H7R3V8Y6TR, STM32H7R3Z8J6, STM32H7R3Z8T6, STM32H7R7A8I6, STM32H7R7I8K6, STM32H7R7I8T6, STM32H7R7L8H6, STM32H7R7L8H6H, STM32H7R7Z8J6, STM32H7S3A8I6, STM32H7S3I8K6, STM32H7S3I8T6, STM32H7S3L8H6, STM32H7S3L8H6H, STM32H7S3R8V6, STM32H7S3V8H6, STM32H7S3V8T6, STM32H7S3V8Y6TR, STM32H7S3Z8J6, STM32H7S3Z8T6, STM32H7S78-DK, STM32H7S7A8I6, STM32H7S7I8K6, STM32H7S7I8T6, STM32H7S7L8H6, STM32H7S7L8H6H, STM32H7S7Z8J6, STM32L4R5QGI6STR, STM32MP131AAE3, STM32MP131AAF3, STM32MP131AAG3, STM32MP131CAE3, STM32MP131CAF3, STM32MP131CAG3, STM32MP131DAE7, STM32MP131DAF7, STM32MP131DAG7, STM32MP131FAE7, STM32MP131FAF7, STM32MP131FAG7, STM32MP133AAE3, STM32MP133AAF3, STM32MP133AAG3, STM32MP133CAE3, STM32MP133CAF3, STM32MP133CAG3, STM32MP133DAE7, STM32MP133DAF7, STM32MP133DAG7, STM32MP133FAE7, STM32MP133FAF7, STM32MP133FAG7, STM32MP135AAE3, STM32MP135AAF3, STM32MP135AAG3, STM32MP135CAE3, STM32MP135CAF3, STM32MP135CAG3, STM32MP135DAE7, STM32MP135DAF7, STM32MP135DAG7, STM32MP135F-DK, STM32MP135FAE7, STM32MP135FAF7, STM32MP135FAF7T, STM32MP135FAF7U, STM32MP135FAG7, STM32MP211AAL3, STM32MP211AAM3, STM32MP211AAN3, STM32MP211AAO3, STM32MP211CAL3, STM32MP211CAM3, STM32MP211CAN3, STM32MP211CAO3, STM32MP211DAL3, STM32MP211DAM3, STM32MP211DAN3, STM32MP211DAO3, STM32MP211FAL3, STM32MP211FAM3, STM32MP211FAN3, STM32MP211FAO3, STM32MP213AAL3, STM32MP213AAM3, STM32MP213AAN3, STM32MP213AAO3, STM32MP213CAL3, STM32MP213CAM3, STM32MP213CAN3, STM32MP213CAO3, STM32MP213DAL3, STM32MP213DAM3, STM32MP213DAN3, STM32MP213DAO3, STM32MP213FAL3, STM32MP213FAM3, STM32MP213FAN3, STM32MP213FAO3, STM32MP215AAL3, STM32MP215AAM3, STM32MP215AAN3, STM32MP215AAO3, STM32MP215CAL3, STM32MP215CAM3, STM32MP215CAN3, STM32MP215CAO3, STM32MP215DAL3, STM32MP215DAM3, STM32MP215DAN3, STM32MP215DAO3, STM32MP215F-DK, STM32MP215FAL3, STM32MP215FAM3, STM32MP215FAN3, STM32MP215FAO3, STM32MP231AAJ3, STM32MP231AAK3, STM32MP231AAL3, STM32MP231CAJ3, STM32MP231CAK3, STM32MP231CAL3, STM32MP231DAJ3, STM32MP231DAK3, STM32MP231DAL3, STM32MP231FAJ3, STM32MP231FAK3, STM32MP231FAL3, STM32MP233AAJ3, STM32MP233AAK3, STM32MP233AAL3, STM32MP233CAJ3, STM32MP233CAK3, STM32MP233CAL3, STM32MP233DAJ3, STM32MP233DAK3, STM32MP233DAL3, STM32MP233FAJ3, STM32MP233FAK3, STM32MP233FAL3, STM32MP235AAJ3, STM32MP235AAK3, STM32MP235AAL3, STM32MP235CAJ3, STM32MP235CAK3, STM32MP235CAL3, STM32MP235DAJ3, STM32MP235DAK3, STM32MP235DAL3, STM32MP235FAJ3, STM32MP235FAK3, STM32MP235FAL3, STM32MP251AAI3, STM32MP251AAK3, STM32MP251AAL3, STM32MP251CAI3, STM32MP251CAK3, STM32MP251CAL3, STM32MP251DAI3, STM32MP251DAK3, STM32MP251DAL3, STM32MP251FAI3, STM32MP251FAK3, STM32MP251FAL3, STM32MP253AAI3, STM32MP253AAK3, STM32MP253AAL3, STM32MP253CAI3, STM32MP253CAK3, STM32MP253CAL3, STM32MP253DAI3, STM32MP253DAK3, STM32MP253DAL3, STM32MP253FAI3, STM32MP253FAK3, STM32MP253FAL3, STM32MP255AAI3, STM32MP255AAK3, STM32MP255AAL3, STM32MP255CAI3, STM32MP255CAK3, STM32MP255CAL3, STM32MP255DAI3, STM32MP255DAK3, STM32MP255DAL3, STM32MP255FAI3, STM32MP255FAK3, STM32MP255FAL3, STM32MP257AAI3, STM32MP257AAK3, STM32MP257AAL3, STM32MP257CAI3, STM32MP257CAK3, STM32MP257CAL3, STM32MP257DAI3, STM32MP257DAK3, STM32MP257DAL3, STM32MP257F-DK, STM32MP257F-EV1, STM32MP257FAI3, STM32MP257FAK3, STM32MP257FAL3, STM32N645A0H3Q, STM32N645B0H3Q, STM32N645I0H3Q, STM32N645L0H3Q, STM32N645X0H3Q, STM32N645Z0H3Q, STM32N647A0H3Q, STM32N647B0H3Q, STM32N647I0H3Q, STM32N647L0H3Q, STM32N647X0H3Q, STM32N647Z0H3Q, STM32N655A0H3Q, STM32N655B0H3Q, STM32N655I0H3Q, STM32N655L0H3Q, STM32N655X0H3Q, STM32N655Z0H3Q, STM32N6570-DK, STM32N657A0H3Q, STM32N657B0H3Q, STM32N657I0H3Q, STM32N657L0H3Q, STM32N657X0H3Q, STM32N657Z0H3Q, STM32U031C6T6, STM32U031C6U6, STM32U031C8T6, STM32U031C8U6, STM32U031F4P6, STM32U031F6P6, STM32U031F8P6, STM32U031G6Y6TR, STM32U031G8Y6TR, STM32U031K4U6, STM32U031K6U6, STM32U031K8U6, STM32U031R6I6, STM32U031R6T6, STM32U031R8I6, STM32U031R8T6, STM32U073C8T6, STM32U073C8U6, STM32U073CBT6, STM32U073CBU6, STM32U073CCT6, STM32U073CCU6, STM32U073H8Y6TR, STM32U073HBY6TR, STM32U073HCY6TR, STM32U073K8U6, STM32U073KBU6, STM32U073KCU6, STM32U073M8I6, STM32U073M8T6, STM32U073MBI6, STM32U073MBT6, STM32U073MCI6, STM32U073MCT6, STM32U073R8I6, STM32U073R8T6, STM32U073RBI6, STM32U073RBT6, STM32U073RCI6, STM32U073RCT6, STM32U083C-DK, STM32U083CCT6, STM32U083CCU6, STM32U083HCY6TR, STM32U083KCU6, STM32U083MCI6, STM32U083MCT6, STM32U083RCI6, STM32U083RCT6, STM32U375CET6, STM32U375CET6Q, STM32U375CEU6, STM32U375CEU6Q, STM32U375CEY6QTR, STM32U375CGT6, STM32U375CGT6Q, STM32U375CGU6, STM32U375CGU6Q, STM32U375CGY6QTR, STM32U375KEU6, STM32U375KGU6, STM32U375REI6, STM32U375REI6Q, STM32U375RET6, STM32U375RET6Q, STM32U375REY6GTR, STM32U375REY6QTR, STM32U375RGI6, STM32U375RGI6Q, STM32U375RGT6, STM32U375RGT6Q, STM32U375RGY6GTR, STM32U375RGY6QTR, STM32U375VEI6, STM32U375VEI6Q, STM32U375VET6, STM32U375VET6Q, STM32U375VGI6, STM32U375VGI6Q, STM32U375VGT6, STM32U375VGT6Q, STM32U385CGT6, STM32U385CGT6Q, STM32U385CGU6, STM32U385CGU6Q, STM32U385CGY6QTR, STM32U385KGU6, STM32U385RGI6, STM32U385RGI6Q, STM32U385RGT6, STM32U385RGT6Q, STM32U385RGY6GTR, STM32U385RGY6QTR, STM32U385VGI6, STM32U385VGI6Q, STM32U385VGT6, STM32U385VGT6Q, STM32U535CBT6, STM32U535CBT6Q, STM32U535CBU6, STM32U535CBU6Q, STM32U535CCT6, STM32U535CCT6Q, STM32U535CCU6, STM32U535CCU6Q, STM32U535CET6, STM32U535CET6Q, STM32U535CEU6, STM32U535CEU6Q, STM32U535JEY6QTR, STM32U535NCY6QTR, STM32U535NEY6QTR, STM32U535RBI6, STM32U535RBI6Q, STM32U535RBT6, STM32U535RBT6Q, STM32U535RCI6, STM32U535RCI6Q, STM32U535RCT6, STM32U535RCT6Q, STM32U535REI6, STM32U535REI6Q, STM32U535RET6, STM32U535RET6Q, STM32U535VCI6, STM32U535VCI6Q, STM32U535VCT6, STM32U535VCT6Q, STM32U535VEI6, STM32U535VEI6Q, STM32U535VET6, STM32U535VET6Q, STM32U545CET6, STM32U545CET6Q, STM32U545CEU6, STM32U545CEU6Q, STM32U545JEY6QTR, STM32U545NEY6QTR, STM32U545REI6, STM32U545REI6Q, STM32U545RET6, STM32U545RET6Q, STM32U545VEI6, STM32U545VEI6Q, STM32U545VET6, STM32U545VET6Q, STM32U595AIH6, STM32U595AIH6Q, STM32U595AJH6, STM32U595AJH6Q, STM32U595QII6, STM32U595QII6Q, STM32U595QJI6, STM32U595QJI6Q, STM32U595RIT6, STM32U595RIT6Q, STM32U595RJT6, STM32U595RJT6Q, STM32U595VIT6, STM32U595VIT6Q, STM32U595VJT6, STM32U595VJT6Q, STM32U595ZIT6, STM32U595ZIT6Q, STM32U595ZIY6QTR, STM32U595ZJT6, STM32U595ZJT6Q, STM32U595ZJY6QTR, STM32U599BJY6QTR, STM32U599NIH6Q, STM32U599NJH6Q, STM32U599VIT6Q, STM32U599VJT6, STM32U599VJT6Q, STM32U599ZIT6Q, STM32U599ZIY6QTR, STM32U599ZJT6Q, STM32U599ZJY6QTR, STM32U5A5AJH6, STM32U5A5AJH6Q, STM32U5A5QII3Q , STM32U5A5QJI6, STM32U5A5QJI6Q, STM32U5A5RJT6, STM32U5A5RJT6Q, STM32U5A5VJT6, STM32U5A5VJT6Q, STM32U5A5ZJT6, STM32U5A5ZJT6Q, STM32U5A5ZJY6QTR, STM32U5A9BJY6QTR, STM32U5A9J-DK, STM32U5A9NJH6Q, STM32U5A9VJT6Q, STM32U5A9ZJT6Q, STM32U5A9ZJY6QTR, STM32U5F7VIT6, STM32U5F7VIT6Q, STM32U5F7VJT6, STM32U5F7VJT6Q, STM32U5F9BJY6QTR, STM32U5F9NJH6Q, STM32U5F9VIT6Q, STM32U5F9VJT6Q, STM32U5F9ZIJ6QTR, STM32U5F9ZIT6Q, STM32U5F9ZJJ6QTR, STM32U5F9ZJT6Q, STM32U5G7VJT6, STM32U5G7VJT6Q, STM32U5G9BJY6QTR, STM32U5G9J-DK1, STM32U5G9J-DK2, STM32U5G9NJH6Q, STM32U5G9VJT6Q, STM32U5G9ZJJ6QTR, STM32U5G9ZJT6Q, STM32WB05KZV6TR, STM32WB05KZV7TR, STM32WB05TZF6TR, STM32WB05TZF7TR, STM32WB06CCF6TR, STM32WB06CCF7TR, STM32WB06CCV6TR, STM32WB06CCV7TR, STM32WB06KCV6TR, STM32WB06KCV7TR, STM32WB07CCF6TR, STM32WB07CCF7TR, STM32WB07CCV6TR, STM32WB07CCV7TR, STM32WB07KCV6TR, STM32WB07KCV7TR, STM32WB09KEV6TR, STM32WB09KEV7TR, STM32WB09TEF6TR, STM32WB09TEF7TR, STM32WB1MMCH6, STM32WBA50KGU6, STM32WBA50KGU6TR, STM32WBA52CEU6, STM32WBA52CEU6TR, STM32WBA52CEU7, STM32WBA52CEU7TR, STM32WBA52CGU6, STM32WBA52CGU6TR, STM32WBA52CGU6U, STM32WBA52CGU7, STM32WBA52CGU7TR, STM32WBA52KEU6, STM32WBA52KEU6TR, STM32WBA52KGU6, STM32WBA52KGU6TR, STM32WBA54CEU6, STM32WBA54CEU6TR, STM32WBA54CEU7, STM32WBA54CEU7TR, STM32WBA54CGU6, STM32WBA54CGU6TR, STM32WBA54CGU7, STM32WBA54CGU7TR, STM32WBA54KEU6, STM32WBA54KEU6TR, STM32WBA54KEU7, STM32WBA54KEU7TR, STM32WBA54KGU6, STM32WBA54KGU6TR, STM32WBA54KGU7, STM32WBA54KGU7TR, STM32WBA55CEU6, STM32WBA55CEU6TR, STM32WBA55CEU7, STM32WBA55CEU7TR, STM32WBA55CGU6, STM32WBA55CGU6TR, STM32WBA55CGU6U, STM32WBA55CGU7, STM32WBA55CGU7TR, STM32WBA55G-DK1, STM32WBA55HEF6, STM32WBA55HEF7, STM32WBA55HGF6, STM32WBA55HGF7, STM32WBA55UEI6, STM32WBA55UEI6TR, STM32WBA55UEI7, STM32WBA55UEI7TR, STM32WBA55UGI6, STM32WBA55UGI6TR, STM32WBA55UGI7, STM32WBA55UGI7TR, STM32WBA5MMGH6TR, STM32WBA62MGF6, STM32WBA62MIF6, STM32WBA65MGF7, STM32WBA65MIF6, STM32WBA65MIF7, STM32WL30K8V6, STM32WL30KBV6, STM32WL31C8V6, STM32WL31CBV6, STM32WL31K8V6, STM32WL31KBV6, STM32WL33C8V6, STM32WL33C8V6X, STM32WL33CBV6, STM32WL33CBV6X, STM32WL33CCV6, STM32WL33CCV6A, STM32WL33CCV6X, STM32WL33K8V7, STM32WL33K8V7X, STM32WL33KBV7 , STM32WL33KBV7X, STM32WL33KCV7, STM32WL33KCV7X, STM32WL5MOCH6, STM32WL5MOCH6TR]
2026-02-02 14:35:32,803 [INFO] ApiDb:668 - CubeFinder database Data Model version=2.1
2026-02-02 14:35:32,803 [INFO] ApiDb:669 - CubeFinder database Configuration version=3.0.39
2026-02-02 14:35:32,803 [INFO] ApiDb:670 - CubeFinder database generation date=2025-12-22 (1766407740)
2026-02-02 14:35:32,803 [INFO] ApiDb:671 - CubeFinder database FW Pack versions=[FP-ATR-ASTRA1_V2.0.0, FP-SNS-FLIGHT1_V5.1.0, FP-SNS-MOTENV1_V5.1.0, FP-SNS-MOTENVWB1_V1.4.0, FP-SNS-SMARTAG2_V1.2.0, FP-SNS-STBOX1_V2.1.0, STM32Cube_FW_C0_V1.4.0, STM32Cube_FW_F4_V1.28.3, STM32Cube_FW_F7_V1.17.4, STM32Cube_FW_G0_V1.6.2, STM32Cube_FW_G4_V1.6.1, STM32Cube_FW_H5_V1.5.1, STM32Cube_FW_H7RS_V1.3.0, STM32Cube_FW_H7_V1.12.1, STM32Cube_FW_L0_V1.12.2, STM32Cube_FW_L4_V1.18.1, STM32Cube_FW_L5_V1.6.0, STM32Cube_FW_N6_V1.3.0, STM32Cube_FW_U0_V1.3.0, STM32Cube_FW_U3_V1.2.1, STM32Cube_FW_U5_V1.8.0, STM32Cube_FW_WB0_V1.4.0, STM32Cube_FW_WBA_V1.8.0, STM32Cube_FW_WB_V1.24.0, STM32Cube_FW_WL3_V1.3.0, STM32Cube_FW_WL_V1.4.0, X-CUBE-ALGOBUILD_V1.4.0, X-CUBE-ALS_V1.0.2, X-CUBE-AZRTOS-F4_V1.1.0, X-CUBE-AZRTOS-F7_V1.1.0, X-CUBE-AZRTOS-G0_V1.1.0, X-CUBE-AZRTOS-G4_V2.0.0, X-CUBE-AZRTOS-H7RS_V1.1.0, X-CUBE-AZRTOS-H7_V3.4.0, X-CUBE-AZRTOS-L4_V2.0.0, X-CUBE-AZRTOS-L5_V2.0.0, X-CUBE-AZRTOS-WB_V2.0.0, X-CUBE-AZRTOS-WL_V2.0.0, X-CUBE-BLE1_V7.1.0, X-CUBE-BLE2_V3.3.0, X-CUBE-BLEMGR_V4.1.0, X-CUBE-EEPRMA1_V5.2.0, X-CUBE-FREERTOS_V1.3.1, X-CUBE-GNSS1_V6.0.0, X-CUBE-MEMS1_V12.0.0, X-CUBE-NFC4_V3.0.0, X-CUBE-NFC7_V2.0.0, X-CUBE-SFXS2LP1_V4.0.0, X-CUBE-ST67W61_V1.1.0, X-CUBE-SUBG2_V5.0.0, X-CUBE-TOF1_V3.4.3]
2026-02-02 14:35:35,164 [INFO] ApiDb:240 - Found 880 in-development CPN: [B-G473E-ZEST1S, B-WB1M-WPAN1, B-WBA5M-WPAN, B-WL5M-SUBG1, NUCLEO-C031C6, NUCLEO-C051C8, NUCLEO-C071RB, NUCLEO-C092RC, NUCLEO-H503RB, NUCLEO-H533RE, NUCLEO-H563ZI, NUCLEO-H7S3L8, NUCLEO-N657X0-Q, NUCLEO-U031R8, NUCLEO-U083RC, NUCLEO-U385RG-Q, NUCLEO-U545RE-Q, NUCLEO-U5A5ZJ-Q, NUCLEO-WB05KZ, NUCLEO-WB07CC, NUCLEO-WB09KE, NUCLEO-WBA52CG, NUCLEO-WBA55CG, NUCLEO-WL33CC1, NUCLEO-WL33CC2, STEVAL-PROTEUS1, STEVAL-SMARTAG2, STEVAL-STWINBX1, STM320518-EVAL, STM32C0116-DK, STM32C011D6Y3TR, STM32C011D6Y6TR, STM32C011F4P3, STM32C011F4P6, STM32C011F4U3, STM32C011F4U6TR, STM32C011F6P3, STM32C011F6P6, STM32C011F6U3, STM32C011F6U6TR, STM32C011J4M3, STM32C011J4M6, STM32C011J6M3, STM32C011J6M6, STM32C0316-DK, STM32C031C4T3, STM32C031C4T6, STM32C031C4U3, STM32C031C4U6, STM32C031C6T3, STM32C031C6T6, STM32C031C6U3, STM32C031C6U6, STM32C031F4P3, STM32C031F4P6, STM32C031F6P3, STM32C031F6P6, STM32C031G4U3, STM32C031G4U6, STM32C031G6U3, STM32C031G6U6, STM32C031K4T3, STM32C031K4T6, STM32C031K4U3, STM32C031K4U6, STM32C031K6T3, STM32C031K6T6, STM32C031K6U3, STM32C031K6U6, STM32C051C6T6, STM32C051C6U6, STM32C051C8T6, STM32C051C8U6, STM32C051D8Y6TR, STM32C051F6P6, STM32C051F8P6, STM32C051G6U6, STM32C051G8U6, STM32C051K6T6, STM32C051K6U6, STM32C051K8T6, STM32C071C8T6, STM32C071C8T6N, STM32C071C8U6, STM32C071C8U6N, STM32C071CBT6, STM32C071CBT6N, STM32C071CBU6, STM32C071CBU6N, STM32C071F8P6, STM32C071F8P6N, STM32C071FBP6, STM32C071FBP6N, STM32C071FBY6TR, STM32C071G8U6, STM32C071G8U6N, STM32C071GBU6, STM32C071GBU6N, STM32C071K8T6, STM32C071K8T6N, STM32C071K8U6, STM32C071K8U6N, STM32C071KBT6, STM32C071KBT6N, STM32C071KBU6, STM32C071KBU6N, STM32C071R8T6, STM32C071R8T6N, STM32C071RBI6N, STM32C071RBT6, STM32C071RBT6N, STM32C091CBT6, STM32C091CBU6, STM32C091CCT6, STM32C091CCU6, STM32C091ECY6TR, STM32C091FBP6, STM32C091FCP6, STM32C091GBU6, STM32C091GCU6, STM32C091KBT6, STM32C091KBU6, STM32C091KCT6, STM32C091KCU6, STM32C091RBT6, STM32C091RCI6, STM32C091RCT6, STM32C092CBT6, STM32C092CBU6, STM32C092CCT6, STM32C092CCU6, STM32C092ECY6TR, STM32C092FBP6, STM32C092FCP6, STM32C092GBU6, STM32C092GCU6, STM32C092KBT6, STM32C092KBU6, STM32C092KCT6, STM32C092KCU6, STM32C092RBT6, STM32C092RCI6, STM32C092RCT6, STM32G071K8TXN, STM32G071K8UXN, STM32G081GBU6N, STM32G081KBT6N, STM32G081KBUXN, STM32G0B1CCT6N, STM32G0B1KCT6, STM32G0B1NEY6TR, STM32G0B1RCT6N, STM32G0C1CCT6, STM32G0C1CCT6N, STM32G0C1CCU6N, STM32G0C1CET6N, STM32G0C1CEU6N, STM32G0C1KCT6, STM32G0C1NEY6TR, STM32G0C1RCI6N, STM32G0C1RCT6N, STM32G0C1REI6N, STM32G0C1RET6N, STM32G0C1VCI6, STM32G0C1VEI6, STM32G411C6T3, STM32G411C6T6, STM32G411C6U3, STM32G411C6U6, STM32G411C8T3, STM32G411C8T6, STM32G411C8U3, STM32G411C8U6, STM32G411CBT3, STM32G411CBT6, STM32G411CBU3, STM32G411CBU6, STM32G411K6T3, STM32G411K6T6, STM32G411K6U3, STM32G411K6U6, STM32G411K8T3, STM32G411K8T6, STM32G411K8U3, STM32G411K8U6, STM32G411KBT3, STM32G411KBT6, STM32G411KBU3, STM32G411KBU6, STM32G411M6T3, STM32G411M6T6, STM32G411M8T3, STM32G411M8T6, STM32G411MBT3, STM32G411MBT6, STM32G411R6T3, STM32G411R6T6, STM32G411R8T3, STM32G411R8T6, STM32G411RBT3, STM32G411RBT6, STM32G414CBT3, STM32G414CBT6, STM32G414CBU3, STM32G414CBU6, STM32G414CCT3, STM32G414CCT6, STM32G414CCU3, STM32G414CCU6, STM32G414MBT3, STM32G414MBT6, STM32G414MCT3, STM32G414MCT6, STM32G414RBT3, STM32G414RBT6, STM32G414RCT3, STM32G414RCT6, STM32G414VBT3, STM32G414VBT6, STM32G414VCT3, STM32G414VCT6, STM32G431CBT3Z, STM32G431RBT3Z, STM32G471CCT6, STM32G471CCU6, STM32G471CET3, STM32G471CET6, STM32G471CEU3, STM32G471CEU6, STM32G471MCT6, STM32G471MET3, STM32G471MET6, STM32G471MEY6TR, STM32G471QCT6, STM32G471QET3, STM32G471RCT6, STM32G471RET3, STM32G471RET6, STM32G471VCH6, STM32G471VCI6, STM32G471VCT6, STM32G471VEH3, STM32G471VEH6, STM32G471VEI3, STM32G471VEI6, STM32G471VET3, STM32G471VET6, STM32G473QET3Z, STM32G473RET3Z, STM32G474CCT6, STM32G491RET3Z, STM32H503CBT6, STM32H503CBU6, STM32H503EBY6TR, STM32H503KBU6, STM32H503RBT6, STM32H523CCT6, STM32H523CCU6, STM32H523CET6, STM32H523CEU6, STM32H523HEY6TR, STM32H523RCT6, STM32H523RET6, STM32H523VCI6, STM32H523VCT6, STM32H523VEI6, STM32H523VET6, STM32H523ZCJ6, STM32H523ZCT6, STM32H523ZEJ6, STM32H523ZET6, STM32H533CET6, STM32H533CEU6, STM32H533HEY6TR, STM32H533RET6, STM32H533VEI6, STM32H533VET6, STM32H533ZEJ6, STM32H533ZET6, STM32H562AGI6, STM32H562AII6, STM32H562IGK6, STM32H562IGT6, STM32H562IIK6, STM32H562IIT6, STM32H562RGT6, STM32H562RGV6, STM32H562RIT6, STM32H562RIV6, STM32H562VGT6, STM32H562VIT6, STM32H562ZGT6, STM32H562ZIT6, STM32H563AGI6, STM32H563AII3Q, STM32H563AII6, STM32H563IGK6, STM32H563IGT6, STM32H563IIK3Q, STM32H563IIK6, STM32H563IIT3Q, STM32H563IIT6, STM32H563MIY3QTR, STM32H563RGT6, STM32H563RGV6, STM32H563RIT6, STM32H563RIV6, STM32H563VGT6, STM32H563VIT3Q, STM32H563VIT6, STM32H563ZGT6, STM32H563ZIT3Q, STM32H563ZIT6, STM32H573AII3Q, STM32H573AII6, STM32H573I-DK, STM32H573IIK3Q, STM32H573IIK6, STM32H573IIT3Q, STM32H573IIT6, STM32H573MIY3QTR, STM32H573RIT6, STM32H573RIV6, STM32H573VIT3Q, STM32H573VIT6, STM32H573ZIT3Q, STM32H573ZIT6, STM32H7R3A8I6, STM32H7R3I8K6, STM32H7R3I8T6, STM32H7R3L8H6, STM32H7R3L8H6H, STM32H7R3R8V6, STM32H7R3V8H6, STM32H7R3V8T6, STM32H7R3V8Y6TR, STM32H7R3Z8J6, STM32H7R3Z8T6, STM32H7R7A8I6, STM32H7R7I8K6, STM32H7R7I8T6, STM32H7R7L8H6, STM32H7R7L8H6H, STM32H7R7Z8J6, STM32H7S3A8I6, STM32H7S3I8K6, STM32H7S3I8T6, STM32H7S3L8H6, STM32H7S3L8H6H, STM32H7S3R8V6, STM32H7S3V8H6, STM32H7S3V8T6, STM32H7S3V8Y6TR, STM32H7S3Z8J6, STM32H7S3Z8T6, STM32H7S78-DK, STM32H7S7A8I6, STM32H7S7I8K6, STM32H7S7I8T6, STM32H7S7L8H6, STM32H7S7L8H6H, STM32H7S7Z8J6, STM32L4R5QGI6STR, STM32MP131AAE3, STM32MP131AAF3, STM32MP131AAG3, STM32MP131CAE3, STM32MP131CAF3, STM32MP131CAG3, STM32MP131DAE7, STM32MP131DAF7, STM32MP131DAG7, STM32MP131FAE7, STM32MP131FAF7, STM32MP131FAG7, STM32MP133AAE3, STM32MP133AAF3, STM32MP133AAG3, STM32MP133CAE3, STM32MP133CAF3, STM32MP133CAG3, STM32MP133DAE7, STM32MP133DAF7, STM32MP133DAG7, STM32MP133FAE7, STM32MP133FAF7, STM32MP133FAG7, STM32MP135AAE3, STM32MP135AAF3, STM32MP135AAG3, STM32MP135CAE3, STM32MP135CAF3, STM32MP135CAG3, STM32MP135DAE7, STM32MP135DAF7, STM32MP135DAG7, STM32MP135F-DK, STM32MP135FAE7, STM32MP135FAF7, STM32MP135FAF7T, STM32MP135FAF7U, STM32MP135FAG7, STM32MP211AAL3, STM32MP211AAM3, STM32MP211AAN3, STM32MP211AAO3, STM32MP211CAL3, STM32MP211CAM3, STM32MP211CAN3, STM32MP211CAO3, STM32MP211DAL3, STM32MP211DAM3, STM32MP211DAN3, STM32MP211DAO3, STM32MP211FAL3, STM32MP211FAM3, STM32MP211FAN3, STM32MP211FAO3, STM32MP213AAL3, STM32MP213AAM3, STM32MP213AAN3, STM32MP213AAO3, STM32MP213CAL3, STM32MP213CAM3, STM32MP213CAN3, STM32MP213CAO3, STM32MP213DAL3, STM32MP213DAM3, STM32MP213DAN3, STM32MP213DAO3, STM32MP213FAL3, STM32MP213FAM3, STM32MP213FAN3, STM32MP213FAO3, STM32MP215AAL3, STM32MP215AAM3, STM32MP215AAN3, STM32MP215AAO3, STM32MP215CAL3, STM32MP215CAM3, STM32MP215CAN3, STM32MP215CAO3, STM32MP215DAL3, STM32MP215DAM3, STM32MP215DAN3, STM32MP215DAO3, STM32MP215F-DK, STM32MP215FAL3, STM32MP215FAM3, STM32MP215FAN3, STM32MP215FAO3, STM32MP231AAJ3, STM32MP231AAK3, STM32MP231AAL3, STM32MP231CAJ3, STM32MP231CAK3, STM32MP231CAL3, STM32MP231DAJ3, STM32MP231DAK3, STM32MP231DAL3, STM32MP231FAJ3, STM32MP231FAK3, STM32MP231FAL3, STM32MP233AAJ3, STM32MP233AAK3, STM32MP233AAL3, STM32MP233CAJ3, STM32MP233CAK3, STM32MP233CAL3, STM32MP233DAJ3, STM32MP233DAK3, STM32MP233DAL3, STM32MP233FAJ3, STM32MP233FAK3, STM32MP233FAL3, STM32MP235AAJ3, STM32MP235AAK3, STM32MP235AAL3, STM32MP235CAJ3, STM32MP235CAK3, STM32MP235CAL3, STM32MP235DAJ3, STM32MP235DAK3, STM32MP235DAL3, STM32MP235FAJ3, STM32MP235FAK3, STM32MP235FAL3, STM32MP251AAI3, STM32MP251AAK3, STM32MP251AAL3, STM32MP251CAI3, STM32MP251CAK3, STM32MP251CAL3, STM32MP251DAI3, STM32MP251DAK3, STM32MP251DAL3, STM32MP251FAI3, STM32MP251FAK3, STM32MP251FAL3, STM32MP253AAI3, STM32MP253AAK3, STM32MP253AAL3, STM32MP253CAI3, STM32MP253CAK3, STM32MP253CAL3, STM32MP253DAI3, STM32MP253DAK3, STM32MP253DAL3, STM32MP253FAI3, STM32MP253FAK3, STM32MP253FAL3, STM32MP255AAI3, STM32MP255AAK3, STM32MP255AAL3, STM32MP255CAI3, STM32MP255CAK3, STM32MP255CAL3, STM32MP255DAI3, STM32MP255DAK3, STM32MP255DAL3, STM32MP255FAI3, STM32MP255FAK3, STM32MP255FAL3, STM32MP257AAI3, STM32MP257AAK3, STM32MP257AAL3, STM32MP257CAI3, STM32MP257CAK3, STM32MP257CAL3, STM32MP257DAI3, STM32MP257DAK3, STM32MP257DAL3, STM32MP257F-DK, STM32MP257F-EV1, STM32MP257FAI3, STM32MP257FAK3, STM32MP257FAL3, STM32N645A0H3Q, STM32N645B0H3Q, STM32N645I0H3Q, STM32N645L0H3Q, STM32N645X0H3Q, STM32N645Z0H3Q, STM32N647A0H3Q, STM32N647B0H3Q, STM32N647I0H3Q, STM32N647L0H3Q, STM32N647X0H3Q, STM32N647Z0H3Q, STM32N655A0H3Q, STM32N655B0H3Q, STM32N655I0H3Q, STM32N655L0H3Q, STM32N655X0H3Q, STM32N655Z0H3Q, STM32N6570-DK, STM32N657A0H3Q, STM32N657B0H3Q, STM32N657I0H3Q, STM32N657L0H3Q, STM32N657X0H3Q, STM32N657Z0H3Q, STM32U031C6T6, STM32U031C6U6, STM32U031C8T6, STM32U031C8U6, STM32U031F4P6, STM32U031F6P6, STM32U031F8P6, STM32U031G6Y6TR, STM32U031G8Y6TR, STM32U031K4U6, STM32U031K6U6, STM32U031K8U6, STM32U031R6I6, STM32U031R6T6, STM32U031R8I6, STM32U031R8T6, STM32U073C8T6, STM32U073C8U6, STM32U073CBT6, STM32U073CBU6, STM32U073CCT6, STM32U073CCU6, STM32U073H8Y6TR, STM32U073HBY6TR, STM32U073HCY6TR, STM32U073K8U6, STM32U073KBU6, STM32U073KCU6, STM32U073M8I6, STM32U073M8T6, STM32U073MBI6, STM32U073MBT6, STM32U073MCI6, STM32U073MCT6, STM32U073R8I6, STM32U073R8T6, STM32U073RBI6, STM32U073RBT6, STM32U073RCI6, STM32U073RCT6, STM32U083C-DK, STM32U083CCT6, STM32U083CCU6, STM32U083HCY6TR, STM32U083KCU6, STM32U083MCI6, STM32U083MCT6, STM32U083RCI6, STM32U083RCT6, STM32U375CET6, STM32U375CET6Q, STM32U375CEU6, STM32U375CEU6Q, STM32U375CEY6QTR, STM32U375CGT6, STM32U375CGT6Q, STM32U375CGU6, STM32U375CGU6Q, STM32U375CGY6QTR, STM32U375KEU6, STM32U375KGU6, STM32U375REI6, STM32U375REI6Q, STM32U375RET6, STM32U375RET6Q, STM32U375REY6GTR, STM32U375REY6QTR, STM32U375RGI6, STM32U375RGI6Q, STM32U375RGT6, STM32U375RGT6Q, STM32U375RGY6GTR, STM32U375RGY6QTR, STM32U375VEI6, STM32U375VEI6Q, STM32U375VET6, STM32U375VET6Q, STM32U375VGI6, STM32U375VGI6Q, STM32U375VGT6, STM32U375VGT6Q, STM32U385CGT6, STM32U385CGT6Q, STM32U385CGU6, STM32U385CGU6Q, STM32U385CGY6QTR, STM32U385KGU6, STM32U385RGI6, STM32U385RGI6Q, STM32U385RGT6, STM32U385RGT6Q, STM32U385RGY6GTR, STM32U385RGY6QTR, STM32U385VGI6, STM32U385VGI6Q, STM32U385VGT6, STM32U385VGT6Q, STM32U535CBT6, STM32U535CBT6Q, STM32U535CBU6, STM32U535CBU6Q, STM32U535CCT6, STM32U535CCT6Q, STM32U535CCU6, STM32U535CCU6Q, STM32U535CET6, STM32U535CET6Q, STM32U535CEU6, STM32U535CEU6Q, STM32U535JEY6QTR, STM32U535NCY6QTR, STM32U535NEY6QTR, STM32U535RBI6, STM32U535RBI6Q, STM32U535RBT6, STM32U535RBT6Q, STM32U535RCI6, STM32U535RCI6Q, STM32U535RCT6, STM32U535RCT6Q, STM32U535REI6, STM32U535REI6Q, STM32U535RET6, STM32U535RET6Q, STM32U535VCI6, STM32U535VCI6Q, STM32U535VCT6, STM32U535VCT6Q, STM32U535VEI6, STM32U535VEI6Q, STM32U535VET6, STM32U535VET6Q, STM32U545CET6, STM32U545CET6Q, STM32U545CEU6, STM32U545CEU6Q, STM32U545JEY6QTR, STM32U545NEY6QTR, STM32U545REI6, STM32U545REI6Q, STM32U545RET6, STM32U545RET6Q, STM32U545VEI6, STM32U545VEI6Q, STM32U545VET6, STM32U545VET6Q, STM32U595AIH6, STM32U595AIH6Q, STM32U595AJH6, STM32U595AJH6Q, STM32U595QII6, STM32U595QII6Q, STM32U595QJI6, STM32U595QJI6Q, STM32U595RIT6, STM32U595RIT6Q, STM32U595RJT6, STM32U595RJT6Q, STM32U595VIT6, STM32U595VIT6Q, STM32U595VJT6, STM32U595VJT6Q, STM32U595ZIT6, STM32U595ZIT6Q, STM32U595ZIY6QTR, STM32U595ZJT6, STM32U595ZJT6Q, STM32U595ZJY6QTR, STM32U599BJY6QTR, STM32U599NIH6Q, STM32U599NJH6Q, STM32U599VIT6Q, STM32U599VJT6, STM32U599VJT6Q, STM32U599ZIT6Q, STM32U599ZIY6QTR, STM32U599ZJT6Q, STM32U599ZJY6QTR, STM32U5A5AJH6, STM32U5A5AJH6Q, STM32U5A5QII3Q , STM32U5A5QJI6, STM32U5A5QJI6Q, STM32U5A5RJT6, STM32U5A5RJT6Q, STM32U5A5VJT6, STM32U5A5VJT6Q, STM32U5A5ZJT6, STM32U5A5ZJT6Q, STM32U5A5ZJY6QTR, STM32U5A9BJY6QTR, STM32U5A9J-DK, STM32U5A9NJH6Q, STM32U5A9VJT6Q, STM32U5A9ZJT6Q, STM32U5A9ZJY6QTR, STM32U5F7VIT6, STM32U5F7VIT6Q, STM32U5F7VJT6, STM32U5F7VJT6Q, STM32U5F9BJY6QTR, STM32U5F9NJH6Q, STM32U5F9VIT6Q, STM32U5F9VJT6Q, STM32U5F9ZIJ6QTR, STM32U5F9ZIT6Q, STM32U5F9ZJJ6QTR, STM32U5F9ZJT6Q, STM32U5G7VJT6, STM32U5G7VJT6Q, STM32U5G9BJY6QTR, STM32U5G9J-DK1, STM32U5G9J-DK2, STM32U5G9NJH6Q, STM32U5G9VJT6Q, STM32U5G9ZJJ6QTR, STM32U5G9ZJT6Q, STM32WB05KZV6TR, STM32WB05KZV7TR, STM32WB05TZF6TR, STM32WB05TZF7TR, STM32WB06CCF6TR, STM32WB06CCF7TR, STM32WB06CCV6TR, STM32WB06CCV7TR, STM32WB06KCV6TR, STM32WB06KCV7TR, STM32WB07CCF6TR, STM32WB07CCF7TR, STM32WB07CCV6TR, STM32WB07CCV7TR, STM32WB07KCV6TR, STM32WB07KCV7TR, STM32WB09KEV6TR, STM32WB09KEV7TR, STM32WB09TEF6TR, STM32WB09TEF7TR, STM32WB1MMCH6, STM32WBA50KGU6, STM32WBA50KGU6TR, STM32WBA52CEU6, STM32WBA52CEU6TR, STM32WBA52CEU7, STM32WBA52CEU7TR, STM32WBA52CGU6, STM32WBA52CGU6TR, STM32WBA52CGU6U, STM32WBA52CGU7, STM32WBA52CGU7TR, STM32WBA52KEU6, STM32WBA52KEU6TR, STM32WBA52KGU6, STM32WBA52KGU6TR, STM32WBA54CEU6, STM32WBA54CEU6TR, STM32WBA54CEU7, STM32WBA54CEU7TR, STM32WBA54CGU6, STM32WBA54CGU6TR, STM32WBA54CGU7, STM32WBA54CGU7TR, STM32WBA54KEU6, STM32WBA54KEU6TR, STM32WBA54KEU7, STM32WBA54KEU7TR, STM32WBA54KGU6, STM32WBA54KGU6TR, STM32WBA54KGU7, STM32WBA54KGU7TR, STM32WBA55CEU6, STM32WBA55CEU6TR, STM32WBA55CEU7, STM32WBA55CEU7TR, STM32WBA55CGU6, STM32WBA55CGU6TR, STM32WBA55CGU6U, STM32WBA55CGU7, STM32WBA55CGU7TR, STM32WBA55G-DK1, STM32WBA55HEF6, STM32WBA55HEF7, STM32WBA55HGF6, STM32WBA55HGF7, STM32WBA55UEI6, STM32WBA55UEI6TR, STM32WBA55UEI7, STM32WBA55UEI7TR, STM32WBA55UGI6, STM32WBA55UGI6TR, STM32WBA55UGI7, STM32WBA55UGI7TR, STM32WBA5MMGH6TR, STM32WBA62MGF6, STM32WBA62MIF6, STM32WBA65MGF7, STM32WBA65MIF6, STM32WBA65MIF7, STM32WL30K8V6, STM32WL30KBV6, STM32WL31C8V6, STM32WL31CBV6, STM32WL31K8V6, STM32WL31KBV6, STM32WL33C8V6, STM32WL33C8V6X, STM32WL33CBV6, STM32WL33CBV6X, STM32WL33CCV6, STM32WL33CCV6A, STM32WL33CCV6X, STM32WL33K8V7, STM32WL33K8V7X, STM32WL33KBV7 , STM32WL33KBV7X, STM32WL33KCV7, STM32WL33KCV7X, STM32WL5MOCH6, STM32WL5MOCH6TR]
2026-02-02 14:35:35,170 [INFO] DbMcus:218 - Found 4876 MCUs, 4876 are supported
2026-02-02 14:35:35,170 [INFO] ApiDb:423 - Load user favorites file /home/krushna/.stm32cubeide/favorites.mcus.txt: 0 item(s)
2026-02-02 14:35:35,171 [INFO] ApiDb:427 - User favorites MCUs=[]
2026-02-02 14:35:35,171 [INFO] DbMcus:224 - Set 0 / 0 favorites MCUs
2026-02-02 14:35:35,706 [INFO] BoardInfo:889 - No configuration file found for board P-NUCLEO-WB55
2026-02-02 14:35:35,706 [INFO] DbBoards:161 - Kit is not supported: P-NUCLEO-WB55
2026-02-02 14:35:35,710 [INFO] BoardInfo:889 - No configuration file found for board STEVAL-BFA001V1B
2026-02-02 14:35:35,710 [INFO] DbBoards:161 - Kit is not supported: STEVAL-BFA001V1B
2026-02-02 14:35:35,711 [INFO] BoardInfo:889 - No configuration file found for board STEVAL-BFA001V2B
2026-02-02 14:35:35,711 [INFO] DbBoards:161 - Kit is not supported: STEVAL-BFA001V2B
2026-02-02 14:35:35,798 [INFO] DbBoards:168 - Found 212 boards, 209 are supported
2026-02-02 14:35:35,798 [INFO] DbBoards:169 - Found 212 boards, 43 of them is supported for  Bsp
2026-02-02 14:35:35,809 [INFO] ApiDb:423 - Load user favorites file /home/krushna/.stm32cubeide/favorites.boards.txt: 2 item(s)
2026-02-02 14:35:35,809 [INFO] ApiDb:427 - User favorites Boards=[NUCLEO-F446RE, STM32F407G-DISC1]
2026-02-02 14:35:35,810 [INFO] DbBoards:198 - Set 2 / 2 favorites Boards
2026-02-02 14:35:35,859 [INFO] UtilMem:75 - End LoadConfig() Used Memory: 755792264 Bytes (1073741824)
2026-02-02 14:35:35,995 [WARN] ThirdParty:833 - waiting for thirdparty lock release [change project]
2026-02-02 14:35:35,995 [INFO] ThirdParty:835 - entering critical section [change project]
2026-02-02 14:35:35,996 [INFO] ThirdParty:1030 - CMSIS Pack Vendor :STMicroelectronics X-CUBE-PM33A1 1.0.0
2026-02-02 14:35:35,996 [INFO] ThirdParty:1030 - CMSIS Pack Vendor :STMicroelectronics USBPD 4.1
2026-02-02 14:35:35,996 [INFO] ThirdParty:1030 - CMSIS Pack Vendor :STMicroelectronics X-CUBE-NFC9 1.0.0
2026-02-02 14:35:35,996 [INFO] ThirdParty:1030 - CMSIS Pack Vendor :STMicroelectronics USB_HOST 2.0.0
2026-02-02 14:35:35,996 [INFO] ThirdParty:1030 - CMSIS Pack Vendor :STMicroelectronics FP-SNS-MOTENVWB1 1.4.0
2026-02-02 14:35:35,996 [INFO] ThirdParty:1030 - CMSIS Pack Vendor :STMicroelectronics X-CUBE-AZRTOS-F4 1.1.0
2026-02-02 14:35:35,996 [INFO] ThirdParty:1030 - CMSIS Pack Vendor :STMicroelectronics LIBJPEG 8.0.0
2026-02-02 14:35:35,996 [INFO] ThirdParty:1030 - CMSIS Pack Vendor :STMicroelectronics FP-ATR-ASTRA1 2.0.2
2026-02-02 14:35:35,996 [INFO] ThirdParty:1030 - CMSIS Pack Vendor :STMicroelectronics X-CUBE-BLE1 7.1.0
2026-02-02 14:35:35,996 [INFO] ThirdParty:1030 - CMSIS Pack Vendor :Avnet-IotConnect X-CUBE-IoTC-DA16k-PMOD 1.0.0
2026-02-02 14:35:35,996 [INFO] ThirdParty:1030 - CMSIS Pack Vendor :STMicroelectronics X-CUBE-SMBUS 2.1.0
2026-02-02 14:35:35,996 [INFO] ThirdParty:1030 - CMSIS Pack Vendor :wolfSSL I-CUBE-wolfMQTT 1.19.2
2026-02-02 14:35:35,996 [INFO] ThirdParty:1030 - CMSIS Pack Vendor :STMicroelectronics USB_DEVICE 3.0.0
2026-02-02 14:35:35,996 [INFO] ThirdParty:1030 - CMSIS Pack Vendor :STMicroelectronics X-CUBE-ISPU 2.1.0
2026-02-02 14:35:35,996 [INFO] ThirdParty:1030 - CMSIS Pack Vendor :STMicroelectronics X-CUBE-FREERTOS 1.4.0
2026-02-02 14:35:35,996 [INFO] ThirdParty:1030 - CMSIS Pack Vendor :STMicroelectronics X-CUBE-IPS 3.2.0
2026-02-02 14:35:35,996 [INFO] ThirdParty:1030 - CMSIS Pack Vendor :STMicroelectronics X-CUBE-AZRTOS-WB 2.0.0
2026-02-02 14:35:35,996 [INFO] ThirdParty:1030 - CMSIS Pack Vendor :STMicroelectronics X-CUBE-ST60 1.0.0
2026-02-02 14:35:35,997 [INFO] ThirdParty:1030 - CMSIS Pack Vendor :STMicroelectronics X-CUBE-GNSS1 7.0.1
2026-02-02 14:35:35,997 [INFO] ThirdParty:1030 - CMSIS Pack Vendor :STMicroelectronics X-CUBE-AZRTOS-F7 1.1.0
2026-02-02 14:35:35,997 [INFO] ThirdParty:1030 - CMSIS Pack Vendor :STMicroelectronics X-CUBE-AZRTOS-L5 2.0.0
2026-02-02 14:35:35,997 [INFO] ThirdParty:1030 - CMSIS Pack Vendor :STMicroelectronics X-CUBE-TOUCHGFX 4.25.0
2026-02-02 14:35:35,997 [INFO] ThirdParty:1030 - CMSIS Pack Vendor :STMicroelectronics USB_DEVICE 2.0.0
2026-02-02 14:35:35,997 [INFO] ThirdParty:1030 - CMSIS Pack Vendor :STMicroelectronics X-CUBE-NFC6 3.1.0
2026-02-02 14:35:35,997 [INFO] ThirdParty:1030 - CMSIS Pack Vendor :STMicroelectronics X-CUBE-ST67W61 1.1.0
2026-02-02 14:35:35,997 [INFO] ThirdParty:1030 - CMSIS Pack Vendor :Cesanta I-CUBE-Mongoose 7.19.0
2026-02-02 14:35:35,997 [INFO] ThirdParty:1030 - CMSIS Pack Vendor :quantropi X-CUBE-qispace-sdk-base 2.1.0
2026-02-02 14:35:35,997 [INFO] ThirdParty:1030 - CMSIS Pack Vendor :STMicroelectronics X-CUBE-MEMS1 12.0.0
2026-02-02 14:35:35,997 [INFO] ThirdParty:1030 - CMSIS Pack Vendor :STMicroelectronics X-CUBE-STSE01 2.0.0
2026-02-02 14:35:35,997 [INFO] ThirdParty:1030 - CMSIS Pack Vendor :STMicroelectronics FP-SNS-MOTENV1 5.1.0
2026-02-02 14:35:35,997 [INFO] ThirdParty:1030 - CMSIS Pack Vendor :STMicroelectronics FreeRTOS 0.0.1
2026-02-02 14:35:35,997 [INFO] ThirdParty:1030 - CMSIS Pack Vendor :STMicroelectronics X-CUBE-AZRTOS-G0 1.1.0
2026-02-02 14:35:35,997 [INFO] ThirdParty:1030 - CMSIS Pack Vendor :STMicroelectronics X-CUBE-SAFEA1 1.2.2
2026-02-02 14:35:35,998 [INFO] ThirdParty:1030 - CMSIS Pack Vendor :STMicroelectronics X-CUBE-NFC4 3.0.0
2026-02-02 14:35:35,998 [INFO] ThirdParty:1030 - CMSIS Pack Vendor :STMicroelectronics X-CUBE-SUBG2 5.0.0
2026-02-02 14:35:35,998 [INFO] ThirdParty:1030 - CMSIS Pack Vendor :STMicroelectronics X-CUBE-AZRTOS-H7RS 1.1.0
2026-02-02 14:35:35,998 [INFO] ThirdParty:1030 - CMSIS Pack Vendor :STMicroelectronics STM32_WPAN 1.0.0
2026-02-02 14:35:35,998 [INFO] ThirdParty:1030 - CMSIS Pack Vendor :EmbeddedOffice I-CUBE-FS-RTOS 1.0.1
2026-02-02 14:35:35,998 [INFO] ThirdParty:1030 - CMSIS Pack Vendor :STMicroelectronics lwIP 2.0.3
2026-02-02 14:35:35,998 [INFO] ThirdParty:1030 - CMSIS Pack Vendor :WES I-CUBE-Cesium 1.4.0
2026-02-02 14:35:35,998 [INFO] ThirdParty:1030 - CMSIS Pack Vendor :STMicroelectronics USB_HOST 1.0.0
2026-02-02 14:35:35,998 [INFO] ThirdParty:1030 - CMSIS Pack Vendor :Infineon AIROC-Wi-Fi-Bluetooth-STM32 1.7.1
2026-02-02 14:35:35,998 [INFO] ThirdParty:1030 - CMSIS Pack Vendor :STMicroelectronics X-CUBE-AZRTOS-G4 2.0.0
2026-02-02 14:35:35,998 [INFO] ThirdParty:1030 - CMSIS Pack Vendor :STMicroelectronics X-CUBE-WB05N 2.0.0
2026-02-02 14:35:35,998 [INFO] ThirdParty:1030 - CMSIS Pack Vendor :STMicroelectronics PDM2PCM 3.1.0
2026-02-02 14:35:35,998 [INFO] ThirdParty:1030 - CMSIS Pack Vendor :STMicroelectronics PDM2PCM 3.3.0
2026-02-02 14:35:35,999 [INFO] ThirdParty:1030 - CMSIS Pack Vendor :wolfSSL I-CUBE-wolfTPM 3.8.0
2026-02-02 14:35:35,999 [INFO] ThirdParty:1030 - CMSIS Pack Vendor :STMicroelectronics X-CUBE-DISPLAY 3.0.0
2026-02-02 14:35:35,999 [INFO] ThirdParty:1030 - CMSIS Pack Vendor :wolfSSL I-CUBE-wolfSSH 1.4.20
2026-02-02 14:35:35,999 [INFO] ThirdParty:1030 - CMSIS Pack Vendor :STMicroelectronics X-CUBE-NFC7 2.0.0
2026-02-02 14:35:35,999 [INFO] ThirdParty:1030 - CMSIS Pack Vendor :STMicroelectronics X-CUBE-TCPP 4.2.0
2026-02-02 14:35:35,999 [INFO] ThirdParty:1030 - CMSIS Pack Vendor :RealThread X-CUBE-RT-Thread_Nano 4.1.1
2026-02-02 14:35:35,999 [INFO] ThirdParty:1030 - CMSIS Pack Vendor :STMicroelectronics FP-ATR-SIGFOX1 3.2.0
2026-02-02 14:35:35,999 [INFO] ThirdParty:1030 - CMSIS Pack Vendor :STMicroelectronics X-CUBE-NFC10 1.0.0
2026-02-02 14:35:35,999 [INFO] ThirdParty:1030 - CMSIS Pack Vendor :STMicroelectronics X-CUBE-FREERTOS 1.3.1
2026-02-02 14:35:35,999 [INFO] ThirdParty:1030 - CMSIS Pack Vendor :STMicroelectronics HAL Drivers 0.0.0
2026-02-02 14:35:35,999 [INFO] ThirdParty:1030 - CMSIS Pack Vendor :STMicroelectronics MBEDTLS 2.16.2
2026-02-02 14:35:35,999 [INFO] ThirdParty:1030 - CMSIS Pack Vendor :STMicroelectronics X-CUBE-ST60 1.1.0
2026-02-02 14:35:35,999 [INFO] ThirdParty:1030 - CMSIS Pack Vendor :STMicroelectronics X-CUBE-IPS 3.1.0
2026-02-02 14:35:35,999 [INFO] ThirdParty:1030 - CMSIS Pack Vendor :STMicroelectronics X-CUBE-ALS 1.0.2
2026-02-02 14:35:35,999 [INFO] ThirdParty:1030 - CMSIS Pack Vendor :emotas I-CUBE-CANOPEN 1.3.0
2026-02-02 14:35:36,000 [INFO] ThirdParty:1030 - CMSIS Pack Vendor :STMicroelectronics MBEDTLS 2.14.1
2026-02-02 14:35:36,000 [INFO] ThirdParty:1030 - CMSIS Pack Vendor :STMicroelectronics X-CUBE-GNSS1 7.1.0
2026-02-02 14:35:36,000 [INFO] ThirdParty:1030 - CMSIS Pack Vendor :ITTIA_DB I-CUBE-ITTIADB 8.9.0
2026-02-02 14:35:36,000 [INFO] ThirdParty:1030 - CMSIS Pack Vendor :STMicroelectronics X-CUBE-TOUCHGFX 4.26.0
2026-02-02 14:35:36,000 [INFO] ThirdParty:1030 - CMSIS Pack Vendor :STMicroelectronics X-CUBE-STSE01 1.0.0
2026-02-02 14:35:36,000 [INFO] ThirdParty:1030 - CMSIS Pack Vendor :STMicroelectronics X-CUBE-NFC6 3.2.0
2026-02-02 14:35:36,000 [INFO] ThirdParty:1030 - CMSIS Pack Vendor :STMicroelectronics X-CUBE-ST67W61 1.0.0
2026-02-02 14:35:36,000 [INFO] ThirdParty:1030 - CMSIS Pack Vendor :STMicroelectronics ThreadX 1.0.0
2026-02-02 14:35:36,000 [INFO] ThirdParty:1030 - CMSIS Pack Vendor :STMicroelectronics FP-SNS-SMARTAG2 1.2.0
2026-02-02 14:35:36,000 [INFO] ThirdParty:1030 - CMSIS Pack Vendor :STMicroelectronics FP-SNS-FLIGHT1 5.1.0
2026-02-02 14:35:36,000 [INFO] ThirdParty:1030 - CMSIS Pack Vendor :STMicroelectronics X-CUBE-AZRTOS-WL 2.0.0
2026-02-02 14:35:36,000 [INFO] ThirdParty:1030 - CMSIS Pack Vendor :SEGGER I-CUBE-embOS 1.3.1
2026-02-02 14:35:36,000 [INFO] ThirdParty:1030 - CMSIS Pack Vendor :STMicroelectronics X-CUBE-ALGOBUILD 1.4.0
2026-02-02 14:35:36,000 [INFO] ThirdParty:1030 - CMSIS Pack Vendor :STMicroelectronics X-CUBE-DPower 1.3.0
2026-02-02 14:35:36,000 [INFO] ThirdParty:1030 - CMSIS Pack Vendor :STMicroelectronics X-CUBE-MEMS1 11.3.0
2026-02-02 14:35:36,001 [INFO] ThirdParty:1030 - CMSIS Pack Vendor :STMicroelectronics FP-SNS-MOTENV1 5.0.0
2026-02-02 14:35:36,001 [INFO] ThirdParty:1030 - CMSIS Pack Vendor :STMicroelectronics USB_DEVICE 1.0.0
2026-02-02 14:35:36,001 [INFO] ThirdParty:1030 - CMSIS Pack Vendor :STMicroelectronics X-CUBE-AZRTOS-H7RS 1.2.0
2026-02-02 14:35:36,001 [INFO] ThirdParty:1030 - CMSIS Pack Vendor :STMicroelectronics X-CUBE-AZRTOS-L4 2.0.0
2026-02-02 14:35:36,001 [INFO] ThirdParty:1030 - CMSIS Pack Vendor :STMicroelectronics ThreadX 0.0.2
2026-02-02 14:35:36,001 [INFO] ThirdParty:1030 - CMSIS Pack Vendor :STMicroelectronics lwIP 2.1.2
2026-02-02 14:35:36,001 [INFO] ThirdParty:1030 - CMSIS Pack Vendor :STMicroelectronics X-CUBE-SFXS2LP1 4.0.0
2026-02-02 14:35:36,001 [INFO] ThirdParty:1030 - CMSIS Pack Vendor :STMicroelectronics X-CUBE-BLE2 3.3.0
2026-02-02 14:35:36,001 [INFO] ThirdParty:1030 - CMSIS Pack Vendor :Avnet-IOTCONNECT X-CUBE-iotc-st67-sdk 1.0.0
2026-02-02 14:35:36,001 [INFO] ThirdParty:1030 - CMSIS Pack Vendor :STMicroelectronics X-CUBE-TOF1 3.4.3
2026-02-02 14:35:36,001 [INFO] ThirdParty:1030 - CMSIS Pack Vendor :STMicroelectronics PDM2PCM 3.2.0
2026-02-02 14:35:36,001 [INFO] ThirdParty:1030 - CMSIS Pack Vendor :STMicroelectronics X-CUBE-ST67W61 1.2.0
2026-02-02 14:35:36,002 [INFO] ThirdParty:841 - exiting critical section [change project]
2026-02-02 14:35:36,544 [INFO] PinOutPanel:1589 - setPackage(No Configuration,No Configuration)
2026-02-02 14:35:36,546 [INFO] PinOutPanel:1589 - setPackage(STM32F407VGTx,LQFP100)
2026-02-02 14:35:36,919 [INFO] UtilMem:75 - Before build in PCC Used Memory: 709361664 Bytes (1073741824)
2026-02-02 14:35:37,492 [INFO] UtilMem:75 - After build in PCC Used Memory: 837429288 Bytes (1073741824)
2026-02-02 14:35:37,522 [INFO] IPUIPlugin:80 - create IPUIPlugin
2026-02-02 14:35:37,522 [INFO] IPUIPlugin:80 - create IPUIPlugin
2026-02-02 14:35:37,523 [INFO] IPUIPlugin:80 - create IPUIPlugin
2026-02-02 14:35:37,523 [INFO] IPUIPlugin:80 - create IPUIPlugin
2026-02-02 14:35:37,523 [INFO] IPUIPlugin:80 - create IPUIPlugin
2026-02-02 14:35:37,523 [INFO] IPUIPlugin:80 - create IPUIPlugin
2026-02-02 14:35:37,523 [INFO] IPUIPlugin:80 - create IPUIPlugin
2026-02-02 14:35:37,523 [INFO] IPUIPlugin:80 - create IPUIPlugin
2026-02-02 14:35:37,523 [INFO] IPUIPlugin:80 - create IPUIPlugin
2026-02-02 14:35:37,523 [INFO] IPUIPlugin:80 - create IPUIPlugin
2026-02-02 14:35:37,524 [INFO] IPUIPlugin:80 - create IPUIPlugin
2026-02-02 14:35:37,524 [INFO] IPUIPlugin:80 - create IPUIPlugin
2026-02-02 14:35:37,524 [INFO] IPUIPlugin:80 - create IPUIPlugin
2026-02-02 14:35:37,524 [INFO] IPUIPlugin:80 - create IPUIPlugin
2026-02-02 14:35:37,524 [INFO] IPUIPlugin:80 - create IPUIPlugin
2026-02-02 14:35:37,524 [INFO] IPUIPlugin:80 - create IPUIPlugin
2026-02-02 14:35:37,524 [INFO] IPUIPlugin:80 - create IPUIPlugin
2026-02-02 14:35:37,524 [INFO] IPUIPlugin:80 - create IPUIPlugin
2026-02-02 14:35:37,524 [INFO] IPUIPlugin:80 - create IPUIPlugin
2026-02-02 14:35:37,524 [INFO] IPUIPlugin:80 - create IPUIPlugin
2026-02-02 14:35:37,525 [INFO] IPUIPlugin:80 - create IPUIPlugin
2026-02-02 14:35:37,525 [INFO] IPUIPlugin:80 - create IPUIPlugin
2026-02-02 14:35:37,525 [INFO] IPUIPlugin:80 - create IPUIPlugin
2026-02-02 14:35:37,525 [INFO] IPUIPlugin:80 - create IPUIPlugin
2026-02-02 14:35:37,525 [INFO] IPUIPlugin:80 - create IPUIPlugin
2026-02-02 14:35:37,525 [INFO] IPUIPlugin:80 - create IPUIPlugin
2026-02-02 14:35:37,526 [INFO] IPUIPlugin:80 - create IPUIPlugin
2026-02-02 14:35:37,526 [INFO] IPUIPlugin:80 - create IPUIPlugin
2026-02-02 14:35:37,526 [INFO] IPUIPlugin:80 - create IPUIPlugin
2026-02-02 14:35:37,526 [INFO] IPUIPlugin:80 - create IPUIPlugin
2026-02-02 14:35:37,526 [INFO] IPUIPlugin:80 - create IPUIPlugin
2026-02-02 14:35:37,526 [INFO] IPUIPlugin:80 - create IPUIPlugin
2026-02-02 14:35:37,526 [INFO] IPUIPlugin:80 - create IPUIPlugin
2026-02-02 14:35:37,527 [INFO] IPUIPlugin:80 - create IPUIPlugin
2026-02-02 14:35:37,527 [INFO] IPUIPlugin:80 - create IPUIPlugin
2026-02-02 14:35:37,527 [INFO] IPUIPlugin:80 - create IPUIPlugin
2026-02-02 14:35:37,527 [INFO] IPUIPlugin:80 - create IPUIPlugin
2026-02-02 14:35:37,527 [INFO] IPUIPlugin:80 - create IPUIPlugin
2026-02-02 14:35:37,527 [INFO] IPUIPlugin:80 - create IPUIPlugin
2026-02-02 14:35:37,527 [INFO] IPUIPlugin:80 - create IPUIPlugin
2026-02-02 14:35:37,527 [INFO] IPUIPlugin:80 - create IPUIPlugin
2026-02-02 14:35:37,528 [INFO] IPUIPlugin:80 - create IPUIPlugin
2026-02-02 14:35:37,528 [INFO] IPUIPlugin:80 - create IPUIPlugin
2026-02-02 14:35:37,528 [INFO] IPUIPlugin:80 - create IPUIPlugin
2026-02-02 14:35:37,528 [INFO] IPUIPlugin:80 - create IPUIPlugin
2026-02-02 14:35:37,528 [INFO] IPUIPlugin:80 - create IPUIPlugin
2026-02-02 14:35:37,528 [INFO] IPUIPlugin:80 - create IPUIPlugin
2026-02-02 14:35:37,528 [INFO] IPUIPlugin:80 - create IPUIPlugin
2026-02-02 14:35:37,529 [INFO] IPUIPlugin:80 - create IPUIPlugin
2026-02-02 14:35:37,529 [INFO] IPUIPlugin:80 - create IPUIPlugin
2026-02-02 14:35:37,529 [INFO] IPUIPlugin:80 - create IPUIPlugin
2026-02-02 14:35:37,529 [INFO] IPUIPlugin:80 - create IPUIPlugin
2026-02-02 14:35:37,529 [INFO] IPUIPlugin:80 - create IPUIPlugin
2026-02-02 14:35:37,529 [INFO] IPUIPlugin:80 - create IPUIPlugin
2026-02-02 14:35:37,529 [INFO] IPUIPlugin:80 - create IPUIPlugin
2026-02-02 14:35:37,530 [INFO] IPUIPlugin:80 - create IPUIPlugin
2026-02-02 14:35:37,530 [INFO] IPUIPlugin:80 - create IPUIPlugin
2026-02-02 14:35:37,530 [INFO] IPUIPlugin:80 - create IPUIPlugin
2026-02-02 14:35:37,555 [INFO] ApiDbMcu:532 - Load IP Config File for PDM2PCM
2026-02-02 14:35:37,563 [INFO] Can:71 - Can Add PropertyChangeListener com.st.microxplorer.plugins.ip.can.Can@40123e00
2026-02-02 14:35:37,727 [INFO] CADModel:165 - CPN selected for project levelSTM32F407VGT6
2026-02-02 14:35:37,727 [INFO] CADModel:114 - Register for checkConnection events
2026-02-02 14:35:37,766 [INFO] OpenFileManager:386 - Restore cursor
2026-02-02 15:00:29,058 [INFO] UtilMem:75 - End SaveConfig() Used Memory: 627443648 Bytes (1027604480)
2026-02-02 15:00:31,461 [INFO] UtilMem:75 - End SaveConfig() Used Memory: 267754848 Bytes (1027604480)
2026-02-02 15:00:36,715 [INFO] UtilMem:75 - End SaveConfig() Used Memory: 509449568 Bytes (1027604480)
2026-02-02 15:00:37,311 [INFO] BlockDiagram:2775 - set Specific Code input for plugin: CAN
2026-02-02 15:00:37,312 [INFO] BlockDiagram:2775 - set Specific Code input for plugin: TIM1_8
2026-02-02 15:00:37,312 [INFO] BlockDiagram:2775 - set Specific Code input for plugin: SYS
2026-02-02 15:00:37,312 [INFO] BlockDiagram:2775 - set Specific Code input for plugin: RCC
2026-02-02 15:00:37,312 [INFO] BlockDiagram:2775 - set Specific Code input for plugin: NVIC
2026-02-02 15:00:37,312 [INFO] BlockDiagram:2775 - set Specific Code input for plugin: USART
2026-02-02 15:00:37,312 [INFO] BlockDiagram:2775 - set Specific Code input for plugin: USART
2026-02-02 15:00:37,312 [INFO] BlockDiagram:2775 - set Specific Code input for plugin: USART
2026-02-02 15:00:37,314 [INFO] BlockDiagram:2775 - set Specific Code input for plugin: GPIO
2026-02-02 15:00:37,315 [INFO] CodeGenerator:892 - code generatio: config db path: /home/krushna/.stm32cubemx/databases/DB.6.0.130/db/
2026-02-02 15:00:37,561 [INFO] CodeEngine:265 - oldGeneratedFile, /home/krushna/CDAC_Project/HAL_CAN_RX/MXTmpFiles/license.tmp_save
2026-02-02 15:00:37,899 [INFO] CodeEngine:289 - Generated code: /home/krushna/CDAC_Project/HAL_CAN_RX/MXTmpFiles/license.tmp
2026-02-02 15:00:37,984 [INFO] CodeEngine:265 - oldGeneratedFile, /home/krushna/CDAC_Project/HAL_CAN_RX/MXTmpFiles/gpio.tmp_save
2026-02-02 15:00:38,110 [INFO] CodeEngine:289 - Generated code: /home/krushna/CDAC_Project/HAL_CAN_RX/MXTmpFiles/gpio.tmp
2026-02-02 15:00:38,347 [INFO] CodeEngine:265 - oldGeneratedFile, /home/krushna/CDAC_Project/HAL_CAN_RX/Core/Src/stm32f4xx_it.c_save
2026-02-02 15:00:38,450 [INFO] CodeEngine:289 - Generated code: /home/krushna/CDAC_Project/HAL_CAN_RX/Core/Src/stm32f4xx_it.c
2026-02-02 15:00:38,451 [INFO] CodeEngine:265 - oldGeneratedFile, /home/krushna/CDAC_Project/HAL_CAN_RX/Core/Inc/stm32f4xx_it.h_save
2026-02-02 15:00:38,522 [INFO] CodeEngine:289 - Generated code: /home/krushna/CDAC_Project/HAL_CAN_RX/Core/Inc/stm32f4xx_it.h
2026-02-02 15:00:38,576 [INFO] CodeEngine:265 - oldGeneratedFile, /home/krushna/CDAC_Project/HAL_CAN_RX/Core/Src/stm32f4xx_hal_msp.c_save
2026-02-02 15:00:38,774 [INFO] CodeEngine:289 - Generated code: /home/krushna/CDAC_Project/HAL_CAN_RX/Core/Src/stm32f4xx_hal_msp.c
2026-02-02 15:00:38,776 [INFO] CodeEngine:265 - oldGeneratedFile, /home/krushna/CDAC_Project/HAL_CAN_RX/MXTmpFiles/system.tmp_save
2026-02-02 15:00:38,870 [INFO] CodeEngine:289 - Generated code: /home/krushna/CDAC_Project/HAL_CAN_RX/MXTmpFiles/system.tmp
2026-02-02 15:00:38,888 [INFO] CodeEngine:321 - oldGeneratedFile, /home/krushna/CDAC_Project/HAL_CAN_RX/Core/Inc/stm32f4xx_hal_conf.h_save
2026-02-02 15:00:38,968 [INFO] CodeEngine:345 - Generated code: /home/krushna/CDAC_Project/HAL_CAN_RX/Core/Inc/stm32f4xx_hal_conf.h
2026-02-02 15:00:38,995 [INFO] ApiDbMcu:532 - Load IP Config File for CAN1
2026-02-02 15:00:39,007 [INFO] ApiDbMcu:532 - Load IP Config File for TIM1
2026-02-02 15:00:39,011 [INFO] ApiDbMcu:532 - Load IP Config File for USART1
2026-02-02 15:00:39,015 [INFO] ApiDbMcu:532 - Load IP Config File for USART2
2026-02-02 15:00:39,018 [INFO] ApiDbMcu:532 - Load IP Config File for USART3
2026-02-02 15:00:39,021 [INFO] ApiDbMcu:532 - Load IP Config File for RCC
2026-02-02 15:00:39,025 [WARN] IPConfigManager:3811 - IP not found : TIM
2026-02-02 15:00:39,026 [WARN] CodeGenerator:4259 - IP not found : null
2026-02-02 15:00:39,029 [INFO] CodeEngine:265 - oldGeneratedFile, /home/krushna/CDAC_Project/HAL_CAN_RX/Core/Inc/main.h_save
2026-02-02 15:00:39,145 [INFO] CodeEngine:289 - Generated code: /home/krushna/CDAC_Project/HAL_CAN_RX/Core/Inc/main.h
2026-02-02 15:00:39,147 [INFO] CodeEngine:265 - oldGeneratedFile, /home/krushna/CDAC_Project/HAL_CAN_RX/Core/Src/main.c_save
2026-02-02 15:00:39,357 [INFO] CodeEngine:289 - Generated code: /home/krushna/CDAC_Project/HAL_CAN_RX/Core/Src/main.c
2026-02-02 15:00:39,800 [INFO] ProjectBuilder:3606 - Time for Copy HAL[1] : 55mS.
2026-02-02 15:00:39,806 [INFO] ProjectBuilder:5216 - Project Generator version: 4.7.0-B52
2026-02-02 15:00:39,891 [INFO] ConfigFileManager:1595 - The Die is : DIE413
2026-02-02 15:00:39,897 [INFO] ApiDbMcu:532 - Load IP Config File for FATFS
2026-02-02 15:00:39,902 [INFO] ApiDbMcu:532 - Load IP Config File for FREERTOS
2026-02-02 15:00:39,903 [INFO] ApiDbMcu:532 - Load IP Config File for LIBJPEG
2026-02-02 15:00:39,908 [INFO] ApiDbMcu:532 - Load IP Config File for LWIP
2026-02-02 15:00:39,914 [INFO] ApiDbMcu:532 - Load IP Config File for MBEDTLS
2026-02-02 15:00:39,920 [INFO] ApiDbMcu:532 - Load IP Config File for USB_DEVICE
2026-02-02 15:00:39,924 [INFO] ApiDbMcu:532 - Load IP Config File for USB_HOST
2026-02-02 15:00:40,267 [INFO] LogOutputStream:77 - [STDOUT_REDIRECT] 
2026-02-02 15:00:41,284 [INFO] ProjectBuilder:5496 - Time for Generating toolchain IDE Files: 1478mS.
2026-02-02 15:00:41,285 [INFO] ProjectBuilder:3463 - Time for Copy CMSIS : 1mS.
2026-02-02 15:00:41,286 [INFO] ProjectBuilder:3463 - Time for Copy CMSIS : 0mS.
2026-02-02 15:15:41,132 [INFO] MainUpdater:2872 - connection check result : 10
2026-02-02 15:15:41,133 [INFO] MainUpdater:2872 - connection check result : 10
2026-02-02 15:15:41,187 [INFO] MicroXplorer:468 - Change Database Path : 
2026-02-02 15:15:41,187 [INFO] MicroXplorer:498 - Change Database Version : DB.6.0.150
2026-02-02 15:15:41,200 [ERROR] ProjectManagerView:395 - 
java.lang.NullPointerException: Cannot invoke "javax.swing.JTextField.getText()" because the return value of "java.util.List.get(int)" is null
	at com.st.microxplorer.plugins.projectmanager.gui.ProjectChoiceTab$9.caretUpdate(ProjectChoiceTab.java:2706) ~[filemanager.jar:?]
	at javax.swing.text.JTextComponent.fireCaretUpdate(JTextComponent.java:408) ~[?:?]
	at javax.swing.text.JTextComponent$MutableCaretEvent.fire(JTextComponent.java:4484) ~[?:?]
	at javax.swing.text.JTextComponent$MutableCaretEvent.stateChanged(JTextComponent.java:4506) ~[?:?]
	at javax.swing.text.DefaultCaret.fireStateChanged(DefaultCaret.java:857) ~[?:?]
	at javax.swing.text.DefaultCaret.changeCaretPosition(DefaultCaret.java:1343) ~[?:?]
	at javax.swing.text.DefaultCaret.handleSetDot(DefaultCaret.java:1242) ~[?:?]
	at javax.swing.text.DefaultCaret.setDot(DefaultCaret.java:1223) ~[?:?]
	at javax.swing.text.DefaultCaret$Handler.insertUpdate(DefaultCaret.java:1819) ~[?:?]
	at javax.swing.text.AbstractDocument.fireInsertUpdate(AbstractDocument.java:227) ~[?:?]
	at javax.swing.text.AbstractDocument.handleInsertString(AbstractDocument.java:781) ~[?:?]
	at javax.swing.text.AbstractDocument.insertString(AbstractDocument.java:740) ~[?:?]
	at javax.swing.text.PlainDocument.insertString(PlainDocument.java:131) ~[?:?]
	at javax.swing.text.AbstractDocument.replace(AbstractDocument.java:699) ~[?:?]
	at javax.swing.text.JTextComponent.setText(JTextComponent.java:1725) ~[?:?]
	at com.st.microxplorer.plugins.projectmanager.gui.ProjectChoiceTab.createHeapStackFields(ProjectChoiceTab.java:993) ~[filemanager.jar:?]
	at com.st.microxplorer.plugins.projectmanager.gui.ProjectChoiceTab.buildLinkSettingsPanel(ProjectChoiceTab.java:3813) ~[filemanager.jar:?]
	at com.st.microxplorer.plugins.projectmanager.gui.ProjectChoiceTab.defineWindowsFields(ProjectChoiceTab.java:1987) ~[filemanager.jar:?]
	at com.st.microxplorer.plugins.projectmanager.gui.ProjectChoiceTab.updateSettings(ProjectChoiceTab.java:558) ~[filemanager.jar:?]
	at com.st.microxplorer.plugins.projectmanager.gui.ProjectSettingsPanel.UpdateDialog(ProjectSettingsPanel.java:247) ~[filemanager.jar:?]
	at com.st.microxplorer.plugins.projectmanager.ProjectManagerView.propertyChange(ProjectManagerView.java:392) ~[filemanager.jar:?]
	at java.beans.PropertyChangeSupport.fire(PropertyChangeSupport.java:343) ~[?:?]
	at java.beans.PropertyChangeSupport.firePropertyChange(PropertyChangeSupport.java:335) ~[?:?]
	at java.beans.PropertyChangeSupport.firePropertyChange(PropertyChangeSupport.java:268) ~[?:?]
	at com.st.microxplorer.util.MXPropertyChangeSupport.firePropertyChange(MXPropertyChangeSupport.java:54) ~[STM32CubeMX.jar:?]
	at com.st.microxplorer.mxsystem.MxSystem.closeConfig(MxSystem.java:899) ~[STM32CubeMX.jar:?]
	at com.st.microxplorer.maingui.MainPanel.closeConfig(MainPanel.java:792) ~[STM32CubeMX.jar:?]
	at com.st.microxplorer.plugins.filemanager.engine.OpenFileManager.loadConfigurationFile(OpenFileManager.java:288) ~[filemanager.jar:?]
	at com.st.microxplorer.plugins.filemanager.engine.MainFileManager.userLoadConfig(MainFileManager.java:364) ~[filemanager.jar:?]
	at com.st.microxplorer.plugins.filemanager.engine.MainFileManager.userLoadConfig(MainFileManager.java:342) ~[filemanager.jar:?]
	at com.st.microxplorer.plugins.filemanager.FileManagerView.getSpecificTask(FileManagerView.java:264) ~[filemanager.jar:?]
	at com.st.stm32cube.common.mx.editor.CubeMxEditor.getMxTabbedPaneInstance(CubeMxEditor.java:1198) ~[com.st.stm32cube.common.mx_6.15.0.202507011659/:?]
	at com.st.stm32cube.common.mx.editor.CubeMxEditor$12$1.createSwingComponent(CubeMxEditor.java:1068) ~[com.st.stm32cube.common.mx_6.15.0.202507011659/:?]
	at com.st.stm32cube.common.mx.oss.core.awtswtbridge.EmbeddedSwingComposite.doComponentCreation(EmbeddedSwingComposite.java:492) ~[com.st.stm32cube.common.mx.oss_6.15.0.202507011659/:?]
	at com.st.stm32cube.common.mx.oss.core.awtswtbridge.EmbeddedSwingComposite$4.run(EmbeddedSwingComposite.java:291) ~[com.st.stm32cube.common.mx.oss_6.15.0.202507011659/:?]
	at com.st.stm32cube.common.mx.oss.core.awtswtbridge.AwtEnvironment$2.run(AwtEnvironment.java:166) ~[com.st.stm32cube.common.mx.oss_6.15.0.202507011659/:?]
	at java.awt.event.InvocationEvent.dispatch(InvocationEvent.java:318) ~[?:?]
	at java.awt.EventQueue.dispatchEventImpl(EventQueue.java:773) ~[?:?]
	at java.awt.EventQueue$4.run(EventQueue.java:720) ~[?:?]
	at java.awt.EventQueue$4.run(EventQueue.java:714) ~[?:?]
	at java.security.AccessController.doPrivileged(AccessController.java:400) ~[?:?]
	at java.security.ProtectionDomain$JavaSecurityAccessImpl.doIntersectionPrivilege(ProtectionDomain.java:87) ~[?:?]
	at java.awt.EventQueue.dispatchEvent(EventQueue.java:742) ~[?:?]
	at java.awt.EventDispatchThread.pumpOneEventForFilters(EventDispatchThread.java:203) ~[?:?]
	at java.awt.EventDispatchThread.pumpEventsForFilter(EventDispatchThread.java:124) ~[?:?]
	at java.awt.EventDispatchThread.pumpEventsForHierarchy(EventDispatchThread.java:113) ~[?:?]
	at java.awt.EventDispatchThread.pumpEvents(EventDispatchThread.java:109) ~[?:?]
	at java.awt.EventDispatchThread.pumpEvents(EventDispatchThread.java:101) ~[?:?]
	at java.awt.EventDispatchThread.run(EventDispatchThread.java:90) ~[?:?]
2026-02-02 15:15:41,208 [WARN] ThirdParty:871 - waiting for thirdparty lock release [close project]
2026-02-02 15:15:41,208 [INFO] ThirdParty:873 - entering critical section [close project]
2026-02-02 15:15:41,208 [INFO] ThirdParty:883 - exiting critical section [close project]
2026-02-02 15:15:41,211 [INFO] PinOutPanel:1589 - setPackage(No Configuration,No Configuration)
2026-02-02 15:15:41,229 [WARN] IpParametersView:155 - Warning: This peripheral hasn't parameters
2026-02-02 15:15:41,246 [WARN] MainPanel:289 - <html><b><center>Warning: This peripheral has no parameters to be configured<br></b></html>
2026-02-02 15:15:41,256 [INFO] UtilMem:75 - Begin LoadConfig() Used Memory: 504800616 Bytes (1003487232)
2026-02-02 15:15:41,259 [INFO] MicroXplorer:468 - Change Database Path : /home/krushna/.stm32cubemx/databases/DB.6.0.130/db/
2026-02-02 15:15:41,259 [INFO] MicroXplorer:498 - Change Database Version : DB.6.0.130
2026-02-02 15:15:42,939 [INFO] OpenFileManager:355 - Change cursor
2026-02-02 15:15:42,978 [INFO] RulesReader:64 - Compatibility file has been processed (297 Rules)
2026-02-02 15:15:42,987 [INFO] Mcu:2029 - Initializing MCU STM32F407V(E-G)Tx STM32F407VGTx STM32F407VGT6
2026-02-02 15:15:44,044 [INFO] Context:786 - Trying to add GPIOservice into a context  which must be forbidden
2026-02-02 15:15:44,736 [INFO] ImportTextPane:234 - (OptionalMessage_ERROR) Pin17 (VP_RIF_VS_RIF1) cannot be retrieved for this MCU
2026-02-02 15:15:44,825 [INFO] RtosManager:558 - Registered RTOS mode: class=CMSIS, group=RTOS, mode=CMSIS_V1, owner=FREERTOS
2026-02-02 15:15:44,825 [INFO] RtosManager:558 - Registered RTOS mode: class=CMSIS, group=RTOS2, mode=CMSIS_V2, owner=FREERTOS
2026-02-02 15:15:44,825 [INFO] RtosManager:558 - Registered RTOS mode: class=RTOS, group=Core, mode=CMSIS_V1, owner=FREERTOS
2026-02-02 15:15:44,825 [INFO] RtosManager:558 - Registered RTOS mode: class=RTOS, group=Core, mode=CMSIS_V2, owner=FREERTOS
2026-02-02 15:15:44,825 [WARN] ModelIntegratedComponent:184 - Missing modes for component STMicroelectronics:FreeRTOS:0.0.1:STMicroelectronics:RTOS:FreeRTOS:Core:::10.2.0:
2026-02-02 15:15:44,833 [WARN] ModelIntegratedComponent:63 - No mode defined for component null
2026-02-02 15:15:44,833 [WARN] ModelIntegratedComponent:63 - No mode defined for component null
2026-02-02 15:15:44,833 [WARN] ModelIntegratedComponent:63 - No mode defined for component null
2026-02-02 15:15:44,833 [WARN] ModelIntegratedComponent:63 - No mode defined for component null
2026-02-02 15:15:44,833 [WARN] ModelIntegratedComponent:63 - No mode defined for component null
2026-02-02 15:15:44,833 [WARN] ModelIntegratedComponent:63 - No mode defined for component null
2026-02-02 15:15:44,833 [WARN] ModelIntegratedComponent:63 - No mode defined for component null
2026-02-02 15:15:44,833 [WARN] ModelIntegratedComponent:63 - No mode defined for component null
2026-02-02 15:15:44,833 [WARN] ModelIntegratedComponent:63 - No mode defined for component null
2026-02-02 15:15:44,833 [WARN] ModelIntegratedComponent:63 - No mode defined for component null
2026-02-02 15:15:44,834 [WARN] ModelIntegratedComponent:63 - No mode defined for component null
2026-02-02 15:15:44,834 [WARN] ModelIntegratedComponent:63 - No mode defined for component null
2026-02-02 15:15:44,834 [WARN] ModelIntegratedComponent:63 - No mode defined for component null
2026-02-02 15:15:44,834 [WARN] ModelIntegratedComponent:63 - No mode defined for component null
2026-02-02 15:15:44,834 [WARN] ModelIntegratedComponent:63 - No mode defined for component null
2026-02-02 15:15:44,834 [WARN] ModelIntegratedComponent:63 - No mode defined for component null
2026-02-02 15:15:44,834 [WARN] ModelIntegratedComponent:63 - No mode defined for component null
2026-02-02 15:15:44,834 [WARN] ModelIntegratedComponent:63 - No mode defined for component null
2026-02-02 15:15:44,834 [WARN] ModelIntegratedComponent:63 - No mode defined for component null
2026-02-02 15:15:44,834 [WARN] ModelIntegratedComponent:63 - No mode defined for component null
2026-02-02 15:15:44,834 [WARN] ModelIntegratedComponent:63 - No mode defined for component null
2026-02-02 15:15:44,834 [WARN] ModelIntegratedComponent:63 - No mode defined for component null
2026-02-02 15:15:44,834 [WARN] ModelIntegratedComponent:63 - No mode defined for component null
2026-02-02 15:15:44,834 [WARN] ModelIntegratedComponent:63 - No mode defined for component null
2026-02-02 15:15:44,834 [WARN] ModelIntegratedComponent:63 - No mode defined for component null
2026-02-02 15:15:44,834 [WARN] ModelIntegratedComponent:63 - No mode defined for component null
2026-02-02 15:15:44,834 [WARN] ModelIntegratedComponent:63 - No mode defined for component null
2026-02-02 15:15:44,834 [WARN] ModelIntegratedComponent:63 - No mode defined for component null
2026-02-02 15:15:44,834 [WARN] ModelIntegratedComponent:63 - No mode defined for component null
2026-02-02 15:15:44,834 [WARN] ModelIntegratedComponent:63 - No mode defined for component null
2026-02-02 15:15:44,835 [WARN] ModelIntegratedComponent:63 - No mode defined for component null
2026-02-02 15:15:44,835 [WARN] ModelIntegratedComponent:63 - No mode defined for component null
2026-02-02 15:15:44,835 [WARN] ModelIntegratedComponent:63 - No mode defined for component null
2026-02-02 15:15:44,835 [WARN] ModelIntegratedComponent:63 - No mode defined for component null
2026-02-02 15:15:44,835 [WARN] ModelIntegratedComponent:63 - No mode defined for component null
2026-02-02 15:15:44,835 [WARN] ModelPack:524 - Component already loaded: STMicroelectronics:HAL Drivers:0.0.0:STMicroelectronics:Device:STMicro_Driver:XSPI:HAL::0.0.1:HAL_XSPI
2026-02-02 15:15:44,911 [INFO] ThirdPartyModel:298 - Start build external matchings
2026-02-02 15:15:45,339 [INFO] ThirdPartyModel:316 - End build external matchings
2026-02-02 15:15:45,357 [INFO] ImportTextPane:234 - (OptionalMessage_ERROR) IP (RCC) : Parameter (RTCHSEDivFreq_Value) has invalid value (4000000)
2026-02-02 15:15:45,544 [INFO] UtilMem:75 - End LoadConfig() Used Memory: 446698080 Bytes (1003487232)
2026-02-02 15:15:45,566 [WARN] ThirdParty:833 - waiting for thirdparty lock release [change project]
2026-02-02 15:15:45,566 [INFO] ThirdParty:835 - entering critical section [change project]
2026-02-02 15:15:45,566 [INFO] ThirdParty:1030 - CMSIS Pack Vendor :STMicroelectronics X-CUBE-PM33A1 1.0.0
2026-02-02 15:15:45,567 [INFO] ThirdParty:1030 - CMSIS Pack Vendor :STMicroelectronics USBPD 4.1
2026-02-02 15:15:45,567 [INFO] ThirdParty:1030 - CMSIS Pack Vendor :STMicroelectronics X-CUBE-NFC9 1.0.0
2026-02-02 15:15:45,567 [INFO] ThirdParty:1030 - CMSIS Pack Vendor :STMicroelectronics USB_HOST 2.0.0
2026-02-02 15:15:45,567 [INFO] ThirdParty:1030 - CMSIS Pack Vendor :STMicroelectronics FP-SNS-MOTENVWB1 1.4.0
2026-02-02 15:15:45,567 [INFO] ThirdParty:1030 - CMSIS Pack Vendor :STMicroelectronics X-CUBE-AZRTOS-F4 1.1.0
2026-02-02 15:15:45,567 [INFO] ThirdParty:1030 - CMSIS Pack Vendor :STMicroelectronics LIBJPEG 8.0.0
2026-02-02 15:15:45,567 [INFO] ThirdParty:1030 - CMSIS Pack Vendor :STMicroelectronics FP-ATR-ASTRA1 2.0.2
2026-02-02 15:15:45,567 [INFO] ThirdParty:1030 - CMSIS Pack Vendor :STMicroelectronics X-CUBE-BLE1 7.1.0
2026-02-02 15:15:45,568 [INFO] ThirdParty:1030 - CMSIS Pack Vendor :Avnet-IotConnect X-CUBE-IoTC-DA16k-PMOD 1.0.0
2026-02-02 15:15:45,568 [INFO] ThirdParty:1030 - CMSIS Pack Vendor :STMicroelectronics X-CUBE-SMBUS 2.1.0
2026-02-02 15:15:45,568 [INFO] ThirdParty:1030 - CMSIS Pack Vendor :wolfSSL I-CUBE-wolfMQTT 1.19.2
2026-02-02 15:15:45,568 [INFO] ThirdParty:1030 - CMSIS Pack Vendor :STMicroelectronics USB_DEVICE 3.0.0
2026-02-02 15:15:45,568 [INFO] ThirdParty:1030 - CMSIS Pack Vendor :STMicroelectronics X-CUBE-ISPU 2.1.0
2026-02-02 15:15:45,568 [INFO] ThirdParty:1030 - CMSIS Pack Vendor :STMicroelectronics X-CUBE-FREERTOS 1.4.0
2026-02-02 15:15:45,568 [INFO] ThirdParty:1030 - CMSIS Pack Vendor :STMicroelectronics X-CUBE-IPS 3.2.0
2026-02-02 15:15:45,568 [INFO] ThirdParty:1030 - CMSIS Pack Vendor :STMicroelectronics X-CUBE-AZRTOS-WB 2.0.0
2026-02-02 15:15:45,568 [INFO] ThirdParty:1030 - CMSIS Pack Vendor :STMicroelectronics X-CUBE-ST60 1.0.0
2026-02-02 15:15:45,568 [INFO] ThirdParty:1030 - CMSIS Pack Vendor :STMicroelectronics X-CUBE-GNSS1 7.0.1
2026-02-02 15:15:45,568 [INFO] ThirdParty:1030 - CMSIS Pack Vendor :STMicroelectronics X-CUBE-AZRTOS-F7 1.1.0
2026-02-02 15:15:45,568 [INFO] ThirdParty:1030 - CMSIS Pack Vendor :STMicroelectronics X-CUBE-AZRTOS-L5 2.0.0
2026-02-02 15:15:45,568 [INFO] ThirdParty:1030 - CMSIS Pack Vendor :STMicroelectronics X-CUBE-TOUCHGFX 4.25.0
2026-02-02 15:15:45,568 [INFO] ThirdParty:1030 - CMSIS Pack Vendor :STMicroelectronics USB_DEVICE 2.0.0
2026-02-02 15:15:45,568 [INFO] ThirdParty:1030 - CMSIS Pack Vendor :STMicroelectronics X-CUBE-NFC6 3.1.0
2026-02-02 15:15:45,568 [INFO] ThirdParty:1030 - CMSIS Pack Vendor :STMicroelectronics X-CUBE-ST67W61 1.1.0
2026-02-02 15:15:45,568 [INFO] ThirdParty:1030 - CMSIS Pack Vendor :Cesanta I-CUBE-Mongoose 7.19.0
2026-02-02 15:15:45,569 [INFO] ThirdParty:1030 - CMSIS Pack Vendor :quantropi X-CUBE-qispace-sdk-base 2.1.0
2026-02-02 15:15:45,569 [INFO] ThirdParty:1030 - CMSIS Pack Vendor :STMicroelectronics X-CUBE-MEMS1 12.0.0
2026-02-02 15:15:45,569 [INFO] ThirdParty:1030 - CMSIS Pack Vendor :STMicroelectronics X-CUBE-STSE01 2.0.0
2026-02-02 15:15:45,569 [INFO] ThirdParty:1030 - CMSIS Pack Vendor :STMicroelectronics FP-SNS-MOTENV1 5.1.0
2026-02-02 15:15:45,569 [INFO] ThirdParty:1030 - CMSIS Pack Vendor :STMicroelectronics FreeRTOS 0.0.1
2026-02-02 15:15:45,569 [INFO] ThirdParty:1030 - CMSIS Pack Vendor :STMicroelectronics X-CUBE-AZRTOS-G0 1.1.0
2026-02-02 15:15:45,569 [INFO] ThirdParty:1030 - CMSIS Pack Vendor :STMicroelectronics X-CUBE-SAFEA1 1.2.2
2026-02-02 15:15:45,569 [INFO] ThirdParty:1030 - CMSIS Pack Vendor :STMicroelectronics X-CUBE-NFC4 3.0.0
2026-02-02 15:15:45,569 [INFO] ThirdParty:1030 - CMSIS Pack Vendor :STMicroelectronics X-CUBE-SUBG2 5.0.0
2026-02-02 15:15:45,569 [INFO] ThirdParty:1030 - CMSIS Pack Vendor :STMicroelectronics X-CUBE-AZRTOS-H7RS 1.1.0
2026-02-02 15:15:45,569 [INFO] ThirdParty:1030 - CMSIS Pack Vendor :STMicroelectronics STM32_WPAN 1.0.0
2026-02-02 15:15:45,569 [INFO] ThirdParty:1030 - CMSIS Pack Vendor :EmbeddedOffice I-CUBE-FS-RTOS 1.0.1
2026-02-02 15:15:45,569 [INFO] ThirdParty:1030 - CMSIS Pack Vendor :STMicroelectronics lwIP 2.0.3
2026-02-02 15:15:45,569 [INFO] ThirdParty:1030 - CMSIS Pack Vendor :WES I-CUBE-Cesium 1.4.0
2026-02-02 15:15:45,569 [INFO] ThirdParty:1030 - CMSIS Pack Vendor :STMicroelectronics USB_HOST 1.0.0
2026-02-02 15:15:45,570 [INFO] ThirdParty:1030 - CMSIS Pack Vendor :Infineon AIROC-Wi-Fi-Bluetooth-STM32 1.7.1
2026-02-02 15:15:45,570 [INFO] ThirdParty:1030 - CMSIS Pack Vendor :STMicroelectronics X-CUBE-AZRTOS-G4 2.0.0
2026-02-02 15:15:45,570 [INFO] ThirdParty:1030 - CMSIS Pack Vendor :STMicroelectronics X-CUBE-WB05N 2.0.0
2026-02-02 15:15:45,570 [INFO] ThirdParty:1030 - CMSIS Pack Vendor :STMicroelectronics PDM2PCM 3.1.0
2026-02-02 15:15:45,570 [INFO] ThirdParty:1030 - CMSIS Pack Vendor :STMicroelectronics PDM2PCM 3.3.0
2026-02-02 15:15:45,570 [INFO] ThirdParty:1030 - CMSIS Pack Vendor :wolfSSL I-CUBE-wolfTPM 3.8.0
2026-02-02 15:15:45,570 [INFO] ThirdParty:1030 - CMSIS Pack Vendor :STMicroelectronics X-CUBE-DISPLAY 3.0.0
2026-02-02 15:15:45,570 [INFO] ThirdParty:1030 - CMSIS Pack Vendor :wolfSSL I-CUBE-wolfSSH 1.4.20
2026-02-02 15:15:45,570 [INFO] ThirdParty:1030 - CMSIS Pack Vendor :STMicroelectronics X-CUBE-NFC7 2.0.0
2026-02-02 15:15:45,570 [INFO] ThirdParty:1030 - CMSIS Pack Vendor :STMicroelectronics X-CUBE-TCPP 4.2.0
2026-02-02 15:15:45,570 [INFO] ThirdParty:1030 - CMSIS Pack Vendor :RealThread X-CUBE-RT-Thread_Nano 4.1.1
2026-02-02 15:15:45,570 [INFO] ThirdParty:1030 - CMSIS Pack Vendor :STMicroelectronics FP-ATR-SIGFOX1 3.2.0
2026-02-02 15:15:45,570 [INFO] ThirdParty:1030 - CMSIS Pack Vendor :STMicroelectronics X-CUBE-NFC10 1.0.0
2026-02-02 15:15:45,570 [INFO] ThirdParty:1030 - CMSIS Pack Vendor :STMicroelectronics X-CUBE-FREERTOS 1.3.1
2026-02-02 15:15:45,570 [INFO] ThirdParty:1030 - CMSIS Pack Vendor :STMicroelectronics HAL Drivers 0.0.0
2026-02-02 15:15:45,570 [INFO] ThirdParty:1030 - CMSIS Pack Vendor :STMicroelectronics MBEDTLS 2.16.2
2026-02-02 15:15:45,570 [INFO] ThirdParty:1030 - CMSIS Pack Vendor :STMicroelectronics X-CUBE-ST60 1.1.0
2026-02-02 15:15:45,570 [INFO] ThirdParty:1030 - CMSIS Pack Vendor :STMicroelectronics X-CUBE-IPS 3.1.0
2026-02-02 15:15:45,571 [INFO] ThirdParty:1030 - CMSIS Pack Vendor :STMicroelectronics X-CUBE-ALS 1.0.2
2026-02-02 15:15:45,571 [INFO] ThirdParty:1030 - CMSIS Pack Vendor :emotas I-CUBE-CANOPEN 1.3.0
2026-02-02 15:15:45,571 [INFO] ThirdParty:1030 - CMSIS Pack Vendor :STMicroelectronics MBEDTLS 2.14.1
2026-02-02 15:15:45,571 [INFO] ThirdParty:1030 - CMSIS Pack Vendor :STMicroelectronics X-CUBE-GNSS1 7.1.0
2026-02-02 15:15:45,571 [INFO] ThirdParty:1030 - CMSIS Pack Vendor :ITTIA_DB I-CUBE-ITTIADB 8.9.0
2026-02-02 15:15:45,571 [INFO] ThirdParty:1030 - CMSIS Pack Vendor :STMicroelectronics X-CUBE-TOUCHGFX 4.26.0
2026-02-02 15:15:45,571 [INFO] ThirdParty:1030 - CMSIS Pack Vendor :STMicroelectronics X-CUBE-STSE01 1.0.0
2026-02-02 15:15:45,571 [INFO] ThirdParty:1030 - CMSIS Pack Vendor :STMicroelectronics X-CUBE-NFC6 3.2.0
2026-02-02 15:15:45,571 [INFO] ThirdParty:1030 - CMSIS Pack Vendor :STMicroelectronics X-CUBE-ST67W61 1.0.0
2026-02-02 15:15:45,571 [INFO] ThirdParty:1030 - CMSIS Pack Vendor :STMicroelectronics ThreadX 1.0.0
2026-02-02 15:15:45,571 [INFO] ThirdParty:1030 - CMSIS Pack Vendor :STMicroelectronics FP-SNS-SMARTAG2 1.2.0
2026-02-02 15:15:45,571 [INFO] ThirdParty:1030 - CMSIS Pack Vendor :STMicroelectronics FP-SNS-FLIGHT1 5.1.0
2026-02-02 15:15:45,571 [INFO] ThirdParty:1030 - CMSIS Pack Vendor :STMicroelectronics X-CUBE-AZRTOS-WL 2.0.0
2026-02-02 15:15:45,571 [INFO] ThirdParty:1030 - CMSIS Pack Vendor :SEGGER I-CUBE-embOS 1.3.1
2026-02-02 15:15:45,571 [INFO] ThirdParty:1030 - CMSIS Pack Vendor :STMicroelectronics X-CUBE-ALGOBUILD 1.4.0
2026-02-02 15:15:45,571 [INFO] ThirdParty:1030 - CMSIS Pack Vendor :STMicroelectronics X-CUBE-DPower 1.3.0
2026-02-02 15:15:45,571 [INFO] ThirdParty:1030 - CMSIS Pack Vendor :STMicroelectronics X-CUBE-MEMS1 11.3.0
2026-02-02 15:15:45,571 [INFO] ThirdParty:1030 - CMSIS Pack Vendor :STMicroelectronics FP-SNS-MOTENV1 5.0.0
2026-02-02 15:15:45,571 [INFO] ThirdParty:1030 - CMSIS Pack Vendor :STMicroelectronics USB_DEVICE 1.0.0
2026-02-02 15:15:45,571 [INFO] ThirdParty:1030 - CMSIS Pack Vendor :STMicroelectronics X-CUBE-AZRTOS-H7RS 1.2.0
2026-02-02 15:15:45,571 [INFO] ThirdParty:1030 - CMSIS Pack Vendor :STMicroelectronics X-CUBE-AZRTOS-L4 2.0.0
2026-02-02 15:15:45,571 [INFO] ThirdParty:1030 - CMSIS Pack Vendor :STMicroelectronics ThreadX 0.0.2
2026-02-02 15:15:45,572 [INFO] ThirdParty:1030 - CMSIS Pack Vendor :STMicroelectronics lwIP 2.1.2
2026-02-02 15:15:45,572 [INFO] ThirdParty:1030 - CMSIS Pack Vendor :STMicroelectronics X-CUBE-SFXS2LP1 4.0.0
2026-02-02 15:15:45,572 [INFO] ThirdParty:1030 - CMSIS Pack Vendor :STMicroelectronics X-CUBE-BLE2 3.3.0
2026-02-02 15:15:45,572 [INFO] ThirdParty:1030 - CMSIS Pack Vendor :Avnet-IOTCONNECT X-CUBE-iotc-st67-sdk 1.0.0
2026-02-02 15:15:45,572 [INFO] ThirdParty:1030 - CMSIS Pack Vendor :STMicroelectronics X-CUBE-TOF1 3.4.3
2026-02-02 15:15:45,572 [INFO] ThirdParty:1030 - CMSIS Pack Vendor :STMicroelectronics PDM2PCM 3.2.0
2026-02-02 15:15:45,572 [INFO] ThirdParty:1030 - CMSIS Pack Vendor :STMicroelectronics X-CUBE-ST67W61 1.2.0
2026-02-02 15:15:45,572 [INFO] ThirdParty:841 - exiting critical section [change project]
2026-02-02 15:15:46,004 [INFO] PinOutPanel:1589 - setPackage(No Configuration,No Configuration)
2026-02-02 15:15:46,004 [INFO] PinOutPanel:1589 - setPackage(STM32F407VGTx,LQFP100)
2026-02-02 15:15:46,431 [INFO] UtilMem:75 - Before build in PCC Used Memory: 706742272 Bytes (1003487232)
2026-02-02 15:15:46,659 [INFO] UtilMem:75 - After build in PCC Used Memory: 753928192 Bytes (1003487232)
2026-02-02 15:15:46,678 [INFO] IPUIPlugin:80 - create IPUIPlugin
2026-02-02 15:15:46,679 [INFO] IPUIPlugin:80 - create IPUIPlugin
2026-02-02 15:15:46,679 [INFO] IPUIPlugin:80 - create IPUIPlugin
2026-02-02 15:15:46,679 [INFO] IPUIPlugin:80 - create IPUIPlugin
2026-02-02 15:15:46,679 [INFO] IPUIPlugin:80 - create IPUIPlugin
2026-02-02 15:15:46,679 [INFO] IPUIPlugin:80 - create IPUIPlugin
2026-02-02 15:15:46,679 [INFO] IPUIPlugin:80 - create IPUIPlugin
2026-02-02 15:15:46,679 [INFO] IPUIPlugin:80 - create IPUIPlugin
2026-02-02 15:15:46,679 [INFO] IPUIPlugin:80 - create IPUIPlugin
2026-02-02 15:15:46,680 [INFO] IPUIPlugin:80 - create IPUIPlugin
2026-02-02 15:15:46,680 [INFO] IPUIPlugin:80 - create IPUIPlugin
2026-02-02 15:15:46,680 [INFO] IPUIPlugin:80 - create IPUIPlugin
2026-02-02 15:15:46,680 [INFO] IPUIPlugin:80 - create IPUIPlugin
2026-02-02 15:15:46,680 [INFO] IPUIPlugin:80 - create IPUIPlugin
2026-02-02 15:15:46,680 [INFO] IPUIPlugin:80 - create IPUIPlugin
2026-02-02 15:15:46,680 [INFO] IPUIPlugin:80 - create IPUIPlugin
2026-02-02 15:15:46,680 [INFO] IPUIPlugin:80 - create IPUIPlugin
2026-02-02 15:15:46,680 [INFO] IPUIPlugin:80 - create IPUIPlugin
2026-02-02 15:15:46,680 [INFO] IPUIPlugin:80 - create IPUIPlugin
2026-02-02 15:15:46,680 [INFO] IPUIPlugin:80 - create IPUIPlugin
2026-02-02 15:15:46,680 [INFO] IPUIPlugin:80 - create IPUIPlugin
2026-02-02 15:15:46,681 [INFO] IPUIPlugin:80 - create IPUIPlugin
2026-02-02 15:15:46,681 [INFO] IPUIPlugin:80 - create IPUIPlugin
2026-02-02 15:15:46,681 [INFO] IPUIPlugin:80 - create IPUIPlugin
2026-02-02 15:15:46,681 [INFO] IPUIPlugin:80 - create IPUIPlugin
2026-02-02 15:15:46,681 [INFO] IPUIPlugin:80 - create IPUIPlugin
2026-02-02 15:15:46,681 [INFO] IPUIPlugin:80 - create IPUIPlugin
2026-02-02 15:15:46,681 [INFO] IPUIPlugin:80 - create IPUIPlugin
2026-02-02 15:15:46,682 [INFO] IPUIPlugin:80 - create IPUIPlugin
2026-02-02 15:15:46,682 [INFO] IPUIPlugin:80 - create IPUIPlugin
2026-02-02 15:15:46,682 [INFO] IPUIPlugin:80 - create IPUIPlugin
2026-02-02 15:15:46,682 [INFO] IPUIPlugin:80 - create IPUIPlugin
2026-02-02 15:15:46,682 [INFO] IPUIPlugin:80 - create IPUIPlugin
2026-02-02 15:15:46,682 [INFO] IPUIPlugin:80 - create IPUIPlugin
2026-02-02 15:15:46,682 [INFO] IPUIPlugin:80 - create IPUIPlugin
2026-02-02 15:15:46,683 [INFO] IPUIPlugin:80 - create IPUIPlugin
2026-02-02 15:15:46,683 [INFO] IPUIPlugin:80 - create IPUIPlugin
2026-02-02 15:15:46,683 [INFO] IPUIPlugin:80 - create IPUIPlugin
2026-02-02 15:15:46,683 [INFO] IPUIPlugin:80 - create IPUIPlugin
2026-02-02 15:15:46,683 [INFO] IPUIPlugin:80 - create IPUIPlugin
2026-02-02 15:15:46,683 [INFO] IPUIPlugin:80 - create IPUIPlugin
2026-02-02 15:15:46,683 [INFO] IPUIPlugin:80 - create IPUIPlugin
2026-02-02 15:15:46,683 [INFO] IPUIPlugin:80 - create IPUIPlugin
2026-02-02 15:15:46,684 [INFO] IPUIPlugin:80 - create IPUIPlugin
2026-02-02 15:15:46,684 [INFO] IPUIPlugin:80 - create IPUIPlugin
2026-02-02 15:15:46,684 [INFO] IPUIPlugin:80 - create IPUIPlugin
2026-02-02 15:15:46,684 [INFO] IPUIPlugin:80 - create IPUIPlugin
2026-02-02 15:15:46,684 [INFO] IPUIPlugin:80 - create IPUIPlugin
2026-02-02 15:15:46,684 [INFO] IPUIPlugin:80 - create IPUIPlugin
2026-02-02 15:15:46,684 [INFO] IPUIPlugin:80 - create IPUIPlugin
2026-02-02 15:15:46,684 [INFO] IPUIPlugin:80 - create IPUIPlugin
2026-02-02 15:15:46,685 [INFO] IPUIPlugin:80 - create IPUIPlugin
2026-02-02 15:15:46,685 [INFO] IPUIPlugin:80 - create IPUIPlugin
2026-02-02 15:15:46,685 [INFO] IPUIPlugin:80 - create IPUIPlugin
2026-02-02 15:15:46,685 [INFO] IPUIPlugin:80 - create IPUIPlugin
2026-02-02 15:15:46,686 [INFO] IPUIPlugin:80 - create IPUIPlugin
2026-02-02 15:15:46,686 [INFO] IPUIPlugin:80 - create IPUIPlugin
2026-02-02 15:15:46,686 [INFO] IPUIPlugin:80 - create IPUIPlugin
2026-02-02 15:15:46,688 [INFO] ApiDbMcu:532 - Load IP Config File for PDM2PCM
2026-02-02 15:15:46,691 [INFO] Can:71 - Can Add PropertyChangeListener com.st.microxplorer.plugins.ip.can.Can@542ee8c7
2026-02-02 15:15:46,692 [WARN] IP:2250 - I2C_Coeff_DF not found: check if there is a RefParameter without a condition.
2026-02-02 15:15:46,692 [WARN] IP:2250 - Analog_Filter not found: check if there is a RefParameter without a condition.
2026-02-02 15:15:46,748 [INFO] CADModel:165 - CPN selected for project levelSTM32F407VGT6
2026-02-02 15:15:46,748 [INFO] CADModel:114 - Register for checkConnection events
2026-02-02 15:15:46,787 [INFO] OpenFileManager:386 - Restore cursor
2026-02-02 15:15:47,003 [WARN] IP:2250 - I2C_Coeff_DF not found: check if there is a RefParameter without a condition.
2026-02-02 15:15:47,004 [WARN] IP:2250 - Analog_Filter not found: check if there is a RefParameter without a condition.
2026-02-02 15:15:47,004 [WARN] IP:2250 - I2C_Coeff_DF not found: check if there is a RefParameter without a condition.
2026-02-02 15:15:47,004 [WARN] IP:2250 - Analog_Filter not found: check if there is a RefParameter without a condition.
2026-02-02 15:23:18,814 [INFO] ADCParametersView:116 -                Rank 1 : false
2026-02-02 15:23:18,914 [INFO] ADCParametersView:116 -                Rank 1 : false
2026-02-02 15:23:18,914 [INFO] ADCParametersView:116 -                Rank 1 : false
2026-02-02 15:23:18,914 [INFO] ADCParametersView:116 -                Rank 1 : false
2026-02-02 15:23:18,914 [INFO] ADCParametersView:116 -                Rank 1 : false
2026-02-02 15:23:18,915 [INFO] ADCParametersView:116 -                Rank 1 : false
2026-02-02 15:23:18,915 [INFO] ADCParametersView:116 -                Rank 1 : false
2026-02-02 15:23:18,915 [INFO] ADCParametersView:116 -                Rank 1 : false
2026-02-02 15:23:18,915 [INFO] ADCParametersView:116 -                Rank 1 : false
2026-02-02 15:23:18,915 [INFO] ADCParametersView:116 -                Rank 1 : false
2026-02-02 15:23:18,915 [INFO] ADCParametersView:116 -                Rank 1 : false
2026-02-02 15:23:18,915 [INFO] ADCParametersView:116 -                Rank 1 : false
2026-02-02 15:23:18,915 [INFO] ADCParametersView:116 -                Rank 1 : false
2026-02-02 15:23:18,915 [INFO] ADCParametersView:116 -                Rank 1 : false
2026-02-02 15:23:18,915 [INFO] ADCParametersView:116 -                Rank 1 : false
2026-02-02 15:23:18,937 [INFO] ADCParametersView:116 -                Rank 1 : false
2026-02-02 15:24:19,202 [INFO] NvicIntPanel:101 - NVIC parent = com.st.microxplorer.plugins.ip.nvic.MultiNvicIntPanel[,0,0,0x0,invalid,layout=javax.swing.BoxLayout,alignmentX=0.0,alignmentY=0.0,border=,flags=9,maximumSize=,minimumSize=,preferredSize=]
2026-02-02 15:24:19,263 [INFO] ADCParametersView:116 -                Rank 1 : false
2026-02-02 15:24:19,266 [INFO] ADCParametersView:116 -                Rank 1 : false
2026-02-02 15:24:19,266 [INFO] ADCParametersView:116 -                Rank 1 : false
2026-02-02 15:24:19,266 [INFO] ADCParametersView:116 -                Rank 1 : false
2026-02-02 15:24:19,267 [INFO] ADCParametersView:116 -                Rank 1 : false
2026-02-02 15:24:19,267 [INFO] ADCParametersView:116 -                Rank 1 : false
2026-02-02 15:24:19,267 [INFO] ADCParametersView:116 -                Rank 1 : false
2026-02-02 15:24:19,267 [INFO] ADCParametersView:116 -                Rank 1 : false
2026-02-02 15:24:19,267 [INFO] ADCParametersView:116 -                Rank 1 : false
2026-02-02 15:24:19,267 [INFO] ADCParametersView:116 -                Rank 1 : false
2026-02-02 15:24:19,267 [INFO] ADCParametersView:116 -                Rank 1 : false
2026-02-02 15:24:19,267 [INFO] ADCParametersView:116 -                Rank 1 : false
2026-02-02 15:24:19,268 [INFO] ADCParametersView:116 -                Rank 1 : false
2026-02-02 15:24:19,268 [INFO] ADCParametersView:116 -                Rank 1 : false
2026-02-02 15:24:19,290 [INFO] ADCParametersView:116 -                Rank 1 : false
2026-02-02 15:24:40,059 [INFO] NvicIntPanel:101 - NVIC parent = com.st.microxplorer.plugins.ip.nvic.MultiNvicIntPanel[,0,0,0x0,invalid,layout=javax.swing.BoxLayout,alignmentX=0.0,alignmentY=0.0,border=,flags=9,maximumSize=,minimumSize=,preferredSize=]
2026-02-02 15:24:40,097 [INFO] ADCParametersView:116 -                Rank 1 : false
2026-02-02 15:24:40,099 [INFO] ADCParametersView:116 -                Rank 1 : false
2026-02-02 15:24:40,099 [INFO] ADCParametersView:116 -                Rank 1 : false
2026-02-02 15:24:40,099 [INFO] ADCParametersView:116 -                Rank 1 : false
2026-02-02 15:24:40,100 [INFO] ADCParametersView:116 -                Rank 1 : false
2026-02-02 15:24:40,100 [INFO] ADCParametersView:116 -                Rank 1 : false
2026-02-02 15:24:40,100 [INFO] ADCParametersView:116 -                Rank 1 : false
2026-02-02 15:24:40,100 [INFO] ADCParametersView:116 -                Rank 1 : false
2026-02-02 15:24:40,100 [INFO] ADCParametersView:116 -                Rank 1 : false
2026-02-02 15:24:40,100 [INFO] ADCParametersView:116 -                Rank 1 : false
2026-02-02 15:24:40,100 [INFO] ADCParametersView:116 -                Rank 1 : false
2026-02-02 15:24:40,100 [INFO] ADCParametersView:116 -                Rank 1 : false
2026-02-02 15:24:40,100 [INFO] ADCParametersView:116 -                Rank 1 : false
2026-02-02 15:24:40,100 [INFO] ADCParametersView:116 -                Rank 1 : false
2026-02-02 15:24:40,126 [INFO] ADCParametersView:116 -                Rank 1 : false
2026-02-02 15:24:59,207 [INFO] NvicIntPanel:101 - NVIC parent = com.st.microxplorer.plugins.ip.nvic.MultiNvicIntPanel[,0,0,0x0,invalid,layout=javax.swing.BoxLayout,alignmentX=0.0,alignmentY=0.0,border=,flags=9,maximumSize=,minimumSize=,preferredSize=]
2026-02-02 15:25:33,198 [INFO] NvicIntPanel:101 - NVIC parent = com.st.microxplorer.plugins.ip.nvic.MultiNvicIntPanel[,0,0,0x0,invalid,layout=javax.swing.BoxLayout,alignmentX=0.0,alignmentY=0.0,border=,flags=9,maximumSize=,minimumSize=,preferredSize=]
2026-02-02 15:26:28,815 [INFO] ADCParametersView:116 -                Rank 1 : false
2026-02-02 15:26:28,826 [INFO] ADCParametersView:116 -                Rank 1 : false
2026-02-02 15:26:28,827 [INFO] ADCParametersView:116 -                Rank 1 : false
2026-02-02 15:26:28,827 [INFO] ADCParametersView:116 -                Rank 1 : false
2026-02-02 15:26:28,828 [INFO] ADCParametersView:116 -                Rank 1 : false
2026-02-02 15:26:28,828 [INFO] ADCParametersView:116 -                Rank 1 : false
2026-02-02 15:26:28,828 [INFO] ADCParametersView:116 -                Rank 1 : false
2026-02-02 15:26:28,829 [INFO] ADCParametersView:116 -                Rank 1 : false
2026-02-02 15:26:28,829 [INFO] ADCParametersView:116 -                Rank 1 : false
2026-02-02 15:26:28,829 [INFO] ADCParametersView:116 -                Rank 1 : false
2026-02-02 15:26:28,829 [INFO] ADCParametersView:116 -                Rank 1 : false
2026-02-02 15:26:28,829 [INFO] ADCParametersView:116 -                Rank 1 : false
2026-02-02 15:26:28,829 [INFO] ADCParametersView:116 -                Rank 1 : false
2026-02-02 15:26:28,830 [INFO] ADCParametersView:116 -                Rank 1 : false
2026-02-02 15:26:28,854 [INFO] ADCParametersView:116 -                Rank 1 : false
2026-02-02 15:26:28,856 [INFO] ADCParametersView:116 -                Rank 1 : false
2026-02-02 15:26:28,858 [INFO] ADCParametersView:116 -                Rank 1 : false
2026-02-02 15:26:28,858 [INFO] ADCParametersView:116 -                Rank 1 : false
2026-02-02 15:26:28,859 [INFO] ADCParametersView:116 -                Rank 1 : false
2026-02-02 15:26:28,859 [INFO] ADCParametersView:116 -                Rank 1 : false
2026-02-02 15:26:28,860 [INFO] ADCParametersView:116 -                Rank 1 : false
2026-02-02 15:26:28,860 [INFO] ADCParametersView:116 -                Rank 1 : false
2026-02-02 15:26:28,860 [INFO] ADCParametersView:116 -                Rank 1 : false
2026-02-02 15:26:28,860 [INFO] ADCParametersView:116 -                Rank 1 : false
2026-02-02 15:26:28,860 [INFO] ADCParametersView:116 -                Rank 1 : false
2026-02-02 15:26:28,860 [INFO] ADCParametersView:116 -                Rank 1 : false
2026-02-02 15:26:28,860 [INFO] ADCParametersView:116 -                Rank 1 : false
2026-02-02 15:26:28,860 [INFO] ADCParametersView:116 -                Rank 1 : false
2026-02-02 15:26:28,860 [INFO] ADCParametersView:116 -                Rank 1 : false
2026-02-02 15:26:28,881 [INFO] ADCParametersView:116 -                Rank 1 : false
2026-02-02 15:26:28,882 [INFO] ADCParametersView:116 -                Rank 1 : false
2026-02-02 15:26:28,883 [INFO] ADCParametersView:116 -                Rank 1 : false
2026-02-02 15:26:28,883 [INFO] ADCParametersView:116 -                Rank 1 : false
2026-02-02 15:26:28,883 [INFO] ADCParametersView:116 -                Rank 1 : false
2026-02-02 15:26:28,884 [INFO] ADCParametersView:116 -                Rank 1 : false
2026-02-02 15:26:28,884 [INFO] ADCParametersView:116 -                Rank 1 : false
2026-02-02 15:26:28,884 [INFO] ADCParametersView:116 -                Rank 1 : false
2026-02-02 15:26:28,884 [INFO] ADCParametersView:116 -                Rank 1 : false
2026-02-02 15:26:28,884 [INFO] ADCParametersView:116 -                Rank 1 : false
2026-02-02 15:26:28,884 [INFO] ADCParametersView:116 -                Rank 1 : false
2026-02-02 15:26:28,884 [INFO] ADCParametersView:116 -                Rank 1 : false
2026-02-02 15:26:28,884 [INFO] ADCParametersView:116 -                Rank 1 : false
2026-02-02 15:26:28,884 [INFO] ADCParametersView:116 -                Rank 1 : false
2026-02-02 15:26:28,884 [INFO] ADCParametersView:116 -                Rank 1 : false
2026-02-02 15:26:28,903 [INFO] ADCParametersView:116 -                Rank 1 : false
2026-02-02 15:26:28,904 [INFO] ADCParametersView:116 -                Rank 1 : false
2026-02-02 15:26:28,905 [INFO] ADCParametersView:116 -                Rank 1 : false
2026-02-02 15:26:28,905 [INFO] ADCParametersView:116 -                Rank 1 : false
2026-02-02 15:26:28,905 [INFO] ADCParametersView:116 -                Rank 1 : false
2026-02-02 15:26:28,905 [INFO] ADCParametersView:116 -                Rank 1 : false
2026-02-02 15:26:28,905 [INFO] ADCParametersView:116 -                Rank 1 : false
2026-02-02 15:26:28,905 [INFO] ADCParametersView:116 -                Rank 1 : false
2026-02-02 15:26:28,905 [INFO] ADCParametersView:116 -                Rank 1 : false
2026-02-02 15:26:28,905 [INFO] ADCParametersView:116 -                Rank 1 : false
2026-02-02 15:26:28,906 [INFO] ADCParametersView:116 -                Rank 1 : false
2026-02-02 15:26:28,906 [INFO] ADCParametersView:116 -                Rank 1 : false
2026-02-02 15:26:28,906 [INFO] ADCParametersView:116 -                Rank 1 : false
2026-02-02 15:26:28,906 [INFO] ADCParametersView:116 -                Rank 1 : false
2026-02-02 15:26:28,906 [INFO] ADCParametersView:116 -                Rank 1 : false
2026-02-02 15:26:28,925 [INFO] ADCParametersView:116 -                Rank 1 : false
2026-02-02 15:26:28,926 [INFO] ADCParametersView:116 -                Rank 1 : false
2026-02-02 15:26:28,927 [INFO] ADCParametersView:116 -                Rank 1 : false
2026-02-02 15:26:28,928 [INFO] ADCParametersView:116 -                Rank 1 : false
2026-02-02 15:26:28,928 [INFO] ADCParametersView:116 -                Rank 1 : false
2026-02-02 15:26:28,928 [INFO] ADCParametersView:116 -                Rank 1 : false
2026-02-02 15:26:28,928 [INFO] ADCParametersView:116 -                Rank 1 : false
2026-02-02 15:26:28,928 [INFO] ADCParametersView:116 -                Rank 1 : false
2026-02-02 15:26:28,928 [INFO] ADCParametersView:116 -                Rank 1 : false
2026-02-02 15:26:28,928 [INFO] ADCParametersView:116 -                Rank 1 : false
2026-02-02 15:26:28,928 [INFO] ADCParametersView:116 -                Rank 1 : false
2026-02-02 15:26:28,928 [INFO] ADCParametersView:116 -                Rank 1 : false
2026-02-02 15:26:28,928 [INFO] ADCParametersView:116 -                Rank 1 : false
2026-02-02 15:26:28,928 [INFO] ADCParametersView:116 -                Rank 1 : false
2026-02-02 15:26:28,928 [INFO] ADCParametersView:116 -                Rank 1 : false
2026-02-02 15:26:28,947 [INFO] ADCParametersView:116 -                Rank 1 : false
2026-02-02 15:26:59,598 [INFO] NvicIntPanel:101 - NVIC parent = com.st.microxplorer.plugins.ip.nvic.MultiNvicIntPanel[,0,0,0x0,invalid,layout=javax.swing.BoxLayout,alignmentX=0.0,alignmentY=0.0,border=,flags=9,maximumSize=,minimumSize=,preferredSize=]
2026-02-02 15:26:59,648 [INFO] ADCParametersView:116 -                Rank 1 : false
2026-02-02 15:26:59,650 [INFO] ADCParametersView:116 -                Rank 1 : false
2026-02-02 15:26:59,650 [INFO] ADCParametersView:116 -                Rank 1 : false
2026-02-02 15:26:59,650 [INFO] ADCParametersView:116 -                Rank 1 : false
2026-02-02 15:26:59,650 [INFO] ADCParametersView:116 -                Rank 1 : false
2026-02-02 15:26:59,650 [INFO] ADCParametersView:116 -                Rank 1 : false
2026-02-02 15:26:59,650 [INFO] ADCParametersView:116 -                Rank 1 : false
2026-02-02 15:26:59,650 [INFO] ADCParametersView:116 -                Rank 1 : false
2026-02-02 15:26:59,650 [INFO] ADCParametersView:116 -                Rank 1 : false
2026-02-02 15:26:59,650 [INFO] ADCParametersView:116 -                Rank 1 : false
2026-02-02 15:26:59,650 [INFO] ADCParametersView:116 -                Rank 1 : false
2026-02-02 15:26:59,651 [INFO] ADCParametersView:116 -                Rank 1 : false
2026-02-02 15:26:59,651 [INFO] ADCParametersView:116 -                Rank 1 : false
2026-02-02 15:26:59,651 [INFO] ADCParametersView:116 -                Rank 1 : false
2026-02-02 15:26:59,671 [INFO] ADCParametersView:116 -                Rank 1 : false
2026-02-02 15:27:02,691 [INFO] NvicIntPanel:101 - NVIC parent = com.st.microxplorer.plugins.ip.nvic.MultiNvicIntPanel[,0,0,0x0,invalid,layout=javax.swing.BoxLayout,alignmentX=0.0,alignmentY=0.0,border=,flags=9,maximumSize=,minimumSize=,preferredSize=]
2026-02-02 15:27:02,739 [INFO] ADCParametersView:116 -                Rank 1 : false
2026-02-02 15:27:02,741 [INFO] ADCParametersView:116 -                Rank 1 : false
2026-02-02 15:27:02,741 [INFO] ADCParametersView:116 -                Rank 1 : false
2026-02-02 15:27:02,741 [INFO] ADCParametersView:116 -                Rank 1 : false
2026-02-02 15:27:02,741 [INFO] ADCParametersView:116 -                Rank 1 : false
2026-02-02 15:27:02,741 [INFO] ADCParametersView:116 -                Rank 1 : false
2026-02-02 15:27:02,741 [INFO] ADCParametersView:116 -                Rank 1 : false
2026-02-02 15:27:02,741 [INFO] ADCParametersView:116 -                Rank 1 : false
2026-02-02 15:27:02,742 [INFO] ADCParametersView:116 -                Rank 1 : false
2026-02-02 15:27:02,742 [INFO] ADCParametersView:116 -                Rank 1 : false
2026-02-02 15:27:02,742 [INFO] ADCParametersView:116 -                Rank 1 : false
2026-02-02 15:27:02,742 [INFO] ADCParametersView:116 -                Rank 1 : false
2026-02-02 15:27:02,742 [INFO] ADCParametersView:116 -                Rank 1 : false
2026-02-02 15:27:02,742 [INFO] ADCParametersView:116 -                Rank 1 : false
2026-02-02 15:27:02,761 [INFO] ADCParametersView:116 -                Rank 1 : false
2026-02-02 15:27:57,547 [INFO] DmaTabbedPanel:205 - Cannot restore the selected Tab for DMA
2026-02-02 15:28:32,396 [INFO] ADCParametersView:116 -                Rank 1 : false
2026-02-02 15:28:32,397 [INFO] ADCParametersView:116 -                Rank 1 : false
2026-02-02 15:28:32,397 [INFO] ADCParametersView:116 -                Rank 1 : false
2026-02-02 15:28:32,397 [INFO] ADCParametersView:116 -                Rank 1 : false
2026-02-02 15:28:32,397 [INFO] ADCParametersView:116 -                Rank 1 : false
2026-02-02 15:28:32,398 [INFO] ADCParametersView:116 -                Rank 1 : false
2026-02-02 15:28:32,398 [INFO] ADCParametersView:116 -                Rank 1 : false
2026-02-02 15:28:32,398 [INFO] ADCParametersView:116 -                Rank 1 : false
2026-02-02 15:28:32,398 [INFO] ADCParametersView:116 -                Rank 1 : false
2026-02-02 15:28:32,398 [INFO] ADCParametersView:116 -                Rank 1 : false
2026-02-02 15:28:32,398 [INFO] ADCParametersView:116 -                Rank 1 : false
2026-02-02 15:28:32,398 [INFO] ADCParametersView:116 -                Rank 1 : false
2026-02-02 15:28:32,398 [INFO] ADCParametersView:116 -                Rank 1 : false
2026-02-02 15:28:32,398 [INFO] ADCParametersView:116 -                Rank 1 : false
2026-02-02 15:28:32,417 [INFO] ADCParametersView:116 -                Rank 1 : false
2026-02-02 15:28:32,447 [INFO] ADCParametersView:116 -                Rank 1 : false
2026-02-02 15:28:32,448 [INFO] ADCParametersView:116 -                Rank 1 : false
2026-02-02 15:28:32,448 [INFO] ADCParametersView:116 -                Rank 1 : false
2026-02-02 15:28:32,448 [INFO] ADCParametersView:116 -                Rank 1 : false
2026-02-02 15:28:32,448 [INFO] ADCParametersView:116 -                Rank 1 : false
2026-02-02 15:28:32,448 [INFO] ADCParametersView:116 -                Rank 1 : false
2026-02-02 15:28:32,448 [INFO] ADCParametersView:116 -                Rank 1 : false
2026-02-02 15:28:32,448 [INFO] ADCParametersView:116 -                Rank 1 : false
2026-02-02 15:28:32,448 [INFO] ADCParametersView:116 -                Rank 1 : false
2026-02-02 15:28:32,448 [INFO] ADCParametersView:116 -                Rank 1 : false
2026-02-02 15:28:32,448 [INFO] ADCParametersView:116 -                Rank 1 : false
2026-02-02 15:28:32,448 [INFO] ADCParametersView:116 -                Rank 1 : false
2026-02-02 15:28:32,448 [INFO] ADCParametersView:116 -                Rank 1 : false
2026-02-02 15:28:32,449 [INFO] ADCParametersView:116 -                Rank 1 : false
2026-02-02 15:28:32,468 [INFO] ADCParametersView:116 -                Rank 1 : false
2026-02-02 15:28:36,927 [INFO] ADCParametersView:116 -                Rank 1 : false
2026-02-02 15:28:36,928 [INFO] ADCParametersView:116 -                Rank 1 : false
2026-02-02 15:28:36,928 [INFO] ADCParametersView:116 -                Rank 1 : false
2026-02-02 15:28:36,928 [INFO] ADCParametersView:116 -                Rank 1 : false
2026-02-02 15:28:36,928 [INFO] ADCParametersView:116 -                Rank 1 : false
2026-02-02 15:28:36,928 [INFO] ADCParametersView:116 -                Rank 1 : false
2026-02-02 15:28:36,929 [INFO] ADCParametersView:116 -                Rank 1 : false
2026-02-02 15:28:36,929 [INFO] ADCParametersView:116 -                Rank 1 : false
2026-02-02 15:28:36,929 [INFO] ADCParametersView:116 -                Rank 1 : false
2026-02-02 15:28:36,929 [INFO] ADCParametersView:116 -                Rank 1 : false
2026-02-02 15:28:36,929 [INFO] ADCParametersView:116 -                Rank 1 : false
2026-02-02 15:28:36,929 [INFO] ADCParametersView:116 -                Rank 1 : false
2026-02-02 15:28:36,929 [INFO] ADCParametersView:116 -                Rank 1 : false
2026-02-02 15:28:36,929 [INFO] ADCParametersView:116 -                Rank 1 : false
2026-02-02 15:28:36,938 [INFO] ParamManager:905 - [Generic UI] PropertyChangeEvent: TAB_STATUS_CHANGED , "dont care", "never mind"
2026-02-02 15:28:36,943 [INFO] ADCParametersView:116 -                Rank 1 : false
2026-02-02 15:28:36,962 [INFO] ADCParametersView:116 -                Rank 1 : false
2026-02-02 15:28:36,963 [INFO] ADCParametersView:116 -                Rank 1 : false
2026-02-02 15:28:36,963 [INFO] ADCParametersView:116 -                Rank 1 : false
2026-02-02 15:28:36,964 [INFO] ADCParametersView:116 -                Rank 1 : false
2026-02-02 15:28:36,964 [INFO] ADCParametersView:116 -                Rank 1 : false
2026-02-02 15:28:36,964 [INFO] ADCParametersView:116 -                Rank 1 : false
2026-02-02 15:28:36,964 [INFO] ADCParametersView:116 -                Rank 1 : false
2026-02-02 15:28:36,964 [INFO] ADCParametersView:116 -                Rank 1 : false
2026-02-02 15:28:36,964 [INFO] ADCParametersView:116 -                Rank 1 : false
2026-02-02 15:28:36,964 [INFO] ADCParametersView:116 -                Rank 1 : false
2026-02-02 15:28:36,964 [INFO] ADCParametersView:116 -                Rank 1 : false
2026-02-02 15:28:36,964 [INFO] ADCParametersView:116 -                Rank 1 : false
2026-02-02 15:28:36,964 [INFO] ADCParametersView:116 -                Rank 1 : false
2026-02-02 15:28:36,964 [INFO] ADCParametersView:116 -                Rank 1 : false
2026-02-02 15:28:36,974 [INFO] ADCParametersView:116 -                Rank 1 : false
2026-02-02 15:28:38,534 [INFO] ADCParametersView:116 -                Rank 1 : false
2026-02-02 15:28:38,535 [INFO] ADCParametersView:116 -                Rank 1 : false
2026-02-02 15:28:38,535 [INFO] ADCParametersView:116 -                Rank 1 : false
2026-02-02 15:28:38,535 [INFO] ADCParametersView:116 -                Rank 1 : false
2026-02-02 15:28:38,535 [INFO] ADCParametersView:116 -                Rank 1 : false
2026-02-02 15:28:38,535 [INFO] ADCParametersView:116 -                Rank 1 : false
2026-02-02 15:28:38,535 [INFO] ADCParametersView:116 -                Rank 1 : false
2026-02-02 15:28:38,535 [INFO] ADCParametersView:116 -                Rank 1 : false
2026-02-02 15:28:38,535 [INFO] ADCParametersView:116 -                Rank 1 : false
2026-02-02 15:28:38,535 [INFO] ADCParametersView:116 -                Rank 1 : false
2026-02-02 15:28:38,535 [INFO] ADCParametersView:116 -                Rank 1 : false
2026-02-02 15:28:38,535 [INFO] ADCParametersView:116 -                Rank 1 : false
2026-02-02 15:28:38,535 [INFO] ADCParametersView:116 -                Rank 1 : false
2026-02-02 15:28:38,535 [INFO] ADCParametersView:116 -                Rank 1 : false
2026-02-02 15:28:38,561 [INFO] ADCParametersView:116 -                Rank 1 : false
2026-02-02 15:28:58,813 [INFO] ParamManager:905 - [Generic UI] PropertyChangeEvent: TAB_STATUS_CHANGED , "dont care", "never mind"
2026-02-02 15:35:11,561 [INFO] ADCParametersView:116 -                Rank 1 : false
2026-02-02 15:35:11,563 [INFO] ADCParametersView:116 -                Rank 1 : false
2026-02-02 15:35:11,563 [INFO] ADCParametersView:116 -                Rank 1 : false
2026-02-02 15:35:11,563 [INFO] ADCParametersView:116 -                Rank 1 : false
2026-02-02 15:35:11,563 [INFO] ADCParametersView:116 -                Rank 1 : false
2026-02-02 15:35:11,563 [INFO] ADCParametersView:116 -                Rank 1 : false
2026-02-02 15:35:11,563 [INFO] ADCParametersView:116 -                Rank 1 : false
2026-02-02 15:35:11,563 [INFO] ADCParametersView:116 -                Rank 1 : false
2026-02-02 15:35:11,563 [INFO] ADCParametersView:116 -                Rank 1 : false
2026-02-02 15:35:11,563 [INFO] ADCParametersView:116 -                Rank 1 : false
2026-02-02 15:35:11,563 [INFO] ADCParametersView:116 -                Rank 1 : false
2026-02-02 15:35:11,563 [INFO] ADCParametersView:116 -                Rank 1 : false
2026-02-02 15:35:11,563 [INFO] ADCParametersView:116 -                Rank 1 : false
2026-02-02 15:35:11,563 [INFO] ADCParametersView:116 -                Rank 1 : false
2026-02-02 15:35:11,581 [INFO] ADCParametersView:116 -                Rank 1 : false
2026-02-02 15:35:11,609 [INFO] ADCParametersView:116 -                Rank 1 : false
2026-02-02 15:35:11,609 [INFO] ADCParametersView:116 -                Rank 1 : false
2026-02-02 15:35:11,610 [INFO] ADCParametersView:116 -                Rank 1 : false
2026-02-02 15:35:11,610 [INFO] ADCParametersView:116 -                Rank 1 : false
2026-02-02 15:35:11,610 [INFO] ADCParametersView:116 -                Rank 1 : false
2026-02-02 15:35:11,610 [INFO] ADCParametersView:116 -                Rank 1 : false
2026-02-02 15:35:11,610 [INFO] ADCParametersView:116 -                Rank 1 : false
2026-02-02 15:35:11,610 [INFO] ADCParametersView:116 -                Rank 1 : false
2026-02-02 15:35:11,610 [INFO] ADCParametersView:116 -                Rank 1 : false
2026-02-02 15:35:11,610 [INFO] ADCParametersView:116 -                Rank 1 : false
2026-02-02 15:35:11,610 [INFO] ADCParametersView:116 -                Rank 1 : false
2026-02-02 15:35:11,610 [INFO] ADCParametersView:116 -                Rank 1 : false
2026-02-02 15:35:11,610 [INFO] ADCParametersView:116 -                Rank 1 : false
2026-02-02 15:35:11,610 [INFO] ADCParametersView:116 -                Rank 1 : false
2026-02-02 15:35:11,627 [INFO] ADCParametersView:116 -                Rank 1 : false
2026-02-02 15:35:26,663 [INFO] NvicIntPanel:101 - NVIC parent = com.st.microxplorer.plugins.ip.nvic.MultiNvicIntPanel[,0,0,0x0,invalid,layout=javax.swing.BoxLayout,alignmentX=0.0,alignmentY=0.0,border=,flags=9,maximumSize=,minimumSize=,preferredSize=]
2026-02-02 15:35:39,077 [INFO] NvicIntPanel:101 - NVIC parent = com.st.microxplorer.plugins.ip.nvic.MultiNvicIntPanel[,0,0,0x0,invalid,layout=javax.swing.BoxLayout,alignmentX=0.0,alignmentY=0.0,border=,flags=9,maximumSize=,minimumSize=,preferredSize=]
2026-02-02 15:35:40,404 [INFO] UtilMem:75 - End SaveConfig() Used Memory: 806953672 Bytes (1003487232)
2026-02-02 15:35:41,990 [INFO] UtilMem:75 - End SaveConfig() Used Memory: 838410952 Bytes (1003487232)
2026-02-02 15:35:44,041 [INFO] UtilMem:75 - End SaveConfig() Used Memory: 364563952 Bytes (1003487232)
2026-02-02 15:35:44,159 [INFO] BlockDiagram:2775 - set Specific Code input for plugin: TIM1_8
2026-02-02 15:35:44,159 [INFO] BlockDiagram:2775 - set Specific Code input for plugin: CAN
2026-02-02 15:35:44,160 [INFO] BlockDiagram:2775 - set Specific Code input for plugin: ADC
2026-02-02 15:35:44,160 [INFO] BlockDiagram:2775 - set Specific Code input for plugin: SYS
2026-02-02 15:35:44,160 [INFO] BlockDiagram:2775 - set Specific Code input for plugin: RCC
2026-02-02 15:35:44,160 [INFO] BlockDiagram:2775 - set Specific Code input for plugin: I2C
2026-02-02 15:35:44,160 [INFO] BlockDiagram:2775 - set Specific Code input for plugin: NVIC
2026-02-02 15:35:44,160 [INFO] BlockDiagram:2775 - set Specific Code input for plugin: USART
2026-02-02 15:35:44,160 [INFO] BlockDiagram:2775 - set Specific Code input for plugin: DMA
2026-02-02 15:35:44,160 [INFO] BlockDiagram:2775 - set Specific Code input for plugin: GPIO
2026-02-02 15:35:44,160 [INFO] CodeGenerator:892 - code generatio: config db path: /home/krushna/.stm32cubemx/databases/DB.6.0.130/db/
2026-02-02 15:35:44,172 [WARN] IP:2250 - I2C_Coeff_DF not found: check if there is a RefParameter without a condition.
2026-02-02 15:35:44,172 [WARN] IP:2250 - Analog_Filter not found: check if there is a RefParameter without a condition.
2026-02-02 15:35:44,290 [INFO] CodeEngine:265 - oldGeneratedFile, /home/krushna/CDAC_Project/HAL_CAN_TX/MXTmpFiles/license.tmp_save
2026-02-02 15:35:44,602 [INFO] CodeEngine:289 - Generated code: /home/krushna/CDAC_Project/HAL_CAN_TX/MXTmpFiles/license.tmp
2026-02-02 15:35:44,685 [INFO] CodeEngine:265 - oldGeneratedFile, /home/krushna/CDAC_Project/HAL_CAN_TX/MXTmpFiles/gpio.tmp_save
2026-02-02 15:35:44,831 [INFO] CodeEngine:289 - Generated code: /home/krushna/CDAC_Project/HAL_CAN_TX/MXTmpFiles/gpio.tmp
2026-02-02 15:35:45,169 [INFO] CodeEngine:265 - oldGeneratedFile, /home/krushna/CDAC_Project/HAL_CAN_TX/MXTmpFiles/dma.tmp_save
2026-02-02 15:35:45,272 [INFO] CodeEngine:289 - Generated code: /home/krushna/CDAC_Project/HAL_CAN_TX/MXTmpFiles/dma.tmp
2026-02-02 15:35:45,274 [INFO] CodeEngine:265 - oldGeneratedFile, /home/krushna/CDAC_Project/HAL_CAN_TX/MXTmpFiles/dma_GV.tmp_save
2026-02-02 15:35:45,367 [INFO] CodeEngine:289 - Generated code: /home/krushna/CDAC_Project/HAL_CAN_TX/MXTmpFiles/dma_GV.tmp
2026-02-02 15:35:45,381 [INFO] CodeEngine:265 - oldGeneratedFile, /home/krushna/CDAC_Project/HAL_CAN_TX/Core/Src/stm32f4xx_it.c_save
2026-02-02 15:35:45,746 [INFO] CodeEngine:289 - Generated code: /home/krushna/CDAC_Project/HAL_CAN_TX/Core/Src/stm32f4xx_it.c
2026-02-02 15:35:45,748 [INFO] CodeEngine:265 - oldGeneratedFile, /home/krushna/CDAC_Project/HAL_CAN_TX/Core/Inc/stm32f4xx_it.h_save
2026-02-02 15:35:45,839 [INFO] CodeEngine:289 - Generated code: /home/krushna/CDAC_Project/HAL_CAN_TX/Core/Inc/stm32f4xx_it.h
2026-02-02 15:35:45,850 [INFO] CodeEngine:265 - oldGeneratedFile, /home/krushna/CDAC_Project/HAL_CAN_TX/Core/Src/stm32f4xx_hal_msp.c_save
2026-02-02 15:35:45,998 [INFO] CodeEngine:289 - Generated code: /home/krushna/CDAC_Project/HAL_CAN_TX/Core/Src/stm32f4xx_hal_msp.c
2026-02-02 15:35:46,000 [INFO] CodeEngine:265 - oldGeneratedFile, /home/krushna/CDAC_Project/HAL_CAN_TX/MXTmpFiles/system.tmp_save
2026-02-02 15:35:46,058 [INFO] CodeEngine:289 - Generated code: /home/krushna/CDAC_Project/HAL_CAN_TX/MXTmpFiles/system.tmp
2026-02-02 15:35:46,062 [INFO] CodeEngine:321 - oldGeneratedFile, /home/krushna/CDAC_Project/HAL_CAN_TX/Core/Inc/stm32f4xx_hal_conf.h_save
2026-02-02 15:35:46,158 [INFO] CodeEngine:345 - Generated code: /home/krushna/CDAC_Project/HAL_CAN_TX/Core/Inc/stm32f4xx_hal_conf.h
2026-02-02 15:35:46,178 [INFO] ApiDbMcu:532 - Load IP Config File for ADC2
2026-02-02 15:35:46,181 [INFO] ApiDbMcu:532 - Load IP Config File for CAN1
2026-02-02 15:35:46,185 [INFO] ApiDbMcu:532 - Load IP Config File for I2C1
2026-02-02 15:35:46,196 [INFO] ApiDbMcu:532 - Load IP Config File for TIM4
2026-02-02 15:35:46,199 [INFO] ApiDbMcu:532 - Load IP Config File for USART2
2026-02-02 15:35:46,202 [INFO] ApiDbMcu:532 - Load IP Config File for RCC
2026-02-02 15:35:46,204 [WARN] IPConfigManager:3811 - IP not found : TIM
2026-02-02 15:35:46,205 [WARN] CodeGenerator:4259 - IP not found : null
2026-02-02 15:35:46,208 [INFO] CodeEngine:265 - oldGeneratedFile, /home/krushna/CDAC_Project/HAL_CAN_TX/Core/Inc/main.h_save
2026-02-02 15:35:46,300 [INFO] CodeEngine:289 - Generated code: /home/krushna/CDAC_Project/HAL_CAN_TX/Core/Inc/main.h
2026-02-02 15:35:46,302 [INFO] CodeEngine:265 - oldGeneratedFile, /home/krushna/CDAC_Project/HAL_CAN_TX/Core/Src/main.c_save
2026-02-02 15:35:46,443 [INFO] CodeEngine:289 - Generated code: /home/krushna/CDAC_Project/HAL_CAN_TX/Core/Src/main.c
2026-02-02 15:35:46,655 [INFO] ProjectBuilder:3606 - Time for Copy HAL[1] : 37mS.
2026-02-02 15:35:46,657 [INFO] ProjectBuilder:5216 - Project Generator version: 4.7.0-B52
2026-02-02 15:35:46,736 [INFO] ConfigFileManager:1595 - The Die is : DIE413
2026-02-02 15:35:46,738 [INFO] ApiDbMcu:532 - Load IP Config File for FATFS
2026-02-02 15:35:46,741 [INFO] ApiDbMcu:532 - Load IP Config File for FREERTOS
2026-02-02 15:35:46,743 [INFO] ApiDbMcu:532 - Load IP Config File for LIBJPEG
2026-02-02 15:35:46,749 [INFO] ApiDbMcu:532 - Load IP Config File for LWIP
2026-02-02 15:35:46,756 [INFO] ApiDbMcu:532 - Load IP Config File for MBEDTLS
2026-02-02 15:35:46,764 [INFO] ApiDbMcu:532 - Load IP Config File for USB_DEVICE
2026-02-02 15:35:46,768 [INFO] ApiDbMcu:532 - Load IP Config File for USB_HOST
2026-02-02 15:35:47,722 [INFO] ProjectBuilder:5496 - Time for Generating toolchain IDE Files: 1065mS.
2026-02-02 15:35:47,722 [INFO] ProjectBuilder:3463 - Time for Copy CMSIS : 0mS.
2026-02-02 15:35:47,723 [INFO] ProjectBuilder:3463 - Time for Copy CMSIS : 0mS.
2026-02-02 16:15:35,783 [ERROR] LogOutputStream:75 - [STDERR_REDIRECT] 
2026-02-02 18:29:34,420 [INFO] Activator:176 - 


2026-02-02 18:29:34,422 [INFO] Activator:177 - !SESSION log4j initialized
2026-02-02 18:29:38,665 [INFO] LogOutputStream:77 - [STDOUT_REDIRECT] 
2026-02-02 18:29:39,635 [INFO] ApplicationProperties:184 - Using Application install path: /opt/st/stm32cubeide_1.19.0/plugins/com.st.stm32cube.common.mx_6.15.0.202507011659
2026-02-02 18:29:39,661 [INFO] DbMcusXml:78 - Set database path to: /opt/st/stm32cubeide_1.19.0/plugins/com.st.stm32cube.common.mx_6.15.0.202507011659//db//mcu/
2026-02-02 18:29:39,661 [INFO] ApiDb:274 - Set plugin database path to: /opt/st/stm32cubeide_1.19.0/plugins/com.st.stm32cube.common.mx_6.15.0.202507011659//db//plugins/boardmanager/
2026-02-02 18:29:39,661 [WARN] ApiDb:259 - Overriding images path with different value:  => /opt/st/stm32cubeide_1.19.0/plugins/com.st.stm32cube.common.mx_6.15.0.202507011659//db//plugins/mcufinder/images/
2026-02-02 18:29:39,670 [INFO] ApiDb:250 - Set database path to: /home/krushna/.stmcufinder/plugins/mcufinder//mcu/
2026-02-02 18:29:39,672 [INFO] DbMcusAds:125 - Set database path to: /home/krushna/.stmcufinder/plugins/mcufinder//mcu/
2026-02-02 18:29:39,677 [INFO] CrossReferenceDbSqlite:203 - Set database path to: /home/krushna/.stmcufinder/plugins/mcufinder//mcu/cs/
2026-02-02 18:29:39,810 [INFO] RulesReader:64 - Compatibility file has been processed (317 Rules)
2026-02-02 18:29:39,885 [INFO] DbMcusXml:78 - Set database path to: /opt/st/stm32cubeide_1.19.0/plugins/com.st.stm32cube.common.mx_6.15.0.202507011659//db//mcu/
2026-02-02 18:29:39,885 [INFO] ApiDb:274 - Set plugin database path to: /opt/st/stm32cubeide_1.19.0/plugins/com.st.stm32cube.common.mx_6.15.0.202507011659//db//plugins/boardmanager/
2026-02-02 18:29:39,885 [INFO] ApiDb:261 - Set plugin images path to: /opt/st/stm32cubeide_1.19.0/plugins/com.st.stm32cube.common.mx_6.15.0.202507011659//db//plugins/mcufinder/images/
2026-02-02 18:29:39,886 [WARN] DbFile:41 - Overriding database path with different value: /home/krushna/.stmcufinder/plugins/mcufinder/ => /home/krushna/.stmcufinder/plugins/mcufinder
2026-02-02 18:29:39,886 [INFO] ApiDb:250 - Set database path to: /home/krushna/.stmcufinder/plugins/mcufinder//mcu/
2026-02-02 18:29:39,886 [WARN] DbFile:41 - Overriding database path with different value: /home/krushna/.stmcufinder/plugins/mcufinder/ => /home/krushna/.stmcufinder/plugins/mcufinder
2026-02-02 18:29:39,886 [INFO] DbMcusAds:125 - Set database path to: /home/krushna/.stmcufinder/plugins/mcufinder//mcu/
2026-02-02 18:29:39,886 [WARN] DbFile:41 - Overriding database path with different value: /home/krushna/.stmcufinder/plugins/mcufinder/ => /home/krushna/.stmcufinder/plugins/mcufinder
2026-02-02 18:29:39,886 [WARN] DbFile:41 - Overriding database path with different value: /home/krushna/.stmcufinder/plugins/mcufinder/ => /home/krushna/.stmcufinder/plugins/mcufinder
2026-02-02 18:29:39,886 [INFO] CrossReferenceDbSqlite:203 - Set database path to: /home/krushna/.stmcufinder/plugins/mcufinder//mcu/cs/
2026-02-02 18:29:39,973 [INFO] MainPanel:274 - HeapMemory: 268435456
2026-02-02 18:29:40,112 [INFO] DbMcusXml:78 - Set database path to: /opt/st/stm32cubeide_1.19.0/plugins/com.st.stm32cube.common.mx_6.15.0.202507011659//db//mcu/
2026-02-02 18:29:40,112 [INFO] ApiDb:274 - Set plugin database path to: /opt/st/stm32cubeide_1.19.0/plugins/com.st.stm32cube.common.mx_6.15.0.202507011659//db//plugins/boardmanager/
2026-02-02 18:29:40,112 [INFO] ApiDb:261 - Set plugin images path to: /opt/st/stm32cubeide_1.19.0/plugins/com.st.stm32cube.common.mx_6.15.0.202507011659//db//plugins/mcufinder/images/
2026-02-02 18:29:40,113 [WARN] DbFile:41 - Overriding database path with different value: /home/krushna/.stmcufinder/plugins/mcufinder/ => /home/krushna/.stmcufinder/plugins/mcufinder
2026-02-02 18:29:40,113 [INFO] ApiDb:250 - Set database path to: /home/krushna/.stmcufinder/plugins/mcufinder//mcu/
2026-02-02 18:29:40,113 [WARN] DbFile:41 - Overriding database path with different value: /home/krushna/.stmcufinder/plugins/mcufinder/ => /home/krushna/.stmcufinder/plugins/mcufinder
2026-02-02 18:29:40,113 [INFO] DbMcusAds:125 - Set database path to: /home/krushna/.stmcufinder/plugins/mcufinder//mcu/
2026-02-02 18:29:40,113 [WARN] DbFile:41 - Overriding database path with different value: /home/krushna/.stmcufinder/plugins/mcufinder/ => /home/krushna/.stmcufinder/plugins/mcufinder
2026-02-02 18:29:40,113 [WARN] DbFile:41 - Overriding database path with different value: /home/krushna/.stmcufinder/plugins/mcufinder/ => /home/krushna/.stmcufinder/plugins/mcufinder
2026-02-02 18:29:40,113 [INFO] CrossReferenceDbSqlite:203 - Set database path to: /home/krushna/.stmcufinder/plugins/mcufinder//mcu/cs/
2026-02-02 18:29:40,132 [INFO] ApplicationProperties:184 - Using Application install path: /opt/st/stm32cubeide_1.19.0/plugins/com.st.stm32cube.common.mx_6.15.0.202507011659
2026-02-02 18:29:40,134 [INFO] PluginManage:196 - Search for loadable plugins [exclusion list=, ]
2026-02-02 18:29:40,135 [INFO] PluginManage:310 - Check plugin analytics
2026-02-02 18:29:40,319 [INFO] AnalyticsPlugin:253 - Accepted Software Licenses: 
2026-02-02 18:29:40,319 [INFO] AnalyticsPlugin:255 - Accepted CMSIS Pack Licenses: 
2026-02-02 18:29:40,319 [INFO] AnalyticsPlugin:257 - Accepted Firmware Licenses: FW.F4.1.28.0
2026-02-02 18:29:40,323 [INFO] PluginManage:359 - Loaded plugin analytics (category:tool,tabindex:-1)
2026-02-02 18:29:40,323 [INFO] PluginManage:310 - Check plugin cadmodel
2026-02-02 18:29:40,328 [INFO] CADModel:105 - Init CAD model plugin
2026-02-02 18:29:40,328 [INFO] PluginManage:359 - Loaded plugin cadmodel (category:power,tabindex:5)
2026-02-02 18:29:40,329 [INFO] PluginManage:310 - Check plugin clock
2026-02-02 18:29:40,338 [INFO] PluginManage:359 - Loaded plugin clock (category:base,tabindex:2)
2026-02-02 18:29:40,338 [INFO] PluginManage:310 - Check plugin ddr
2026-02-02 18:29:40,341 [INFO] PluginManage:359 - Loaded plugin ddr (category:tool,tabindex:6)
2026-02-02 18:29:40,341 [INFO] PluginManage:310 - Check plugin filemanager
2026-02-02 18:29:40,497 [INFO] PluginManage:359 - Loaded plugin filemanager (category:base,tabindex:10)
2026-02-02 18:29:40,497 [INFO] PluginManage:310 - Check plugin ipmanager
2026-02-02 18:29:40,503 [INFO] PluginManage:359 - Loaded plugin ipmanager (category:base,tabindex:5)
2026-02-02 18:29:40,503 [INFO] PluginManage:310 - Check plugin lpbam
2026-02-02 18:29:40,514 [INFO] PluginManage:359 - Loaded plugin lpbam (category:base,tabindex:0)
2026-02-02 18:29:40,515 [INFO] PluginManage:310 - Check plugin memorymap
2026-02-02 18:29:40,527 [INFO] PluginManage:359 - Loaded plugin memorymap (category:base,tabindex:4)
2026-02-02 18:29:40,527 [INFO] PluginManage:310 - Check plugin pinoutandconfiguration
2026-02-02 18:29:40,537 [INFO] PluginManage:359 - Loaded plugin pinoutandconfiguration (category:base,tabindex:1)
2026-02-02 18:29:40,537 [INFO] PluginManage:310 - Check plugin pinoutconfig
2026-02-02 18:29:40,622 [WARN] SupportedApi:132 - Cannot load RTOS API schema: s4s-elt-must-match.1: The content of 'definitions' must match (annotation?, (simpleType | complexType)?, (unique | key | keyref)*)). A problem was found starting at: attribute.
2026-02-02 18:29:40,777 [INFO] PluginManage:359 - Loaded plugin pinoutconfig (category:base,tabindex:0)
2026-02-02 18:29:40,777 [INFO] PluginManage:310 - Check plugin power
2026-02-02 18:29:40,787 [INFO] PluginManage:359 - Loaded plugin power (category:power,tabindex:4)
2026-02-02 18:29:40,787 [INFO] PluginManage:310 - Check plugin projectmanager
2026-02-02 18:29:40,805 [INFO] PluginManage:359 - Loaded plugin projectmanager (category:projectmanager,tabindex:4)
2026-02-02 18:29:40,805 [INFO] PluginManage:310 - Check plugin rif
2026-02-02 18:29:40,818 [INFO] PluginManage:359 - Loaded plugin rif (category:base,tabindex:3)
2026-02-02 18:29:40,818 [INFO] PluginManage:310 - Check plugin thirdparty
2026-02-02 18:29:40,940 [INFO] PluginManage:359 - Loaded plugin thirdparty (category:base,tabindex:-1)
2026-02-02 18:29:40,940 [WARN] IntegrityCheckThread:84 - waiting for thirdparty lock release [integrity check]
2026-02-02 18:29:40,940 [INFO] PluginManage:310 - Check plugin tools
2026-02-02 18:29:40,940 [INFO] IntegrityCheckThread:86 - entering critical section [integrity check]
2026-02-02 18:29:40,941 [INFO] ThirdPartyUpdaterWithRetryManager:70 - Updater plugin not ready yet. [1/15]
2026-02-02 18:29:40,942 [INFO] PluginManage:359 - Loaded plugin tools (category:base,tabindex:7)
2026-02-02 18:29:40,943 [INFO] PluginManage:310 - Check plugin tutovideos
2026-02-02 18:29:41,121 [INFO] PluginManage:359 - Loaded plugin tutovideos (category:base,tabindex:-1)
2026-02-02 18:29:41,121 [INFO] PluginManage:310 - Check plugin updater
2026-02-02 18:29:41,144 [INFO] PluginManage:359 - Loaded plugin updater (category:base,tabindex:12)
2026-02-02 18:29:41,145 [INFO] PluginManage:310 - Check plugin userauth
2026-02-02 18:29:41,149 [INFO] UserAuth:118 - Init User Auth plugin
2026-02-02 18:29:41,150 [INFO] PluginManage:359 - Loaded plugin userauth (category:base,tabindex:14)
2026-02-02 18:29:41,150 [INFO] PluginManage:283 - PluginManage : Loaded plugins [18]
2026-02-02 18:29:41,337 [INFO] PinOutPanel:1589 - setPackage(No Configuration,No Configuration)
2026-02-02 18:29:41,411 [INFO] CADModel:165 - CPN selected for project level
2026-02-02 18:29:41,411 [INFO] CADModel:114 - Register for checkConnection events
2026-02-02 18:29:41,423 [INFO] IPUIPlugin:80 - create IPUIPlugin
2026-02-02 18:29:41,423 [INFO] PluginManager:220 - loadIPPluginJar : add tsc
2026-02-02 18:29:41,428 [INFO] IPUIPlugin:80 - create IPUIPlugin
2026-02-02 18:29:41,429 [INFO] PluginManager:220 - loadIPPluginJar : add gpio
2026-02-02 18:29:41,437 [INFO] IPUIPlugin:80 - create IPUIPlugin
2026-02-02 18:29:41,437 [INFO] PluginManager:220 - loadIPPluginJar : add linkedlist
2026-02-02 18:29:41,446 [INFO] IPUIPlugin:80 - create IPUIPlugin
2026-02-02 18:29:41,447 [INFO] PluginManager:220 - loadIPPluginJar : add fmc
2026-02-02 18:29:41,453 [INFO] IPUIPlugin:80 - create IPUIPlugin
2026-02-02 18:29:41,456 [INFO] PluginManager:220 - loadIPPluginJar : add plateformsettings
2026-02-02 18:29:41,458 [INFO] IPUIPlugin:80 - create IPUIPlugin
2026-02-02 18:29:41,459 [INFO] PluginManager:220 - loadIPPluginJar : add cryp
2026-02-02 18:29:41,461 [INFO] IPUIPlugin:80 - create IPUIPlugin
2026-02-02 18:29:41,461 [INFO] PluginManager:220 - loadIPPluginJar : add i2c
2026-02-02 18:29:41,464 [INFO] IPUIPlugin:80 - create IPUIPlugin
2026-02-02 18:29:41,464 [INFO] PluginManager:220 - loadIPPluginJar : add lorawan
2026-02-02 18:29:41,467 [INFO] IPUIPlugin:80 - create IPUIPlugin
2026-02-02 18:29:41,468 [INFO] PluginManager:220 - loadIPPluginJar : add touchsensing
2026-02-02 18:29:41,469 [INFO] IPUIPlugin:80 - create IPUIPlugin
2026-02-02 18:29:41,469 [INFO] PluginManager:220 - loadIPPluginJar : add ltdc
2026-02-02 18:29:41,471 [INFO] IPUIPlugin:80 - create IPUIPlugin
2026-02-02 18:29:41,471 [INFO] PluginManager:220 - loadIPPluginJar : add i2s
2026-02-02 18:29:41,473 [INFO] IPUIPlugin:80 - create IPUIPlugin
2026-02-02 18:29:41,473 [INFO] PluginManager:220 - loadIPPluginJar : add fatfs
2026-02-02 18:29:41,482 [INFO] IPUIPlugin:80 - create IPUIPlugin
2026-02-02 18:29:41,483 [INFO] PluginManager:220 - loadIPPluginJar : add mdma
2026-02-02 18:29:41,486 [INFO] IPUIPlugin:80 - create IPUIPlugin
2026-02-02 18:29:41,486 [INFO] PluginManager:220 - loadIPPluginJar : add ts
2026-02-02 18:29:41,488 [INFO] IPUIPlugin:80 - create IPUIPlugin
2026-02-02 18:29:41,488 [INFO] PluginManager:220 - loadIPPluginJar : add ucpd
2026-02-02 18:29:41,490 [INFO] IPUIPlugin:80 - create IPUIPlugin
2026-02-02 18:29:41,491 [INFO] PluginManager:220 - loadIPPluginJar : add radio
2026-02-02 18:29:41,495 [INFO] IPUIPlugin:80 - create IPUIPlugin
2026-02-02 18:29:41,496 [INFO] PluginManager:220 - loadIPPluginJar : add ipddr
2026-02-02 18:29:41,501 [INFO] IPUIPlugin:80 - create IPUIPlugin
2026-02-02 18:29:41,501 [INFO] PluginManager:220 - loadIPPluginJar : add nvic
2026-02-02 18:29:41,504 [INFO] IPUIPlugin:80 - create IPUIPlugin
2026-02-02 18:29:41,504 [INFO] PluginManager:220 - loadIPPluginJar : add ddr_ctrl_phy
2026-02-02 18:29:41,507 [INFO] IPUIPlugin:80 - create IPUIPlugin
2026-02-02 18:29:41,507 [INFO] PluginManager:220 - loadIPPluginJar : add opamp
2026-02-02 18:29:41,510 [INFO] IPUIPlugin:80 - create IPUIPlugin
2026-02-02 18:29:41,510 [INFO] PluginManager:220 - loadIPPluginJar : add usart
2026-02-02 18:29:41,516 [INFO] IPUIPlugin:80 - create IPUIPlugin
2026-02-02 18:29:41,517 [INFO] PluginManager:220 - loadIPPluginJar : add freertos
2026-02-02 18:29:41,520 [INFO] IPUIPlugin:80 - create IPUIPlugin
2026-02-02 18:29:41,520 [INFO] PluginManager:220 - loadIPPluginJar : add usbx
2026-02-02 18:29:41,524 [INFO] IPUIPlugin:80 - create IPUIPlugin
2026-02-02 18:29:41,524 [INFO] PluginManager:220 - loadIPPluginJar : add sai
2026-02-02 18:29:41,527 [INFO] IPUIPlugin:80 - create IPUIPlugin
2026-02-02 18:29:41,527 [INFO] PluginManager:220 - loadIPPluginJar : add hash
2026-02-02 18:29:41,529 [INFO] IPUIPlugin:80 - create IPUIPlugin
2026-02-02 18:29:41,529 [INFO] PluginManager:220 - loadIPPluginJar : add openamp
2026-02-02 18:29:41,535 [INFO] IPUIPlugin:80 - create IPUIPlugin
2026-02-02 18:29:41,535 [INFO] PluginManager:220 - loadIPPluginJar : add gic
2026-02-02 18:29:41,539 [INFO] IPUIPlugin:80 - create IPUIPlugin
2026-02-02 18:29:41,539 [INFO] PluginManager:220 - loadIPPluginJar : add extmemmanager
2026-02-02 18:29:41,542 [INFO] IPUIPlugin:80 - create IPUIPlugin
2026-02-02 18:29:41,542 [INFO] PluginManager:220 - loadIPPluginJar : add pdm2pcm
2026-02-02 18:29:41,544 [INFO] IPUIPlugin:80 - create IPUIPlugin
2026-02-02 18:29:41,544 [INFO] PluginManager:220 - loadIPPluginJar : add tim
2026-02-02 18:29:41,547 [INFO] IPUIPlugin:80 - create IPUIPlugin
2026-02-02 18:29:41,547 [INFO] PluginManager:220 - loadIPPluginJar : add dma3
2026-02-02 18:29:41,554 [INFO] IPUIPlugin:80 - create IPUIPlugin
2026-02-02 18:29:41,554 [INFO] PluginManager:220 - loadIPPluginJar : add adc
2026-02-02 18:29:41,562 [INFO] IPUIPlugin:80 - create IPUIPlugin
2026-02-02 18:29:41,562 [INFO] PluginManager:220 - loadIPPluginJar : add stm32_wpan
2026-02-02 18:29:41,564 [INFO] IPUIPlugin:80 - create IPUIPlugin
2026-02-02 18:29:41,565 [INFO] PluginManager:220 - loadIPPluginJar : add tracer_emb
2026-02-02 18:29:41,567 [INFO] IPUIPlugin:80 - create IPUIPlugin
2026-02-02 18:29:41,567 [INFO] PluginManager:220 - loadIPPluginJar : add dfsdm
2026-02-02 18:29:41,569 [INFO] IPUIPlugin:80 - create IPUIPlugin
2026-02-02 18:29:41,570 [INFO] PluginManager:220 - loadIPPluginJar : add i3c
2026-02-02 18:29:41,574 [INFO] IPUIPlugin:80 - create IPUIPlugin
2026-02-02 18:29:41,574 [INFO] PluginManager:220 - loadIPPluginJar : add resmgrutility
2026-02-02 18:29:41,581 [INFO] IPUIPlugin:80 - create IPUIPlugin
2026-02-02 18:29:41,582 [INFO] PluginManager:220 - loadIPPluginJar : add dma
2026-02-02 18:29:41,584 [INFO] IPUIPlugin:80 - create IPUIPlugin
2026-02-02 18:29:41,584 [INFO] PluginManager:220 - loadIPPluginJar : add aes
2026-02-02 18:29:41,586 [INFO] IPUIPlugin:80 - create IPUIPlugin
2026-02-02 18:29:41,586 [INFO] PluginManager:220 - loadIPPluginJar : add quadspi
2026-02-02 18:29:41,589 [INFO] IPUIPlugin:80 - create IPUIPlugin
2026-02-02 18:29:41,589 [INFO] PluginManager:220 - loadIPPluginJar : add gtzc
2026-02-02 18:29:41,591 [INFO] IPUIPlugin:80 - create IPUIPlugin
2026-02-02 18:29:41,592 [INFO] PluginManager:220 - loadIPPluginJar : add spi
2026-02-02 18:29:41,594 [INFO] IPUIPlugin:80 - create IPUIPlugin
2026-02-02 18:29:41,594 [INFO] PluginManager:220 - loadIPPluginJar : add can
2026-02-02 18:29:41,595 [INFO] IPUIPlugin:80 - create IPUIPlugin
2026-02-02 18:29:41,595 [INFO] PluginManager:220 - loadIPPluginJar : add genericplugin
2026-02-02 18:29:41,597 [INFO] IPUIPlugin:80 - create IPUIPlugin
2026-02-02 18:29:41,597 [INFO] PluginManager:220 - loadIPPluginJar : add comp
2026-02-02 18:29:41,599 [INFO] IPUIPlugin:80 - create IPUIPlugin
2026-02-02 18:29:41,600 [INFO] PluginManager:220 - loadIPPluginJar : add gfxmmu
2026-02-02 18:29:41,703 [FATAL] Updater:351 - Updater called before beeing initialized
2026-02-02 18:29:41,763 [INFO] RulesReader:64 - Compatibility file has been processed (317 Rules)
2026-02-02 18:29:41,799 [INFO] RulesReader:64 - Compatibility file has been processed (317 Rules)
2026-02-02 18:29:41,812 [INFO] CADModel:165 - CPN selected for project level
2026-02-02 18:29:41,812 [INFO] CADModel:114 - Register for checkConnection events
2026-02-02 18:29:41,813 [FATAL] Updater:351 - Updater called before beeing initialized
2026-02-02 18:29:41,813 [ERROR] CADModel:125 - Updater not yet initialized, retry later 
2026-02-02 18:29:41,951 [FATAL] Updater:351 - Updater called before beeing initialized
2026-02-02 18:29:41,953 [INFO] CADModel:165 - CPN selected for project level
2026-02-02 18:29:41,953 [INFO] CADModel:114 - Register for checkConnection events
2026-02-02 18:29:41,953 [FATAL] Updater:351 - Updater called before beeing initialized
2026-02-02 18:29:41,953 [ERROR] CADModel:125 - Updater not yet initialized, retry later 
2026-02-02 18:29:41,958 [FATAL] Updater:351 - Updater called before beeing initialized
2026-02-02 18:29:42,050 [FATAL] Updater:351 - Updater called before beeing initialized
2026-02-02 18:29:42,055 [INFO] DbMcusAds:53 - JSON generation date=Thu Jan 08 21:27:51 IST 2026 (1767887871456)
2026-02-02 18:29:42,055 [FATAL] Updater:351 - Updater called before beeing initialized
2026-02-02 18:29:42,088 [WARN] DetailPanel:346 - Failed to get advertising image, set to default
2026-02-02 18:29:42,156 [FATAL] Updater:351 - Updater called before beeing initialized
2026-02-02 18:29:42,158 [FATAL] Updater:351 - Updater called before beeing initialized
2026-02-02 18:29:42,158 [FATAL] Updater:351 - Updater called before beeing initialized
2026-02-02 18:29:42,158 [WARN] DetailPanel:346 - Failed to get advertising image, set to default
2026-02-02 18:29:42,159 [FATAL] Updater:351 - Updater called before beeing initialized
2026-02-02 18:29:42,194 [ERROR] Updater:1198 - MainUpdater not yet initialized. External WinMGr cannot be set.
2026-02-02 18:29:42,196 [INFO] Updater:1134 - Updater Version found : 6.15.0
2026-02-02 18:29:42,219 [INFO] ApplicationProperties:184 - Using Application install path: /opt/st/stm32cubeide_1.19.0/plugins/com.st.stm32cube.common.mx_6.15.0.202507011659
2026-02-02 18:29:42,577 [INFO] MainUpdater:2872 - connection check result : 10
2026-02-02 18:29:42,578 [INFO] MainUpdater:289 - Updater Check For Update Now.
2026-02-02 18:29:42,578 [INFO] MicroXplorer:498 - Change Database Version : DB.6.0.150
2026-02-02 18:29:42,585 [INFO] McuFinderGlobals:63 - Set McuFinder mode to 2 (CubeIDE integrated)
2026-02-02 18:29:42,585 [INFO] UserAuth:171 - activating auth plugin
2026-02-02 18:29:42,588 [INFO] UserAuth:487 - Internet connection configuration mode: 1
2026-02-02 18:29:42,627 [INFO] JxBrowserEngine:152 - Initiate JxBrowser Engine with user profile folder
2026-02-02 18:29:42,820 [INFO] CheckServerUpdateThread:120 - End of CheckServer Thread
2026-02-02 18:29:43,505 [INFO] WebApp:169 - Instantiating new browser for Auth
2026-02-02 18:29:44,136 [WARN] PackLoader:240 - Cannot read IP mode file for STMicroelectronics.FP-SNS-MOTENVWB1.1.4.0
2026-02-02 18:29:44,143 [WARN] PackLoader:240 - Cannot read IP mode file for STMicroelectronics.FP-ATR-ASTRA1.2.0.2
2026-02-02 18:29:44,151 [WARN] PackLoader:240 - Cannot read IP mode file for STMicroelectronics.X-CUBE-SMBUS.2.1.0
2026-02-02 18:29:44,156 [WARN] PackLoader:240 - Cannot read IP mode file for STMicroelectronics.X-CUBE-ST60.1.0.0
2026-02-02 18:29:44,211 [WARN] PackLoader:240 - Cannot read IP mode file for STMicroelectronics.X-CUBE-AZRTOS-F7.1.1.0
2026-02-02 18:29:44,235 [WARN] PackLoader:240 - Cannot read IP mode file for Cesanta.I-CUBE-Mongoose.7.19.0
2026-02-02 18:29:44,249 [WARN] PackLoader:240 - Cannot read IP mode file for STMicroelectronics.FP-SNS-MOTENV1.5.1.0
2026-02-02 18:29:44,262 [INFO] WebApp:463 - Apply proxy settings
2026-02-02 18:29:44,263 [INFO] WebApp:548 - Chromium requires no authentication
2026-02-02 18:29:44,266 [WARN] PackLoader:240 - Cannot read IP mode file for WES.I-CUBE-Cesium.1.4.0
2026-02-02 18:29:44,272 [INFO] WebApp:491 - Direct internet connection detected
2026-02-02 18:29:44,296 [WARN] PackLoader:240 - Cannot read IP mode file for Infineon.AIROC-Wi-Fi-Bluetooth-STM32.1.7.1
2026-02-02 18:29:44,302 [INFO] WebApp:900 - Register for checkConnection events
2026-02-02 18:29:44,302 [INFO] WebApp:463 - Apply proxy settings
2026-02-02 18:29:44,303 [INFO] WebApp:548 - Chromium requires no authentication
2026-02-02 18:29:44,303 [INFO] WebApp:491 - Direct internet connection detected
2026-02-02 18:29:44,310 [WARN] PackLoader:240 - Cannot read IP mode file for STMicroelectronics.X-CUBE-DISPLAY.3.0.0
2026-02-02 18:29:44,324 [WARN] PackLoader:240 - Cannot read IP mode file for STMicroelectronics.X-CUBE-NFC10.1.0.0
2026-02-02 18:29:44,332 [WARN] PackLoader:240 - Cannot read IP mode file for STMicroelectronics.X-CUBE-ST60.1.1.0
2026-02-02 18:29:44,338 [WARN] PackLoader:240 - Cannot read IP mode file for emotas.I-CUBE-CANOPEN.1.3.0
2026-02-02 18:29:44,344 [WARN] PackLoader:240 - Cannot read IP mode file for STMicroelectronics.X-CUBE-GNSS1.7.1.0
2026-02-02 18:29:44,364 [WARN] PackLoader:240 - Cannot read IP mode file for STMicroelectronics.FP-SNS-SMARTAG2.1.2.0
2026-02-02 18:29:44,370 [WARN] PackLoader:240 - Cannot read IP mode file for STMicroelectronics.FP-SNS-FLIGHT1.5.1.0
2026-02-02 18:29:44,389 [INFO] LogOutputStream:77 - [STDOUT_REDIRECT] 1 : Invalid condition id : UX_CORESTACK_Condition cause : null
2026-02-02 18:29:44,390 [INFO] LogOutputStream:77 - [STDOUT_REDIRECT] 1 : Invalid condition id : UX_CORESTACK_Condition cause : null
2026-02-02 18:29:44,390 [INFO] LogOutputStream:77 - [STDOUT_REDIRECT] 1 : Invalid condition id : UX_CORESTACK_Condition cause : null
2026-02-02 18:29:44,390 [INFO] LogOutputStream:77 - [STDOUT_REDIRECT] 1 : Invalid condition id : UX_CORESTACK_Condition cause : null
2026-02-02 18:29:44,390 [INFO] LogOutputStream:77 - [STDOUT_REDIRECT] 1 : Invalid condition id : UX_CORESTACK_Condition cause : null
2026-02-02 18:29:44,396 [WARN] PackLoader:240 - Cannot read IP mode file for STMicroelectronics.X-CUBE-AZRTOS-WL.2.0.0
2026-02-02 18:29:44,403 [WARN] PackLoader:240 - Cannot read IP mode file for STMicroelectronics.FP-SNS-MOTENV1.5.0.0
2026-02-02 18:29:44,430 [WARN] PackLoader:240 - Cannot read IP mode file for STMicroelectronics.X-CUBE-AZRTOS-H7RS.1.2.0
2026-02-02 18:29:44,439 [WARN] PackLoader:240 - Cannot read IP mode file for STMicroelectronics.X-CUBE-BLE2.3.3.0
2026-02-02 18:29:44,461 [WARN] PackLoader:240 - Cannot read IP mode file for STMicroelectronics.X-CUBE-NFC9.1.0.0
2026-02-02 18:29:44,468 [WARN] PackLoader:240 - Cannot read IP mode file for STMicroelectronics.X-CUBE-BLE1.7.1.0
2026-02-02 18:29:44,472 [WARN] PackLoader:240 - Cannot read IP mode file for wolfSSL.I-CUBE-wolfMQTT.1.19.2
2026-02-02 18:29:44,479 [WARN] PackLoader:240 - Cannot read IP mode file for STMicroelectronics.X-CUBE-FREERTOS.1.4.0
2026-02-02 18:29:44,486 [WARN] PackLoader:240 - Cannot read IP mode file for STMicroelectronics.X-CUBE-ST67W61.1.1.0
2026-02-02 18:29:44,580 [WARN] PackLoader:240 - Cannot read IP mode file for STMicroelectronics.X-CUBE-MEMS1.12.0.0
2026-02-02 18:29:44,618 [INFO] WebApp:225 - Starting web application
2026-02-02 18:29:44,619 [INFO] WebApp:593 - Web application path used /opt/st/stm32cubeide_1.19.0/plugins/com.st.stm32cube.common.mx_6.15.0.202507011659/db/plugins/mcufinder/reactClient1/index.html
2026-02-02 18:29:44,726 [WARN] PackLoader:240 - Cannot read IP mode file for STMicroelectronics.X-CUBE-AZRTOS-G0.1.1.0
2026-02-02 18:29:44,733 [WARN] PackLoader:240 - Cannot read IP mode file for STMicroelectronics.X-CUBE-SAFEA1.1.2.2
2026-02-02 18:29:44,739 [WARN] PackLoader:240 - Cannot read IP mode file for STMicroelectronics.X-CUBE-NFC4.3.0.0
2026-02-02 18:29:44,748 [WARN] PackLoader:240 - Cannot read IP mode file for EmbeddedOffice.I-CUBE-FS-RTOS.1.0.1
2026-02-02 18:29:44,754 [WARN] PackLoader:240 - Cannot read IP mode file for STMicroelectronics.X-CUBE-WB05N.2.0.0
2026-02-02 18:29:44,758 [WARN] PackLoader:240 - Cannot read IP mode file for wolfSSL.I-CUBE-wolfTPM.3.8.0
2026-02-02 18:29:44,763 [WARN] PackLoader:240 - Cannot read IP mode file for STMicroelectronics.X-CUBE-TCPP.4.2.0
2026-02-02 18:29:44,768 [WARN] PackLoader:240 - Cannot read IP mode file for RealThread.X-CUBE-RT-Thread_Nano.4.1.1
2026-02-02 18:29:44,772 [WARN] PackLoader:240 - Cannot read IP mode file for STMicroelectronics.FP-ATR-SIGFOX1.3.2.0
2026-02-02 18:29:44,778 [WARN] PackLoader:240 - Cannot read IP mode file for ITTIA_DB.I-CUBE-ITTIADB.8.9.0
2026-02-02 18:29:44,785 [WARN] PackLoader:240 - Cannot read IP mode file for STMicroelectronics.X-CUBE-NFC6.3.2.0
2026-02-02 18:29:44,794 [WARN] PackLoader:240 - Cannot read IP mode file for STMicroelectronics.X-CUBE-ST67W61.1.0.0
2026-02-02 18:29:44,822 [WARN] PackLoader:240 - Cannot read IP mode file for SEGGER.I-CUBE-embOS.1.3.1
2026-02-02 18:29:44,867 [WARN] PackLoader:240 - Cannot read IP mode file for STMicroelectronics.X-CUBE-ALGOBUILD.1.4.0
2026-02-02 18:29:44,925 [WARN] PackLoader:240 - Cannot read IP mode file for STMicroelectronics.X-CUBE-MEMS1.11.3.0
2026-02-02 18:29:45,022 [WARN] PackLoader:240 - Cannot read IP mode file for STMicroelectronics.X-CUBE-PM33A1.1.0.0
2026-02-02 18:29:45,036 [WARN] PackLoader:240 - Cannot read IP mode file for STMicroelectronics.X-CUBE-AZRTOS-F4.1.1.0
2026-02-02 18:29:45,041 [WARN] PackLoader:240 - Cannot read IP mode file for Avnet-IotConnect.X-CUBE-IoTC-DA16k-PMOD.1.0.0
2026-02-02 18:29:45,045 [WARN] PackLoader:240 - Cannot read IP mode file for STMicroelectronics.X-CUBE-ISPU.2.1.0
2026-02-02 18:29:45,052 [INFO] WebApp:191 - Connection restablished
2026-02-02 18:29:45,061 [WARN] PackLoader:240 - Cannot read IP mode file for STMicroelectronics.X-CUBE-IPS.3.2.0
2026-02-02 18:29:45,085 [WARN] PackLoader:240 - Cannot read IP mode file for STMicroelectronics.X-CUBE-AZRTOS-L5.2.0.0
2026-02-02 18:29:45,094 [WARN] PackLoader:240 - Cannot read IP mode file for STMicroelectronics.X-CUBE-NFC6.3.1.0
2026-02-02 18:29:45,102 [WARN] PackLoader:240 - Cannot read IP mode file for STMicroelectronics.X-CUBE-FREERTOS.1.3.1
2026-02-02 18:29:45,106 [WARN] PackLoader:240 - Cannot read IP mode file for STMicroelectronics.X-CUBE-TOUCHGFX.4.26.0
2026-02-02 18:29:45,111 [WARN] PackLoader:240 - Cannot read IP mode file for STMicroelectronics.X-CUBE-DPower.1.3.0
2026-02-02 18:29:45,129 [WARN] ConditionMgr:438 - getConditionDescription Invalid condition id : LAN8742 Phy interface Condition cause : null
2026-02-02 18:29:45,130 [WARN] PackLoader:240 - Cannot read IP mode file for STMicroelectronics.X-CUBE-AZRTOS-L4.2.0.0
2026-02-02 18:29:45,132 [WARN] ConditionMgr:1044 - genDependencies : Invalid condition id : LAN8742 Phy interface Condition cause : null
2026-02-02 18:29:45,132 [WARN] ConditionMgr:1044 - genDependencies : Invalid condition id : LAN8742 Phy interface Condition cause : null
2026-02-02 18:29:45,133 [WARN] ConditionMgr:1044 - genDependencies : Invalid condition id : LAN8742 Phy interface Condition cause : null
2026-02-02 18:29:45,139 [WARN] PackLoader:240 - Cannot read IP mode file for STMicroelectronics.X-CUBE-SFXS2LP1.4.0.0
2026-02-02 18:29:45,146 [WARN] PackLoader:240 - Cannot read IP mode file for STMicroelectronics.X-CUBE-ST67W61.1.2.0
2026-02-02 18:29:45,170 [WARN] ConditionMgr:438 - getConditionDescription Invalid condition id : UX DEVICE CLASS RTOS Condition cause : null
2026-02-02 18:29:45,170 [WARN] ConditionMgr:438 - getConditionDescription Invalid condition id : UX DEVICE CLASS RTOS Condition cause : null
2026-02-02 18:29:45,172 [WARN] PackLoader:240 - Cannot read IP mode file for STMicroelectronics.X-CUBE-AZRTOS-WB.2.0.0
2026-02-02 18:29:45,173 [WARN] ConditionMgr:1044 - genDependencies : Invalid condition id : UX DEVICE CLASS RTOS Condition cause : null
2026-02-02 18:29:45,173 [WARN] ConditionMgr:1044 - genDependencies : Invalid condition id : UX DEVICE CLASS RTOS Condition cause : null
2026-02-02 18:29:45,174 [WARN] ConditionMgr:1044 - genDependencies : Invalid condition id : UX DEVICE CLASS RTOS Condition cause : null
2026-02-02 18:29:45,174 [WARN] ConditionMgr:1044 - genDependencies : Invalid condition id : UX DEVICE CLASS RTOS Condition cause : null
2026-02-02 18:29:45,174 [WARN] ConditionMgr:1044 - genDependencies : Invalid condition id : UX DEVICE CLASS RTOS Condition cause : null
2026-02-02 18:29:45,182 [WARN] PackLoader:240 - Cannot read IP mode file for STMicroelectronics.X-CUBE-GNSS1.7.0.1
2026-02-02 18:29:45,188 [WARN] PackLoader:240 - Cannot read IP mode file for STMicroelectronics.X-CUBE-TOUCHGFX.4.25.0
2026-02-02 18:29:45,194 [WARN] ConditionMgr:438 - getConditionDescription Invalid condition id : Cortex-A Device cause : null
2026-02-02 18:29:45,203 [WARN] ConditionMgr:1044 - genDependencies : Invalid condition id : Cortex-A Device cause : null
2026-02-02 18:29:45,203 [WARN] ConditionMgr:1044 - genDependencies : Invalid condition id : Cortex-A Device cause : null
2026-02-02 18:29:45,204 [WARN] ConditionMgr:1044 - genDependencies : Invalid condition id : Cortex-A Device cause : null
2026-02-02 18:29:45,211 [WARN] PackLoader:240 - Cannot read IP mode file for STMicroelectronics.X-CUBE-STSE01.2.0.0
2026-02-02 18:29:45,223 [WARN] PackLoader:240 - Cannot read IP mode file for STMicroelectronics.X-CUBE-SUBG2.5.0.0
2026-02-02 18:29:45,267 [WARN] PackLoader:240 - Cannot read IP mode file for STMicroelectronics.X-CUBE-AZRTOS-H7RS.1.1.0
2026-02-02 18:29:45,319 [WARN] PackLoader:240 - Cannot read IP mode file for STMicroelectronics.X-CUBE-AZRTOS-G4.2.0.0
2026-02-02 18:29:45,336 [WARN] PackLoader:240 - Cannot read IP mode file for wolfSSL.I-CUBE-wolfSSH.1.4.20
2026-02-02 18:29:45,343 [WARN] PackLoader:240 - Cannot read IP mode file for STMicroelectronics.X-CUBE-NFC7.2.0.0
2026-02-02 18:29:45,359 [WARN] PackLoader:240 - Cannot read IP mode file for STMicroelectronics.X-CUBE-IPS.3.1.0
2026-02-02 18:29:45,367 [WARN] PackLoader:240 - Cannot read IP mode file for STMicroelectronics.X-CUBE-ALS.1.0.2
2026-02-02 18:29:45,378 [WARN] PackLoader:240 - Cannot read IP mode file for STMicroelectronics.X-CUBE-STSE01.1.0.0
2026-02-02 18:29:45,397 [WARN] PackLoader:240 - Cannot read IP mode file for STMicroelectronics.X-CUBE-TOF1.3.4.3
2026-02-02 18:29:45,408 [INFO] ThirdParty:978 - Integrity check success = true
2026-02-02 18:29:45,408 [INFO] IntegrityCheckThread:100 - exiting critical section [integrity check]
2026-02-02 18:29:45,408 [INFO] IntegrityCheckThread:103 - End integrity checks thread
2026-02-02 18:29:45,633 [INFO] McuFinderGlobals:63 - Set McuFinder mode to 2 (CubeIDE integrated)
2026-02-02 18:29:45,639 [INFO] MainUpdater:2872 - connection check result : 10
2026-02-02 18:29:45,640 [INFO] MainUpdater:2872 - connection check result : 10
2026-02-02 18:29:45,676 [INFO] MicroXplorer:468 - Change Database Path : 
2026-02-02 18:29:45,676 [INFO] MicroXplorer:498 - Change Database Version : DB.6.0.150
2026-02-02 18:29:45,688 [WARN] ThirdParty:871 - waiting for thirdparty lock release [close project]
2026-02-02 18:29:45,689 [INFO] ThirdParty:873 - entering critical section [close project]
2026-02-02 18:29:45,690 [INFO] ThirdParty:883 - exiting critical section [close project]
2026-02-02 18:29:45,694 [INFO] PinOutPanel:1589 - setPackage(No Configuration,No Configuration)
2026-02-02 18:29:45,696 [INFO] UtilMem:75 - Begin LoadConfig() Used Memory: 229850128 Bytes (321912832)
2026-02-02 18:29:45,709 [INFO] MicroXplorer:468 - Change Database Path : /home/krushna/.stm32cubemx/databases/DB.6.0.130/db/
2026-02-02 18:29:45,709 [INFO] MicroXplorer:498 - Change Database Version : DB.6.0.130
2026-02-02 18:29:48,137 [INFO] OpenFileManager:355 - Change cursor
2026-02-02 18:29:48,172 [INFO] Mcu:2029 - Initializing MCU STM32F407V(E-G)Tx STM32F407VGTx STM32F407VGT6
2026-02-02 18:29:49,692 [INFO] Context:786 - Trying to add GPIOservice into a context  which must be forbidden
2026-02-02 18:29:50,198 [INFO] ImportTextPane:234 - (OptionalMessage_ERROR) Pin17 (VP_RIF_VS_RIF1) cannot be retrieved for this MCU
2026-02-02 18:29:50,328 [INFO] RtosManager:558 - Registered RTOS mode: class=CMSIS, group=RTOS, mode=CMSIS_V1, owner=FREERTOS
2026-02-02 18:29:50,328 [INFO] RtosManager:558 - Registered RTOS mode: class=CMSIS, group=RTOS2, mode=CMSIS_V2, owner=FREERTOS
2026-02-02 18:29:50,328 [INFO] RtosManager:558 - Registered RTOS mode: class=RTOS, group=Core, mode=CMSIS_V1, owner=FREERTOS
2026-02-02 18:29:50,328 [INFO] RtosManager:558 - Registered RTOS mode: class=RTOS, group=Core, mode=CMSIS_V2, owner=FREERTOS
2026-02-02 18:29:50,329 [WARN] ModelIntegratedComponent:184 - Missing modes for component STMicroelectronics:FreeRTOS:0.0.1:STMicroelectronics:RTOS:FreeRTOS:Core:::10.2.0:
2026-02-02 18:29:50,353 [WARN] ModelIntegratedComponent:63 - No mode defined for component null
2026-02-02 18:29:50,353 [WARN] ModelIntegratedComponent:63 - No mode defined for component null
2026-02-02 18:29:50,354 [WARN] ModelIntegratedComponent:63 - No mode defined for component null
2026-02-02 18:29:50,354 [WARN] ModelIntegratedComponent:63 - No mode defined for component null
2026-02-02 18:29:50,354 [WARN] ModelIntegratedComponent:63 - No mode defined for component null
2026-02-02 18:29:50,354 [WARN] ModelIntegratedComponent:63 - No mode defined for component null
2026-02-02 18:29:50,354 [WARN] ModelIntegratedComponent:63 - No mode defined for component null
2026-02-02 18:29:50,354 [WARN] ModelIntegratedComponent:63 - No mode defined for component null
2026-02-02 18:29:50,354 [WARN] ModelIntegratedComponent:63 - No mode defined for component null
2026-02-02 18:29:50,354 [WARN] ModelIntegratedComponent:63 - No mode defined for component null
2026-02-02 18:29:50,354 [WARN] ModelIntegratedComponent:63 - No mode defined for component null
2026-02-02 18:29:50,354 [WARN] ModelIntegratedComponent:63 - No mode defined for component null
2026-02-02 18:29:50,354 [WARN] ModelIntegratedComponent:63 - No mode defined for component null
2026-02-02 18:29:50,354 [WARN] ModelIntegratedComponent:63 - No mode defined for component null
2026-02-02 18:29:50,354 [WARN] ModelIntegratedComponent:63 - No mode defined for component null
2026-02-02 18:29:50,354 [WARN] ModelIntegratedComponent:63 - No mode defined for component null
2026-02-02 18:29:50,354 [WARN] ModelIntegratedComponent:63 - No mode defined for component null
2026-02-02 18:29:50,354 [WARN] ModelIntegratedComponent:63 - No mode defined for component null
2026-02-02 18:29:50,354 [WARN] ModelIntegratedComponent:63 - No mode defined for component null
2026-02-02 18:29:50,354 [WARN] ModelIntegratedComponent:63 - No mode defined for component null
2026-02-02 18:29:50,354 [WARN] ModelIntegratedComponent:63 - No mode defined for component null
2026-02-02 18:29:50,355 [WARN] ModelIntegratedComponent:63 - No mode defined for component null
2026-02-02 18:29:50,355 [WARN] ModelIntegratedComponent:63 - No mode defined for component null
2026-02-02 18:29:50,355 [WARN] ModelIntegratedComponent:63 - No mode defined for component null
2026-02-02 18:29:50,355 [WARN] ModelIntegratedComponent:63 - No mode defined for component null
2026-02-02 18:29:50,355 [WARN] ModelIntegratedComponent:63 - No mode defined for component null
2026-02-02 18:29:50,355 [WARN] ModelIntegratedComponent:63 - No mode defined for component null
2026-02-02 18:29:50,355 [WARN] ModelIntegratedComponent:63 - No mode defined for component null
2026-02-02 18:29:50,355 [WARN] ModelIntegratedComponent:63 - No mode defined for component null
2026-02-02 18:29:50,355 [WARN] ModelIntegratedComponent:63 - No mode defined for component null
2026-02-02 18:29:50,355 [WARN] ModelIntegratedComponent:63 - No mode defined for component null
2026-02-02 18:29:50,355 [WARN] ModelIntegratedComponent:63 - No mode defined for component null
2026-02-02 18:29:50,355 [WARN] ModelIntegratedComponent:63 - No mode defined for component null
2026-02-02 18:29:50,355 [WARN] ModelIntegratedComponent:63 - No mode defined for component null
2026-02-02 18:29:50,355 [WARN] ModelIntegratedComponent:63 - No mode defined for component null
2026-02-02 18:29:50,355 [WARN] ModelPack:524 - Component already loaded: STMicroelectronics:HAL Drivers:0.0.0:STMicroelectronics:Device:STMicro_Driver:XSPI:HAL::0.0.1:HAL_XSPI
2026-02-02 18:29:50,477 [INFO] ThirdPartyModel:298 - Start build external matchings
2026-02-02 18:29:50,955 [INFO] ThirdPartyModel:316 - End build external matchings
2026-02-02 18:29:50,986 [INFO] ImportTextPane:234 - (OptionalMessage_ERROR) IP (DMA) : Parameter (Instance) has Id (ADC2) currently not set
2026-02-02 18:29:50,986 [INFO] ImportTextPane:234 - (OptionalMessage_ERROR) IP (DMA) : Parameter (Channel) has Id (ADC2) currently not set
2026-02-02 18:29:50,986 [INFO] ImportTextPane:234 - (OptionalMessage_ERROR) IP (DMA) : Parameter (Direction) has Id (ADC2) currently not set
2026-02-02 18:29:50,986 [INFO] ImportTextPane:234 - (OptionalMessage_ERROR) IP (DMA) : Parameter (PeriphInc) has Id (ADC2) currently not set
2026-02-02 18:29:50,986 [INFO] ImportTextPane:234 - (OptionalMessage_ERROR) IP (DMA) : Parameter (MemInc) has Id (ADC2) currently not set
2026-02-02 18:29:50,986 [INFO] ImportTextPane:234 - (OptionalMessage_ERROR) IP (DMA) : Parameter (PeriphDataAlignment) has Id (ADC2) currently not set
2026-02-02 18:29:50,986 [INFO] ImportTextPane:234 - (OptionalMessage_ERROR) IP (DMA) : Parameter (MemDataAlignment) has Id (ADC2) currently not set
2026-02-02 18:29:50,987 [INFO] ImportTextPane:234 - (OptionalMessage_ERROR) IP (DMA) : Parameter (Mode) has Id (ADC2) currently not set
2026-02-02 18:29:50,987 [INFO] ImportTextPane:234 - (OptionalMessage_ERROR) IP (DMA) : Parameter (Priority) has Id (ADC2) currently not set
2026-02-02 18:29:50,987 [INFO] ImportTextPane:234 - (OptionalMessage_ERROR) IP (DMA) : Parameter (FIFOMode) has Id (ADC2) currently not set
2026-02-02 18:29:50,989 [INFO] ImportTextPane:234 - (OptionalMessage_ERROR) IP (RCC) : Parameter (RTCHSEDivFreq_Value) has invalid value (4000000)
2026-02-02 18:29:51,390 [INFO] ApiDb:581 - Connected to CubeFinder SQLite database (/home/krushna/.stmcufinder/plugins/mcufinder/mcu/cube-finder-db.db)
2026-02-02 18:29:51,448 [INFO] ApiDb:668 - CubeFinder database Data Model version=2.1
2026-02-02 18:29:51,448 [INFO] ApiDb:669 - CubeFinder database Configuration version=3.0.39
2026-02-02 18:29:51,449 [INFO] ApiDb:670 - CubeFinder database generation date=2025-12-22 (1766407740)
2026-02-02 18:29:51,449 [INFO] ApiDb:671 - CubeFinder database FW Pack versions=[FP-ATR-ASTRA1_V2.0.0, FP-SNS-FLIGHT1_V5.1.0, FP-SNS-MOTENV1_V5.1.0, FP-SNS-MOTENVWB1_V1.4.0, FP-SNS-SMARTAG2_V1.2.0, FP-SNS-STBOX1_V2.1.0, STM32Cube_FW_C0_V1.4.0, STM32Cube_FW_F4_V1.28.3, STM32Cube_FW_F7_V1.17.4, STM32Cube_FW_G0_V1.6.2, STM32Cube_FW_G4_V1.6.1, STM32Cube_FW_H5_V1.5.1, STM32Cube_FW_H7RS_V1.3.0, STM32Cube_FW_H7_V1.12.1, STM32Cube_FW_L0_V1.12.2, STM32Cube_FW_L4_V1.18.1, STM32Cube_FW_L5_V1.6.0, STM32Cube_FW_N6_V1.3.0, STM32Cube_FW_U0_V1.3.0, STM32Cube_FW_U3_V1.2.1, STM32Cube_FW_U5_V1.8.0, STM32Cube_FW_WB0_V1.4.0, STM32Cube_FW_WBA_V1.8.0, STM32Cube_FW_WB_V1.24.0, STM32Cube_FW_WL3_V1.3.0, STM32Cube_FW_WL_V1.4.0, X-CUBE-ALGOBUILD_V1.4.0, X-CUBE-ALS_V1.0.2, X-CUBE-AZRTOS-F4_V1.1.0, X-CUBE-AZRTOS-F7_V1.1.0, X-CUBE-AZRTOS-G0_V1.1.0, X-CUBE-AZRTOS-G4_V2.0.0, X-CUBE-AZRTOS-H7RS_V1.1.0, X-CUBE-AZRTOS-H7_V3.4.0, X-CUBE-AZRTOS-L4_V2.0.0, X-CUBE-AZRTOS-L5_V2.0.0, X-CUBE-AZRTOS-WB_V2.0.0, X-CUBE-AZRTOS-WL_V2.0.0, X-CUBE-BLE1_V7.1.0, X-CUBE-BLE2_V3.3.0, X-CUBE-BLEMGR_V4.1.0, X-CUBE-EEPRMA1_V5.2.0, X-CUBE-FREERTOS_V1.3.1, X-CUBE-GNSS1_V6.0.0, X-CUBE-MEMS1_V12.0.0, X-CUBE-NFC4_V3.0.0, X-CUBE-NFC7_V2.0.0, X-CUBE-SFXS2LP1_V4.0.0, X-CUBE-ST67W61_V1.1.0, X-CUBE-SUBG2_V5.0.0, X-CUBE-TOF1_V3.4.3]
2026-02-02 18:29:51,554 [INFO] DbBoardsSqlite:226 - include board P-NUCLEO-WB55-NUCLEO as a kit item of type 'Nucleo-64'
2026-02-02 18:29:51,555 [INFO] DbBoardsSqlite:226 - include board P-NUCLEO-WB55-USBDONGLE as a kit item of type 'Nucleo USB Dongle'
2026-02-02 18:29:51,556 [INFO] DbBoardsSqlite:226 - include board STEVAL-IDP005V1 as a kit item of type 'Evaluation Board'
2026-02-02 18:29:51,557 [INFO] DbBoardsSqlite:226 - include board STEVAL-IDP005V2 as a kit item of type 'Evaluation Board'
2026-02-02 18:29:51,673 [INFO] ApiDb:240 - Found 880 in-development CPN: [B-G473E-ZEST1S, B-WB1M-WPAN1, B-WBA5M-WPAN, B-WL5M-SUBG1, NUCLEO-C031C6, NUCLEO-C051C8, NUCLEO-C071RB, NUCLEO-C092RC, NUCLEO-H503RB, NUCLEO-H533RE, NUCLEO-H563ZI, NUCLEO-H7S3L8, NUCLEO-N657X0-Q, NUCLEO-U031R8, NUCLEO-U083RC, NUCLEO-U385RG-Q, NUCLEO-U545RE-Q, NUCLEO-U5A5ZJ-Q, NUCLEO-WB05KZ, NUCLEO-WB07CC, NUCLEO-WB09KE, NUCLEO-WBA52CG, NUCLEO-WBA55CG, NUCLEO-WL33CC1, NUCLEO-WL33CC2, STEVAL-PROTEUS1, STEVAL-SMARTAG2, STEVAL-STWINBX1, STM320518-EVAL, STM32C0116-DK, STM32C011D6Y3TR, STM32C011D6Y6TR, STM32C011F4P3, STM32C011F4P6, STM32C011F4U3, STM32C011F4U6TR, STM32C011F6P3, STM32C011F6P6, STM32C011F6U3, STM32C011F6U6TR, STM32C011J4M3, STM32C011J4M6, STM32C011J6M3, STM32C011J6M6, STM32C0316-DK, STM32C031C4T3, STM32C031C4T6, STM32C031C4U3, STM32C031C4U6, STM32C031C6T3, STM32C031C6T6, STM32C031C6U3, STM32C031C6U6, STM32C031F4P3, STM32C031F4P6, STM32C031F6P3, STM32C031F6P6, STM32C031G4U3, STM32C031G4U6, STM32C031G6U3, STM32C031G6U6, STM32C031K4T3, STM32C031K4T6, STM32C031K4U3, STM32C031K4U6, STM32C031K6T3, STM32C031K6T6, STM32C031K6U3, STM32C031K6U6, STM32C051C6T6, STM32C051C6U6, STM32C051C8T6, STM32C051C8U6, STM32C051D8Y6TR, STM32C051F6P6, STM32C051F8P6, STM32C051G6U6, STM32C051G8U6, STM32C051K6T6, STM32C051K6U6, STM32C051K8T6, STM32C071C8T6, STM32C071C8T6N, STM32C071C8U6, STM32C071C8U6N, STM32C071CBT6, STM32C071CBT6N, STM32C071CBU6, STM32C071CBU6N, STM32C071F8P6, STM32C071F8P6N, STM32C071FBP6, STM32C071FBP6N, STM32C071FBY6TR, STM32C071G8U6, STM32C071G8U6N, STM32C071GBU6, STM32C071GBU6N, STM32C071K8T6, STM32C071K8T6N, STM32C071K8U6, STM32C071K8U6N, STM32C071KBT6, STM32C071KBT6N, STM32C071KBU6, STM32C071KBU6N, STM32C071R8T6, STM32C071R8T6N, STM32C071RBI6N, STM32C071RBT6, STM32C071RBT6N, STM32C091CBT6, STM32C091CBU6, STM32C091CCT6, STM32C091CCU6, STM32C091ECY6TR, STM32C091FBP6, STM32C091FCP6, STM32C091GBU6, STM32C091GCU6, STM32C091KBT6, STM32C091KBU6, STM32C091KCT6, STM32C091KCU6, STM32C091RBT6, STM32C091RCI6, STM32C091RCT6, STM32C092CBT6, STM32C092CBU6, STM32C092CCT6, STM32C092CCU6, STM32C092ECY6TR, STM32C092FBP6, STM32C092FCP6, STM32C092GBU6, STM32C092GCU6, STM32C092KBT6, STM32C092KBU6, STM32C092KCT6, STM32C092KCU6, STM32C092RBT6, STM32C092RCI6, STM32C092RCT6, STM32G071K8TXN, STM32G071K8UXN, STM32G081GBU6N, STM32G081KBT6N, STM32G081KBUXN, STM32G0B1CCT6N, STM32G0B1KCT6, STM32G0B1NEY6TR, STM32G0B1RCT6N, STM32G0C1CCT6, STM32G0C1CCT6N, STM32G0C1CCU6N, STM32G0C1CET6N, STM32G0C1CEU6N, STM32G0C1KCT6, STM32G0C1NEY6TR, STM32G0C1RCI6N, STM32G0C1RCT6N, STM32G0C1REI6N, STM32G0C1RET6N, STM32G0C1VCI6, STM32G0C1VEI6, STM32G411C6T3, STM32G411C6T6, STM32G411C6U3, STM32G411C6U6, STM32G411C8T3, STM32G411C8T6, STM32G411C8U3, STM32G411C8U6, STM32G411CBT3, STM32G411CBT6, STM32G411CBU3, STM32G411CBU6, STM32G411K6T3, STM32G411K6T6, STM32G411K6U3, STM32G411K6U6, STM32G411K8T3, STM32G411K8T6, STM32G411K8U3, STM32G411K8U6, STM32G411KBT3, STM32G411KBT6, STM32G411KBU3, STM32G411KBU6, STM32G411M6T3, STM32G411M6T6, STM32G411M8T3, STM32G411M8T6, STM32G411MBT3, STM32G411MBT6, STM32G411R6T3, STM32G411R6T6, STM32G411R8T3, STM32G411R8T6, STM32G411RBT3, STM32G411RBT6, STM32G414CBT3, STM32G414CBT6, STM32G414CBU3, STM32G414CBU6, STM32G414CCT3, STM32G414CCT6, STM32G414CCU3, STM32G414CCU6, STM32G414MBT3, STM32G414MBT6, STM32G414MCT3, STM32G414MCT6, STM32G414RBT3, STM32G414RBT6, STM32G414RCT3, STM32G414RCT6, STM32G414VBT3, STM32G414VBT6, STM32G414VCT3, STM32G414VCT6, STM32G431CBT3Z, STM32G431RBT3Z, STM32G471CCT6, STM32G471CCU6, STM32G471CET3, STM32G471CET6, STM32G471CEU3, STM32G471CEU6, STM32G471MCT6, STM32G471MET3, STM32G471MET6, STM32G471MEY6TR, STM32G471QCT6, STM32G471QET3, STM32G471RCT6, STM32G471RET3, STM32G471RET6, STM32G471VCH6, STM32G471VCI6, STM32G471VCT6, STM32G471VEH3, STM32G471VEH6, STM32G471VEI3, STM32G471VEI6, STM32G471VET3, STM32G471VET6, STM32G473QET3Z, STM32G473RET3Z, STM32G474CCT6, STM32G491RET3Z, STM32H503CBT6, STM32H503CBU6, STM32H503EBY6TR, STM32H503KBU6, STM32H503RBT6, STM32H523CCT6, STM32H523CCU6, STM32H523CET6, STM32H523CEU6, STM32H523HEY6TR, STM32H523RCT6, STM32H523RET6, STM32H523VCI6, STM32H523VCT6, STM32H523VEI6, STM32H523VET6, STM32H523ZCJ6, STM32H523ZCT6, STM32H523ZEJ6, STM32H523ZET6, STM32H533CET6, STM32H533CEU6, STM32H533HEY6TR, STM32H533RET6, STM32H533VEI6, STM32H533VET6, STM32H533ZEJ6, STM32H533ZET6, STM32H562AGI6, STM32H562AII6, STM32H562IGK6, STM32H562IGT6, STM32H562IIK6, STM32H562IIT6, STM32H562RGT6, STM32H562RGV6, STM32H562RIT6, STM32H562RIV6, STM32H562VGT6, STM32H562VIT6, STM32H562ZGT6, STM32H562ZIT6, STM32H563AGI6, STM32H563AII3Q, STM32H563AII6, STM32H563IGK6, STM32H563IGT6, STM32H563IIK3Q, STM32H563IIK6, STM32H563IIT3Q, STM32H563IIT6, STM32H563MIY3QTR, STM32H563RGT6, STM32H563RGV6, STM32H563RIT6, STM32H563RIV6, STM32H563VGT6, STM32H563VIT3Q, STM32H563VIT6, STM32H563ZGT6, STM32H563ZIT3Q, STM32H563ZIT6, STM32H573AII3Q, STM32H573AII6, STM32H573I-DK, STM32H573IIK3Q, STM32H573IIK6, STM32H573IIT3Q, STM32H573IIT6, STM32H573MIY3QTR, STM32H573RIT6, STM32H573RIV6, STM32H573VIT3Q, STM32H573VIT6, STM32H573ZIT3Q, STM32H573ZIT6, STM32H7R3A8I6, STM32H7R3I8K6, STM32H7R3I8T6, STM32H7R3L8H6, STM32H7R3L8H6H, STM32H7R3R8V6, STM32H7R3V8H6, STM32H7R3V8T6, STM32H7R3V8Y6TR, STM32H7R3Z8J6, STM32H7R3Z8T6, STM32H7R7A8I6, STM32H7R7I8K6, STM32H7R7I8T6, STM32H7R7L8H6, STM32H7R7L8H6H, STM32H7R7Z8J6, STM32H7S3A8I6, STM32H7S3I8K6, STM32H7S3I8T6, STM32H7S3L8H6, STM32H7S3L8H6H, STM32H7S3R8V6, STM32H7S3V8H6, STM32H7S3V8T6, STM32H7S3V8Y6TR, STM32H7S3Z8J6, STM32H7S3Z8T6, STM32H7S78-DK, STM32H7S7A8I6, STM32H7S7I8K6, STM32H7S7I8T6, STM32H7S7L8H6, STM32H7S7L8H6H, STM32H7S7Z8J6, STM32L4R5QGI6STR, STM32MP131AAE3, STM32MP131AAF3, STM32MP131AAG3, STM32MP131CAE3, STM32MP131CAF3, STM32MP131CAG3, STM32MP131DAE7, STM32MP131DAF7, STM32MP131DAG7, STM32MP131FAE7, STM32MP131FAF7, STM32MP131FAG7, STM32MP133AAE3, STM32MP133AAF3, STM32MP133AAG3, STM32MP133CAE3, STM32MP133CAF3, STM32MP133CAG3, STM32MP133DAE7, STM32MP133DAF7, STM32MP133DAG7, STM32MP133FAE7, STM32MP133FAF7, STM32MP133FAG7, STM32MP135AAE3, STM32MP135AAF3, STM32MP135AAG3, STM32MP135CAE3, STM32MP135CAF3, STM32MP135CAG3, STM32MP135DAE7, STM32MP135DAF7, STM32MP135DAG7, STM32MP135F-DK, STM32MP135FAE7, STM32MP135FAF7, STM32MP135FAF7T, STM32MP135FAF7U, STM32MP135FAG7, STM32MP211AAL3, STM32MP211AAM3, STM32MP211AAN3, STM32MP211AAO3, STM32MP211CAL3, STM32MP211CAM3, STM32MP211CAN3, STM32MP211CAO3, STM32MP211DAL3, STM32MP211DAM3, STM32MP211DAN3, STM32MP211DAO3, STM32MP211FAL3, STM32MP211FAM3, STM32MP211FAN3, STM32MP211FAO3, STM32MP213AAL3, STM32MP213AAM3, STM32MP213AAN3, STM32MP213AAO3, STM32MP213CAL3, STM32MP213CAM3, STM32MP213CAN3, STM32MP213CAO3, STM32MP213DAL3, STM32MP213DAM3, STM32MP213DAN3, STM32MP213DAO3, STM32MP213FAL3, STM32MP213FAM3, STM32MP213FAN3, STM32MP213FAO3, STM32MP215AAL3, STM32MP215AAM3, STM32MP215AAN3, STM32MP215AAO3, STM32MP215CAL3, STM32MP215CAM3, STM32MP215CAN3, STM32MP215CAO3, STM32MP215DAL3, STM32MP215DAM3, STM32MP215DAN3, STM32MP215DAO3, STM32MP215F-DK, STM32MP215FAL3, STM32MP215FAM3, STM32MP215FAN3, STM32MP215FAO3, STM32MP231AAJ3, STM32MP231AAK3, STM32MP231AAL3, STM32MP231CAJ3, STM32MP231CAK3, STM32MP231CAL3, STM32MP231DAJ3, STM32MP231DAK3, STM32MP231DAL3, STM32MP231FAJ3, STM32MP231FAK3, STM32MP231FAL3, STM32MP233AAJ3, STM32MP233AAK3, STM32MP233AAL3, STM32MP233CAJ3, STM32MP233CAK3, STM32MP233CAL3, STM32MP233DAJ3, STM32MP233DAK3, STM32MP233DAL3, STM32MP233FAJ3, STM32MP233FAK3, STM32MP233FAL3, STM32MP235AAJ3, STM32MP235AAK3, STM32MP235AAL3, STM32MP235CAJ3, STM32MP235CAK3, STM32MP235CAL3, STM32MP235DAJ3, STM32MP235DAK3, STM32MP235DAL3, STM32MP235FAJ3, STM32MP235FAK3, STM32MP235FAL3, STM32MP251AAI3, STM32MP251AAK3, STM32MP251AAL3, STM32MP251CAI3, STM32MP251CAK3, STM32MP251CAL3, STM32MP251DAI3, STM32MP251DAK3, STM32MP251DAL3, STM32MP251FAI3, STM32MP251FAK3, STM32MP251FAL3, STM32MP253AAI3, STM32MP253AAK3, STM32MP253AAL3, STM32MP253CAI3, STM32MP253CAK3, STM32MP253CAL3, STM32MP253DAI3, STM32MP253DAK3, STM32MP253DAL3, STM32MP253FAI3, STM32MP253FAK3, STM32MP253FAL3, STM32MP255AAI3, STM32MP255AAK3, STM32MP255AAL3, STM32MP255CAI3, STM32MP255CAK3, STM32MP255CAL3, STM32MP255DAI3, STM32MP255DAK3, STM32MP255DAL3, STM32MP255FAI3, STM32MP255FAK3, STM32MP255FAL3, STM32MP257AAI3, STM32MP257AAK3, STM32MP257AAL3, STM32MP257CAI3, STM32MP257CAK3, STM32MP257CAL3, STM32MP257DAI3, STM32MP257DAK3, STM32MP257DAL3, STM32MP257F-DK, STM32MP257F-EV1, STM32MP257FAI3, STM32MP257FAK3, STM32MP257FAL3, STM32N645A0H3Q, STM32N645B0H3Q, STM32N645I0H3Q, STM32N645L0H3Q, STM32N645X0H3Q, STM32N645Z0H3Q, STM32N647A0H3Q, STM32N647B0H3Q, STM32N647I0H3Q, STM32N647L0H3Q, STM32N647X0H3Q, STM32N647Z0H3Q, STM32N655A0H3Q, STM32N655B0H3Q, STM32N655I0H3Q, STM32N655L0H3Q, STM32N655X0H3Q, STM32N655Z0H3Q, STM32N6570-DK, STM32N657A0H3Q, STM32N657B0H3Q, STM32N657I0H3Q, STM32N657L0H3Q, STM32N657X0H3Q, STM32N657Z0H3Q, STM32U031C6T6, STM32U031C6U6, STM32U031C8T6, STM32U031C8U6, STM32U031F4P6, STM32U031F6P6, STM32U031F8P6, STM32U031G6Y6TR, STM32U031G8Y6TR, STM32U031K4U6, STM32U031K6U6, STM32U031K8U6, STM32U031R6I6, STM32U031R6T6, STM32U031R8I6, STM32U031R8T6, STM32U073C8T6, STM32U073C8U6, STM32U073CBT6, STM32U073CBU6, STM32U073CCT6, STM32U073CCU6, STM32U073H8Y6TR, STM32U073HBY6TR, STM32U073HCY6TR, STM32U073K8U6, STM32U073KBU6, STM32U073KCU6, STM32U073M8I6, STM32U073M8T6, STM32U073MBI6, STM32U073MBT6, STM32U073MCI6, STM32U073MCT6, STM32U073R8I6, STM32U073R8T6, STM32U073RBI6, STM32U073RBT6, STM32U073RCI6, STM32U073RCT6, STM32U083C-DK, STM32U083CCT6, STM32U083CCU6, STM32U083HCY6TR, STM32U083KCU6, STM32U083MCI6, STM32U083MCT6, STM32U083RCI6, STM32U083RCT6, STM32U375CET6, STM32U375CET6Q, STM32U375CEU6, STM32U375CEU6Q, STM32U375CEY6QTR, STM32U375CGT6, STM32U375CGT6Q, STM32U375CGU6, STM32U375CGU6Q, STM32U375CGY6QTR, STM32U375KEU6, STM32U375KGU6, STM32U375REI6, STM32U375REI6Q, STM32U375RET6, STM32U375RET6Q, STM32U375REY6GTR, STM32U375REY6QTR, STM32U375RGI6, STM32U375RGI6Q, STM32U375RGT6, STM32U375RGT6Q, STM32U375RGY6GTR, STM32U375RGY6QTR, STM32U375VEI6, STM32U375VEI6Q, STM32U375VET6, STM32U375VET6Q, STM32U375VGI6, STM32U375VGI6Q, STM32U375VGT6, STM32U375VGT6Q, STM32U385CGT6, STM32U385CGT6Q, STM32U385CGU6, STM32U385CGU6Q, STM32U385CGY6QTR, STM32U385KGU6, STM32U385RGI6, STM32U385RGI6Q, STM32U385RGT6, STM32U385RGT6Q, STM32U385RGY6GTR, STM32U385RGY6QTR, STM32U385VGI6, STM32U385VGI6Q, STM32U385VGT6, STM32U385VGT6Q, STM32U535CBT6, STM32U535CBT6Q, STM32U535CBU6, STM32U535CBU6Q, STM32U535CCT6, STM32U535CCT6Q, STM32U535CCU6, STM32U535CCU6Q, STM32U535CET6, STM32U535CET6Q, STM32U535CEU6, STM32U535CEU6Q, STM32U535JEY6QTR, STM32U535NCY6QTR, STM32U535NEY6QTR, STM32U535RBI6, STM32U535RBI6Q, STM32U535RBT6, STM32U535RBT6Q, STM32U535RCI6, STM32U535RCI6Q, STM32U535RCT6, STM32U535RCT6Q, STM32U535REI6, STM32U535REI6Q, STM32U535RET6, STM32U535RET6Q, STM32U535VCI6, STM32U535VCI6Q, STM32U535VCT6, STM32U535VCT6Q, STM32U535VEI6, STM32U535VEI6Q, STM32U535VET6, STM32U535VET6Q, STM32U545CET6, STM32U545CET6Q, STM32U545CEU6, STM32U545CEU6Q, STM32U545JEY6QTR, STM32U545NEY6QTR, STM32U545REI6, STM32U545REI6Q, STM32U545RET6, STM32U545RET6Q, STM32U545VEI6, STM32U545VEI6Q, STM32U545VET6, STM32U545VET6Q, STM32U595AIH6, STM32U595AIH6Q, STM32U595AJH6, STM32U595AJH6Q, STM32U595QII6, STM32U595QII6Q, STM32U595QJI6, STM32U595QJI6Q, STM32U595RIT6, STM32U595RIT6Q, STM32U595RJT6, STM32U595RJT6Q, STM32U595VIT6, STM32U595VIT6Q, STM32U595VJT6, STM32U595VJT6Q, STM32U595ZIT6, STM32U595ZIT6Q, STM32U595ZIY6QTR, STM32U595ZJT6, STM32U595ZJT6Q, STM32U595ZJY6QTR, STM32U599BJY6QTR, STM32U599NIH6Q, STM32U599NJH6Q, STM32U599VIT6Q, STM32U599VJT6, STM32U599VJT6Q, STM32U599ZIT6Q, STM32U599ZIY6QTR, STM32U599ZJT6Q, STM32U599ZJY6QTR, STM32U5A5AJH6, STM32U5A5AJH6Q, STM32U5A5QII3Q , STM32U5A5QJI6, STM32U5A5QJI6Q, STM32U5A5RJT6, STM32U5A5RJT6Q, STM32U5A5VJT6, STM32U5A5VJT6Q, STM32U5A5ZJT6, STM32U5A5ZJT6Q, STM32U5A5ZJY6QTR, STM32U5A9BJY6QTR, STM32U5A9J-DK, STM32U5A9NJH6Q, STM32U5A9VJT6Q, STM32U5A9ZJT6Q, STM32U5A9ZJY6QTR, STM32U5F7VIT6, STM32U5F7VIT6Q, STM32U5F7VJT6, STM32U5F7VJT6Q, STM32U5F9BJY6QTR, STM32U5F9NJH6Q, STM32U5F9VIT6Q, STM32U5F9VJT6Q, STM32U5F9ZIJ6QTR, STM32U5F9ZIT6Q, STM32U5F9ZJJ6QTR, STM32U5F9ZJT6Q, STM32U5G7VJT6, STM32U5G7VJT6Q, STM32U5G9BJY6QTR, STM32U5G9J-DK1, STM32U5G9J-DK2, STM32U5G9NJH6Q, STM32U5G9VJT6Q, STM32U5G9ZJJ6QTR, STM32U5G9ZJT6Q, STM32WB05KZV6TR, STM32WB05KZV7TR, STM32WB05TZF6TR, STM32WB05TZF7TR, STM32WB06CCF6TR, STM32WB06CCF7TR, STM32WB06CCV6TR, STM32WB06CCV7TR, STM32WB06KCV6TR, STM32WB06KCV7TR, STM32WB07CCF6TR, STM32WB07CCF7TR, STM32WB07CCV6TR, STM32WB07CCV7TR, STM32WB07KCV6TR, STM32WB07KCV7TR, STM32WB09KEV6TR, STM32WB09KEV7TR, STM32WB09TEF6TR, STM32WB09TEF7TR, STM32WB1MMCH6, STM32WBA50KGU6, STM32WBA50KGU6TR, STM32WBA52CEU6, STM32WBA52CEU6TR, STM32WBA52CEU7, STM32WBA52CEU7TR, STM32WBA52CGU6, STM32WBA52CGU6TR, STM32WBA52CGU6U, STM32WBA52CGU7, STM32WBA52CGU7TR, STM32WBA52KEU6, STM32WBA52KEU6TR, STM32WBA52KGU6, STM32WBA52KGU6TR, STM32WBA54CEU6, STM32WBA54CEU6TR, STM32WBA54CEU7, STM32WBA54CEU7TR, STM32WBA54CGU6, STM32WBA54CGU6TR, STM32WBA54CGU7, STM32WBA54CGU7TR, STM32WBA54KEU6, STM32WBA54KEU6TR, STM32WBA54KEU7, STM32WBA54KEU7TR, STM32WBA54KGU6, STM32WBA54KGU6TR, STM32WBA54KGU7, STM32WBA54KGU7TR, STM32WBA55CEU6, STM32WBA55CEU6TR, STM32WBA55CEU7, STM32WBA55CEU7TR, STM32WBA55CGU6, STM32WBA55CGU6TR, STM32WBA55CGU6U, STM32WBA55CGU7, STM32WBA55CGU7TR, STM32WBA55G-DK1, STM32WBA55HEF6, STM32WBA55HEF7, STM32WBA55HGF6, STM32WBA55HGF7, STM32WBA55UEI6, STM32WBA55UEI6TR, STM32WBA55UEI7, STM32WBA55UEI7TR, STM32WBA55UGI6, STM32WBA55UGI6TR, STM32WBA55UGI7, STM32WBA55UGI7TR, STM32WBA5MMGH6TR, STM32WBA62MGF6, STM32WBA62MIF6, STM32WBA65MGF7, STM32WBA65MIF6, STM32WBA65MIF7, STM32WL30K8V6, STM32WL30KBV6, STM32WL31C8V6, STM32WL31CBV6, STM32WL31K8V6, STM32WL31KBV6, STM32WL33C8V6, STM32WL33C8V6X, STM32WL33CBV6, STM32WL33CBV6X, STM32WL33CCV6, STM32WL33CCV6A, STM32WL33CCV6X, STM32WL33K8V7, STM32WL33K8V7X, STM32WL33KBV7 , STM32WL33KBV7X, STM32WL33KCV7, STM32WL33KCV7X, STM32WL5MOCH6, STM32WL5MOCH6TR]
2026-02-02 18:29:51,677 [INFO] ApiDb:668 - CubeFinder database Data Model version=2.1
2026-02-02 18:29:51,678 [INFO] ApiDb:669 - CubeFinder database Configuration version=3.0.39
2026-02-02 18:29:51,678 [INFO] ApiDb:670 - CubeFinder database generation date=2025-12-22 (1766407740)
2026-02-02 18:29:51,678 [INFO] ApiDb:671 - CubeFinder database FW Pack versions=[FP-ATR-ASTRA1_V2.0.0, FP-SNS-FLIGHT1_V5.1.0, FP-SNS-MOTENV1_V5.1.0, FP-SNS-MOTENVWB1_V1.4.0, FP-SNS-SMARTAG2_V1.2.0, FP-SNS-STBOX1_V2.1.0, STM32Cube_FW_C0_V1.4.0, STM32Cube_FW_F4_V1.28.3, STM32Cube_FW_F7_V1.17.4, STM32Cube_FW_G0_V1.6.2, STM32Cube_FW_G4_V1.6.1, STM32Cube_FW_H5_V1.5.1, STM32Cube_FW_H7RS_V1.3.0, STM32Cube_FW_H7_V1.12.1, STM32Cube_FW_L0_V1.12.2, STM32Cube_FW_L4_V1.18.1, STM32Cube_FW_L5_V1.6.0, STM32Cube_FW_N6_V1.3.0, STM32Cube_FW_U0_V1.3.0, STM32Cube_FW_U3_V1.2.1, STM32Cube_FW_U5_V1.8.0, STM32Cube_FW_WB0_V1.4.0, STM32Cube_FW_WBA_V1.8.0, STM32Cube_FW_WB_V1.24.0, STM32Cube_FW_WL3_V1.3.0, STM32Cube_FW_WL_V1.4.0, X-CUBE-ALGOBUILD_V1.4.0, X-CUBE-ALS_V1.0.2, X-CUBE-AZRTOS-F4_V1.1.0, X-CUBE-AZRTOS-F7_V1.1.0, X-CUBE-AZRTOS-G0_V1.1.0, X-CUBE-AZRTOS-G4_V2.0.0, X-CUBE-AZRTOS-H7RS_V1.1.0, X-CUBE-AZRTOS-H7_V3.4.0, X-CUBE-AZRTOS-L4_V2.0.0, X-CUBE-AZRTOS-L5_V2.0.0, X-CUBE-AZRTOS-WB_V2.0.0, X-CUBE-AZRTOS-WL_V2.0.0, X-CUBE-BLE1_V7.1.0, X-CUBE-BLE2_V3.3.0, X-CUBE-BLEMGR_V4.1.0, X-CUBE-EEPRMA1_V5.2.0, X-CUBE-FREERTOS_V1.3.1, X-CUBE-GNSS1_V6.0.0, X-CUBE-MEMS1_V12.0.0, X-CUBE-NFC4_V3.0.0, X-CUBE-NFC7_V2.0.0, X-CUBE-SFXS2LP1_V4.0.0, X-CUBE-ST67W61_V1.1.0, X-CUBE-SUBG2_V5.0.0, X-CUBE-TOF1_V3.4.3]
2026-02-02 18:29:54,016 [INFO] ApiDb:240 - Found 880 in-development CPN: [B-G473E-ZEST1S, B-WB1M-WPAN1, B-WBA5M-WPAN, B-WL5M-SUBG1, NUCLEO-C031C6, NUCLEO-C051C8, NUCLEO-C071RB, NUCLEO-C092RC, NUCLEO-H503RB, NUCLEO-H533RE, NUCLEO-H563ZI, NUCLEO-H7S3L8, NUCLEO-N657X0-Q, NUCLEO-U031R8, NUCLEO-U083RC, NUCLEO-U385RG-Q, NUCLEO-U545RE-Q, NUCLEO-U5A5ZJ-Q, NUCLEO-WB05KZ, NUCLEO-WB07CC, NUCLEO-WB09KE, NUCLEO-WBA52CG, NUCLEO-WBA55CG, NUCLEO-WL33CC1, NUCLEO-WL33CC2, STEVAL-PROTEUS1, STEVAL-SMARTAG2, STEVAL-STWINBX1, STM320518-EVAL, STM32C0116-DK, STM32C011D6Y3TR, STM32C011D6Y6TR, STM32C011F4P3, STM32C011F4P6, STM32C011F4U3, STM32C011F4U6TR, STM32C011F6P3, STM32C011F6P6, STM32C011F6U3, STM32C011F6U6TR, STM32C011J4M3, STM32C011J4M6, STM32C011J6M3, STM32C011J6M6, STM32C0316-DK, STM32C031C4T3, STM32C031C4T6, STM32C031C4U3, STM32C031C4U6, STM32C031C6T3, STM32C031C6T6, STM32C031C6U3, STM32C031C6U6, STM32C031F4P3, STM32C031F4P6, STM32C031F6P3, STM32C031F6P6, STM32C031G4U3, STM32C031G4U6, STM32C031G6U3, STM32C031G6U6, STM32C031K4T3, STM32C031K4T6, STM32C031K4U3, STM32C031K4U6, STM32C031K6T3, STM32C031K6T6, STM32C031K6U3, STM32C031K6U6, STM32C051C6T6, STM32C051C6U6, STM32C051C8T6, STM32C051C8U6, STM32C051D8Y6TR, STM32C051F6P6, STM32C051F8P6, STM32C051G6U6, STM32C051G8U6, STM32C051K6T6, STM32C051K6U6, STM32C051K8T6, STM32C071C8T6, STM32C071C8T6N, STM32C071C8U6, STM32C071C8U6N, STM32C071CBT6, STM32C071CBT6N, STM32C071CBU6, STM32C071CBU6N, STM32C071F8P6, STM32C071F8P6N, STM32C071FBP6, STM32C071FBP6N, STM32C071FBY6TR, STM32C071G8U6, STM32C071G8U6N, STM32C071GBU6, STM32C071GBU6N, STM32C071K8T6, STM32C071K8T6N, STM32C071K8U6, STM32C071K8U6N, STM32C071KBT6, STM32C071KBT6N, STM32C071KBU6, STM32C071KBU6N, STM32C071R8T6, STM32C071R8T6N, STM32C071RBI6N, STM32C071RBT6, STM32C071RBT6N, STM32C091CBT6, STM32C091CBU6, STM32C091CCT6, STM32C091CCU6, STM32C091ECY6TR, STM32C091FBP6, STM32C091FCP6, STM32C091GBU6, STM32C091GCU6, STM32C091KBT6, STM32C091KBU6, STM32C091KCT6, STM32C091KCU6, STM32C091RBT6, STM32C091RCI6, STM32C091RCT6, STM32C092CBT6, STM32C092CBU6, STM32C092CCT6, STM32C092CCU6, STM32C092ECY6TR, STM32C092FBP6, STM32C092FCP6, STM32C092GBU6, STM32C092GCU6, STM32C092KBT6, STM32C092KBU6, STM32C092KCT6, STM32C092KCU6, STM32C092RBT6, STM32C092RCI6, STM32C092RCT6, STM32G071K8TXN, STM32G071K8UXN, STM32G081GBU6N, STM32G081KBT6N, STM32G081KBUXN, STM32G0B1CCT6N, STM32G0B1KCT6, STM32G0B1NEY6TR, STM32G0B1RCT6N, STM32G0C1CCT6, STM32G0C1CCT6N, STM32G0C1CCU6N, STM32G0C1CET6N, STM32G0C1CEU6N, STM32G0C1KCT6, STM32G0C1NEY6TR, STM32G0C1RCI6N, STM32G0C1RCT6N, STM32G0C1REI6N, STM32G0C1RET6N, STM32G0C1VCI6, STM32G0C1VEI6, STM32G411C6T3, STM32G411C6T6, STM32G411C6U3, STM32G411C6U6, STM32G411C8T3, STM32G411C8T6, STM32G411C8U3, STM32G411C8U6, STM32G411CBT3, STM32G411CBT6, STM32G411CBU3, STM32G411CBU6, STM32G411K6T3, STM32G411K6T6, STM32G411K6U3, STM32G411K6U6, STM32G411K8T3, STM32G411K8T6, STM32G411K8U3, STM32G411K8U6, STM32G411KBT3, STM32G411KBT6, STM32G411KBU3, STM32G411KBU6, STM32G411M6T3, STM32G411M6T6, STM32G411M8T3, STM32G411M8T6, STM32G411MBT3, STM32G411MBT6, STM32G411R6T3, STM32G411R6T6, STM32G411R8T3, STM32G411R8T6, STM32G411RBT3, STM32G411RBT6, STM32G414CBT3, STM32G414CBT6, STM32G414CBU3, STM32G414CBU6, STM32G414CCT3, STM32G414CCT6, STM32G414CCU3, STM32G414CCU6, STM32G414MBT3, STM32G414MBT6, STM32G414MCT3, STM32G414MCT6, STM32G414RBT3, STM32G414RBT6, STM32G414RCT3, STM32G414RCT6, STM32G414VBT3, STM32G414VBT6, STM32G414VCT3, STM32G414VCT6, STM32G431CBT3Z, STM32G431RBT3Z, STM32G471CCT6, STM32G471CCU6, STM32G471CET3, STM32G471CET6, STM32G471CEU3, STM32G471CEU6, STM32G471MCT6, STM32G471MET3, STM32G471MET6, STM32G471MEY6TR, STM32G471QCT6, STM32G471QET3, STM32G471RCT6, STM32G471RET3, STM32G471RET6, STM32G471VCH6, STM32G471VCI6, STM32G471VCT6, STM32G471VEH3, STM32G471VEH6, STM32G471VEI3, STM32G471VEI6, STM32G471VET3, STM32G471VET6, STM32G473QET3Z, STM32G473RET3Z, STM32G474CCT6, STM32G491RET3Z, STM32H503CBT6, STM32H503CBU6, STM32H503EBY6TR, STM32H503KBU6, STM32H503RBT6, STM32H523CCT6, STM32H523CCU6, STM32H523CET6, STM32H523CEU6, STM32H523HEY6TR, STM32H523RCT6, STM32H523RET6, STM32H523VCI6, STM32H523VCT6, STM32H523VEI6, STM32H523VET6, STM32H523ZCJ6, STM32H523ZCT6, STM32H523ZEJ6, STM32H523ZET6, STM32H533CET6, STM32H533CEU6, STM32H533HEY6TR, STM32H533RET6, STM32H533VEI6, STM32H533VET6, STM32H533ZEJ6, STM32H533ZET6, STM32H562AGI6, STM32H562AII6, STM32H562IGK6, STM32H562IGT6, STM32H562IIK6, STM32H562IIT6, STM32H562RGT6, STM32H562RGV6, STM32H562RIT6, STM32H562RIV6, STM32H562VGT6, STM32H562VIT6, STM32H562ZGT6, STM32H562ZIT6, STM32H563AGI6, STM32H563AII3Q, STM32H563AII6, STM32H563IGK6, STM32H563IGT6, STM32H563IIK3Q, STM32H563IIK6, STM32H563IIT3Q, STM32H563IIT6, STM32H563MIY3QTR, STM32H563RGT6, STM32H563RGV6, STM32H563RIT6, STM32H563RIV6, STM32H563VGT6, STM32H563VIT3Q, STM32H563VIT6, STM32H563ZGT6, STM32H563ZIT3Q, STM32H563ZIT6, STM32H573AII3Q, STM32H573AII6, STM32H573I-DK, STM32H573IIK3Q, STM32H573IIK6, STM32H573IIT3Q, STM32H573IIT6, STM32H573MIY3QTR, STM32H573RIT6, STM32H573RIV6, STM32H573VIT3Q, STM32H573VIT6, STM32H573ZIT3Q, STM32H573ZIT6, STM32H7R3A8I6, STM32H7R3I8K6, STM32H7R3I8T6, STM32H7R3L8H6, STM32H7R3L8H6H, STM32H7R3R8V6, STM32H7R3V8H6, STM32H7R3V8T6, STM32H7R3V8Y6TR, STM32H7R3Z8J6, STM32H7R3Z8T6, STM32H7R7A8I6, STM32H7R7I8K6, STM32H7R7I8T6, STM32H7R7L8H6, STM32H7R7L8H6H, STM32H7R7Z8J6, STM32H7S3A8I6, STM32H7S3I8K6, STM32H7S3I8T6, STM32H7S3L8H6, STM32H7S3L8H6H, STM32H7S3R8V6, STM32H7S3V8H6, STM32H7S3V8T6, STM32H7S3V8Y6TR, STM32H7S3Z8J6, STM32H7S3Z8T6, STM32H7S78-DK, STM32H7S7A8I6, STM32H7S7I8K6, STM32H7S7I8T6, STM32H7S7L8H6, STM32H7S7L8H6H, STM32H7S7Z8J6, STM32L4R5QGI6STR, STM32MP131AAE3, STM32MP131AAF3, STM32MP131AAG3, STM32MP131CAE3, STM32MP131CAF3, STM32MP131CAG3, STM32MP131DAE7, STM32MP131DAF7, STM32MP131DAG7, STM32MP131FAE7, STM32MP131FAF7, STM32MP131FAG7, STM32MP133AAE3, STM32MP133AAF3, STM32MP133AAG3, STM32MP133CAE3, STM32MP133CAF3, STM32MP133CAG3, STM32MP133DAE7, STM32MP133DAF7, STM32MP133DAG7, STM32MP133FAE7, STM32MP133FAF7, STM32MP133FAG7, STM32MP135AAE3, STM32MP135AAF3, STM32MP135AAG3, STM32MP135CAE3, STM32MP135CAF3, STM32MP135CAG3, STM32MP135DAE7, STM32MP135DAF7, STM32MP135DAG7, STM32MP135F-DK, STM32MP135FAE7, STM32MP135FAF7, STM32MP135FAF7T, STM32MP135FAF7U, STM32MP135FAG7, STM32MP211AAL3, STM32MP211AAM3, STM32MP211AAN3, STM32MP211AAO3, STM32MP211CAL3, STM32MP211CAM3, STM32MP211CAN3, STM32MP211CAO3, STM32MP211DAL3, STM32MP211DAM3, STM32MP211DAN3, STM32MP211DAO3, STM32MP211FAL3, STM32MP211FAM3, STM32MP211FAN3, STM32MP211FAO3, STM32MP213AAL3, STM32MP213AAM3, STM32MP213AAN3, STM32MP213AAO3, STM32MP213CAL3, STM32MP213CAM3, STM32MP213CAN3, STM32MP213CAO3, STM32MP213DAL3, STM32MP213DAM3, STM32MP213DAN3, STM32MP213DAO3, STM32MP213FAL3, STM32MP213FAM3, STM32MP213FAN3, STM32MP213FAO3, STM32MP215AAL3, STM32MP215AAM3, STM32MP215AAN3, STM32MP215AAO3, STM32MP215CAL3, STM32MP215CAM3, STM32MP215CAN3, STM32MP215CAO3, STM32MP215DAL3, STM32MP215DAM3, STM32MP215DAN3, STM32MP215DAO3, STM32MP215F-DK, STM32MP215FAL3, STM32MP215FAM3, STM32MP215FAN3, STM32MP215FAO3, STM32MP231AAJ3, STM32MP231AAK3, STM32MP231AAL3, STM32MP231CAJ3, STM32MP231CAK3, STM32MP231CAL3, STM32MP231DAJ3, STM32MP231DAK3, STM32MP231DAL3, STM32MP231FAJ3, STM32MP231FAK3, STM32MP231FAL3, STM32MP233AAJ3, STM32MP233AAK3, STM32MP233AAL3, STM32MP233CAJ3, STM32MP233CAK3, STM32MP233CAL3, STM32MP233DAJ3, STM32MP233DAK3, STM32MP233DAL3, STM32MP233FAJ3, STM32MP233FAK3, STM32MP233FAL3, STM32MP235AAJ3, STM32MP235AAK3, STM32MP235AAL3, STM32MP235CAJ3, STM32MP235CAK3, STM32MP235CAL3, STM32MP235DAJ3, STM32MP235DAK3, STM32MP235DAL3, STM32MP235FAJ3, STM32MP235FAK3, STM32MP235FAL3, STM32MP251AAI3, STM32MP251AAK3, STM32MP251AAL3, STM32MP251CAI3, STM32MP251CAK3, STM32MP251CAL3, STM32MP251DAI3, STM32MP251DAK3, STM32MP251DAL3, STM32MP251FAI3, STM32MP251FAK3, STM32MP251FAL3, STM32MP253AAI3, STM32MP253AAK3, STM32MP253AAL3, STM32MP253CAI3, STM32MP253CAK3, STM32MP253CAL3, STM32MP253DAI3, STM32MP253DAK3, STM32MP253DAL3, STM32MP253FAI3, STM32MP253FAK3, STM32MP253FAL3, STM32MP255AAI3, STM32MP255AAK3, STM32MP255AAL3, STM32MP255CAI3, STM32MP255CAK3, STM32MP255CAL3, STM32MP255DAI3, STM32MP255DAK3, STM32MP255DAL3, STM32MP255FAI3, STM32MP255FAK3, STM32MP255FAL3, STM32MP257AAI3, STM32MP257AAK3, STM32MP257AAL3, STM32MP257CAI3, STM32MP257CAK3, STM32MP257CAL3, STM32MP257DAI3, STM32MP257DAK3, STM32MP257DAL3, STM32MP257F-DK, STM32MP257F-EV1, STM32MP257FAI3, STM32MP257FAK3, STM32MP257FAL3, STM32N645A0H3Q, STM32N645B0H3Q, STM32N645I0H3Q, STM32N645L0H3Q, STM32N645X0H3Q, STM32N645Z0H3Q, STM32N647A0H3Q, STM32N647B0H3Q, STM32N647I0H3Q, STM32N647L0H3Q, STM32N647X0H3Q, STM32N647Z0H3Q, STM32N655A0H3Q, STM32N655B0H3Q, STM32N655I0H3Q, STM32N655L0H3Q, STM32N655X0H3Q, STM32N655Z0H3Q, STM32N6570-DK, STM32N657A0H3Q, STM32N657B0H3Q, STM32N657I0H3Q, STM32N657L0H3Q, STM32N657X0H3Q, STM32N657Z0H3Q, STM32U031C6T6, STM32U031C6U6, STM32U031C8T6, STM32U031C8U6, STM32U031F4P6, STM32U031F6P6, STM32U031F8P6, STM32U031G6Y6TR, STM32U031G8Y6TR, STM32U031K4U6, STM32U031K6U6, STM32U031K8U6, STM32U031R6I6, STM32U031R6T6, STM32U031R8I6, STM32U031R8T6, STM32U073C8T6, STM32U073C8U6, STM32U073CBT6, STM32U073CBU6, STM32U073CCT6, STM32U073CCU6, STM32U073H8Y6TR, STM32U073HBY6TR, STM32U073HCY6TR, STM32U073K8U6, STM32U073KBU6, STM32U073KCU6, STM32U073M8I6, STM32U073M8T6, STM32U073MBI6, STM32U073MBT6, STM32U073MCI6, STM32U073MCT6, STM32U073R8I6, STM32U073R8T6, STM32U073RBI6, STM32U073RBT6, STM32U073RCI6, STM32U073RCT6, STM32U083C-DK, STM32U083CCT6, STM32U083CCU6, STM32U083HCY6TR, STM32U083KCU6, STM32U083MCI6, STM32U083MCT6, STM32U083RCI6, STM32U083RCT6, STM32U375CET6, STM32U375CET6Q, STM32U375CEU6, STM32U375CEU6Q, STM32U375CEY6QTR, STM32U375CGT6, STM32U375CGT6Q, STM32U375CGU6, STM32U375CGU6Q, STM32U375CGY6QTR, STM32U375KEU6, STM32U375KGU6, STM32U375REI6, STM32U375REI6Q, STM32U375RET6, STM32U375RET6Q, STM32U375REY6GTR, STM32U375REY6QTR, STM32U375RGI6, STM32U375RGI6Q, STM32U375RGT6, STM32U375RGT6Q, STM32U375RGY6GTR, STM32U375RGY6QTR, STM32U375VEI6, STM32U375VEI6Q, STM32U375VET6, STM32U375VET6Q, STM32U375VGI6, STM32U375VGI6Q, STM32U375VGT6, STM32U375VGT6Q, STM32U385CGT6, STM32U385CGT6Q, STM32U385CGU6, STM32U385CGU6Q, STM32U385CGY6QTR, STM32U385KGU6, STM32U385RGI6, STM32U385RGI6Q, STM32U385RGT6, STM32U385RGT6Q, STM32U385RGY6GTR, STM32U385RGY6QTR, STM32U385VGI6, STM32U385VGI6Q, STM32U385VGT6, STM32U385VGT6Q, STM32U535CBT6, STM32U535CBT6Q, STM32U535CBU6, STM32U535CBU6Q, STM32U535CCT6, STM32U535CCT6Q, STM32U535CCU6, STM32U535CCU6Q, STM32U535CET6, STM32U535CET6Q, STM32U535CEU6, STM32U535CEU6Q, STM32U535JEY6QTR, STM32U535NCY6QTR, STM32U535NEY6QTR, STM32U535RBI6, STM32U535RBI6Q, STM32U535RBT6, STM32U535RBT6Q, STM32U535RCI6, STM32U535RCI6Q, STM32U535RCT6, STM32U535RCT6Q, STM32U535REI6, STM32U535REI6Q, STM32U535RET6, STM32U535RET6Q, STM32U535VCI6, STM32U535VCI6Q, STM32U535VCT6, STM32U535VCT6Q, STM32U535VEI6, STM32U535VEI6Q, STM32U535VET6, STM32U535VET6Q, STM32U545CET6, STM32U545CET6Q, STM32U545CEU6, STM32U545CEU6Q, STM32U545JEY6QTR, STM32U545NEY6QTR, STM32U545REI6, STM32U545REI6Q, STM32U545RET6, STM32U545RET6Q, STM32U545VEI6, STM32U545VEI6Q, STM32U545VET6, STM32U545VET6Q, STM32U595AIH6, STM32U595AIH6Q, STM32U595AJH6, STM32U595AJH6Q, STM32U595QII6, STM32U595QII6Q, STM32U595QJI6, STM32U595QJI6Q, STM32U595RIT6, STM32U595RIT6Q, STM32U595RJT6, STM32U595RJT6Q, STM32U595VIT6, STM32U595VIT6Q, STM32U595VJT6, STM32U595VJT6Q, STM32U595ZIT6, STM32U595ZIT6Q, STM32U595ZIY6QTR, STM32U595ZJT6, STM32U595ZJT6Q, STM32U595ZJY6QTR, STM32U599BJY6QTR, STM32U599NIH6Q, STM32U599NJH6Q, STM32U599VIT6Q, STM32U599VJT6, STM32U599VJT6Q, STM32U599ZIT6Q, STM32U599ZIY6QTR, STM32U599ZJT6Q, STM32U599ZJY6QTR, STM32U5A5AJH6, STM32U5A5AJH6Q, STM32U5A5QII3Q , STM32U5A5QJI6, STM32U5A5QJI6Q, STM32U5A5RJT6, STM32U5A5RJT6Q, STM32U5A5VJT6, STM32U5A5VJT6Q, STM32U5A5ZJT6, STM32U5A5ZJT6Q, STM32U5A5ZJY6QTR, STM32U5A9BJY6QTR, STM32U5A9J-DK, STM32U5A9NJH6Q, STM32U5A9VJT6Q, STM32U5A9ZJT6Q, STM32U5A9ZJY6QTR, STM32U5F7VIT6, STM32U5F7VIT6Q, STM32U5F7VJT6, STM32U5F7VJT6Q, STM32U5F9BJY6QTR, STM32U5F9NJH6Q, STM32U5F9VIT6Q, STM32U5F9VJT6Q, STM32U5F9ZIJ6QTR, STM32U5F9ZIT6Q, STM32U5F9ZJJ6QTR, STM32U5F9ZJT6Q, STM32U5G7VJT6, STM32U5G7VJT6Q, STM32U5G9BJY6QTR, STM32U5G9J-DK1, STM32U5G9J-DK2, STM32U5G9NJH6Q, STM32U5G9VJT6Q, STM32U5G9ZJJ6QTR, STM32U5G9ZJT6Q, STM32WB05KZV6TR, STM32WB05KZV7TR, STM32WB05TZF6TR, STM32WB05TZF7TR, STM32WB06CCF6TR, STM32WB06CCF7TR, STM32WB06CCV6TR, STM32WB06CCV7TR, STM32WB06KCV6TR, STM32WB06KCV7TR, STM32WB07CCF6TR, STM32WB07CCF7TR, STM32WB07CCV6TR, STM32WB07CCV7TR, STM32WB07KCV6TR, STM32WB07KCV7TR, STM32WB09KEV6TR, STM32WB09KEV7TR, STM32WB09TEF6TR, STM32WB09TEF7TR, STM32WB1MMCH6, STM32WBA50KGU6, STM32WBA50KGU6TR, STM32WBA52CEU6, STM32WBA52CEU6TR, STM32WBA52CEU7, STM32WBA52CEU7TR, STM32WBA52CGU6, STM32WBA52CGU6TR, STM32WBA52CGU6U, STM32WBA52CGU7, STM32WBA52CGU7TR, STM32WBA52KEU6, STM32WBA52KEU6TR, STM32WBA52KGU6, STM32WBA52KGU6TR, STM32WBA54CEU6, STM32WBA54CEU6TR, STM32WBA54CEU7, STM32WBA54CEU7TR, STM32WBA54CGU6, STM32WBA54CGU6TR, STM32WBA54CGU7, STM32WBA54CGU7TR, STM32WBA54KEU6, STM32WBA54KEU6TR, STM32WBA54KEU7, STM32WBA54KEU7TR, STM32WBA54KGU6, STM32WBA54KGU6TR, STM32WBA54KGU7, STM32WBA54KGU7TR, STM32WBA55CEU6, STM32WBA55CEU6TR, STM32WBA55CEU7, STM32WBA55CEU7TR, STM32WBA55CGU6, STM32WBA55CGU6TR, STM32WBA55CGU6U, STM32WBA55CGU7, STM32WBA55CGU7TR, STM32WBA55G-DK1, STM32WBA55HEF6, STM32WBA55HEF7, STM32WBA55HGF6, STM32WBA55HGF7, STM32WBA55UEI6, STM32WBA55UEI6TR, STM32WBA55UEI7, STM32WBA55UEI7TR, STM32WBA55UGI6, STM32WBA55UGI6TR, STM32WBA55UGI7, STM32WBA55UGI7TR, STM32WBA5MMGH6TR, STM32WBA62MGF6, STM32WBA62MIF6, STM32WBA65MGF7, STM32WBA65MIF6, STM32WBA65MIF7, STM32WL30K8V6, STM32WL30KBV6, STM32WL31C8V6, STM32WL31CBV6, STM32WL31K8V6, STM32WL31KBV6, STM32WL33C8V6, STM32WL33C8V6X, STM32WL33CBV6, STM32WL33CBV6X, STM32WL33CCV6, STM32WL33CCV6A, STM32WL33CCV6X, STM32WL33K8V7, STM32WL33K8V7X, STM32WL33KBV7 , STM32WL33KBV7X, STM32WL33KCV7, STM32WL33KCV7X, STM32WL5MOCH6, STM32WL5MOCH6TR]
2026-02-02 18:29:54,022 [INFO] DbMcus:218 - Found 4876 MCUs, 4876 are supported
2026-02-02 18:29:54,022 [INFO] ApiDb:423 - Load user favorites file /home/krushna/.stm32cubeide/favorites.mcus.txt: 0 item(s)
2026-02-02 18:29:54,022 [INFO] ApiDb:427 - User favorites MCUs=[]
2026-02-02 18:29:54,022 [INFO] DbMcus:224 - Set 0 / 0 favorites MCUs
2026-02-02 18:29:54,573 [INFO] BoardInfo:889 - No configuration file found for board P-NUCLEO-WB55
2026-02-02 18:29:54,574 [INFO] DbBoards:161 - Kit is not supported: P-NUCLEO-WB55
2026-02-02 18:29:54,577 [INFO] BoardInfo:889 - No configuration file found for board STEVAL-BFA001V1B
2026-02-02 18:29:54,577 [INFO] DbBoards:161 - Kit is not supported: STEVAL-BFA001V1B
2026-02-02 18:29:54,578 [INFO] BoardInfo:889 - No configuration file found for board STEVAL-BFA001V2B
2026-02-02 18:29:54,578 [INFO] DbBoards:161 - Kit is not supported: STEVAL-BFA001V2B
2026-02-02 18:29:54,663 [INFO] DbBoards:168 - Found 212 boards, 209 are supported
2026-02-02 18:29:54,663 [INFO] DbBoards:169 - Found 212 boards, 43 of them is supported for  Bsp
2026-02-02 18:29:54,674 [INFO] ApiDb:423 - Load user favorites file /home/krushna/.stm32cubeide/favorites.boards.txt: 2 item(s)
2026-02-02 18:29:54,674 [INFO] ApiDb:427 - User favorites Boards=[NUCLEO-F446RE, STM32F407G-DISC1]
2026-02-02 18:29:54,674 [INFO] DbBoards:198 - Set 2 / 2 favorites Boards
2026-02-02 18:29:54,733 [INFO] UtilMem:75 - End LoadConfig() Used Memory: 365390000 Bytes (421527552)
2026-02-02 18:29:54,918 [WARN] ThirdParty:833 - waiting for thirdparty lock release [change project]
2026-02-02 18:29:54,919 [INFO] ThirdParty:835 - entering critical section [change project]
2026-02-02 18:29:54,919 [INFO] ThirdParty:1030 - CMSIS Pack Vendor :STMicroelectronics X-CUBE-PM33A1 1.0.0
2026-02-02 18:29:54,919 [INFO] ThirdParty:1030 - CMSIS Pack Vendor :STMicroelectronics USBPD 4.1
2026-02-02 18:29:54,919 [INFO] ThirdParty:1030 - CMSIS Pack Vendor :STMicroelectronics X-CUBE-NFC9 1.0.0
2026-02-02 18:29:54,919 [INFO] ThirdParty:1030 - CMSIS Pack Vendor :STMicroelectronics USB_HOST 2.0.0
2026-02-02 18:29:54,919 [INFO] ThirdParty:1030 - CMSIS Pack Vendor :STMicroelectronics FP-SNS-MOTENVWB1 1.4.0
2026-02-02 18:29:54,919 [INFO] ThirdParty:1030 - CMSIS Pack Vendor :STMicroelectronics X-CUBE-AZRTOS-F4 1.1.0
2026-02-02 18:29:54,919 [INFO] ThirdParty:1030 - CMSIS Pack Vendor :STMicroelectronics LIBJPEG 8.0.0
2026-02-02 18:29:54,919 [INFO] ThirdParty:1030 - CMSIS Pack Vendor :STMicroelectronics FP-ATR-ASTRA1 2.0.2
2026-02-02 18:29:54,919 [INFO] ThirdParty:1030 - CMSIS Pack Vendor :STMicroelectronics X-CUBE-BLE1 7.1.0
2026-02-02 18:29:54,919 [INFO] ThirdParty:1030 - CMSIS Pack Vendor :Avnet-IotConnect X-CUBE-IoTC-DA16k-PMOD 1.0.0
2026-02-02 18:29:54,919 [INFO] ThirdParty:1030 - CMSIS Pack Vendor :STMicroelectronics X-CUBE-SMBUS 2.1.0
2026-02-02 18:29:54,919 [INFO] ThirdParty:1030 - CMSIS Pack Vendor :wolfSSL I-CUBE-wolfMQTT 1.19.2
2026-02-02 18:29:54,919 [INFO] ThirdParty:1030 - CMSIS Pack Vendor :STMicroelectronics USB_DEVICE 3.0.0
2026-02-02 18:29:54,919 [INFO] ThirdParty:1030 - CMSIS Pack Vendor :STMicroelectronics X-CUBE-ISPU 2.1.0
2026-02-02 18:29:54,919 [INFO] ThirdParty:1030 - CMSIS Pack Vendor :STMicroelectronics X-CUBE-FREERTOS 1.4.0
2026-02-02 18:29:54,920 [INFO] ThirdParty:1030 - CMSIS Pack Vendor :STMicroelectronics X-CUBE-IPS 3.2.0
2026-02-02 18:29:54,920 [INFO] ThirdParty:1030 - CMSIS Pack Vendor :STMicroelectronics X-CUBE-AZRTOS-WB 2.0.0
2026-02-02 18:29:54,920 [INFO] ThirdParty:1030 - CMSIS Pack Vendor :STMicroelectronics X-CUBE-ST60 1.0.0
2026-02-02 18:29:54,920 [INFO] ThirdParty:1030 - CMSIS Pack Vendor :STMicroelectronics X-CUBE-GNSS1 7.0.1
2026-02-02 18:29:54,920 [INFO] ThirdParty:1030 - CMSIS Pack Vendor :STMicroelectronics X-CUBE-AZRTOS-F7 1.1.0
2026-02-02 18:29:54,920 [INFO] ThirdParty:1030 - CMSIS Pack Vendor :STMicroelectronics X-CUBE-AZRTOS-L5 2.0.0
2026-02-02 18:29:54,920 [INFO] ThirdParty:1030 - CMSIS Pack Vendor :STMicroelectronics X-CUBE-TOUCHGFX 4.25.0
2026-02-02 18:29:54,920 [INFO] ThirdParty:1030 - CMSIS Pack Vendor :STMicroelectronics USB_DEVICE 2.0.0
2026-02-02 18:29:54,920 [INFO] ThirdParty:1030 - CMSIS Pack Vendor :STMicroelectronics X-CUBE-NFC6 3.1.0
2026-02-02 18:29:54,920 [INFO] ThirdParty:1030 - CMSIS Pack Vendor :STMicroelectronics X-CUBE-ST67W61 1.1.0
2026-02-02 18:29:54,920 [INFO] ThirdParty:1030 - CMSIS Pack Vendor :Cesanta I-CUBE-Mongoose 7.19.0
2026-02-02 18:29:54,920 [INFO] ThirdParty:1030 - CMSIS Pack Vendor :quantropi X-CUBE-qispace-sdk-base 2.1.0
2026-02-02 18:29:54,920 [INFO] ThirdParty:1030 - CMSIS Pack Vendor :STMicroelectronics X-CUBE-MEMS1 12.0.0
2026-02-02 18:29:54,920 [INFO] ThirdParty:1030 - CMSIS Pack Vendor :STMicroelectronics X-CUBE-STSE01 2.0.0
2026-02-02 18:29:54,920 [INFO] ThirdParty:1030 - CMSIS Pack Vendor :STMicroelectronics FP-SNS-MOTENV1 5.1.0
2026-02-02 18:29:54,920 [INFO] ThirdParty:1030 - CMSIS Pack Vendor :STMicroelectronics FreeRTOS 0.0.1
2026-02-02 18:29:54,920 [INFO] ThirdParty:1030 - CMSIS Pack Vendor :STMicroelectronics X-CUBE-AZRTOS-G0 1.1.0
2026-02-02 18:29:54,920 [INFO] ThirdParty:1030 - CMSIS Pack Vendor :STMicroelectronics X-CUBE-SAFEA1 1.2.2
2026-02-02 18:29:54,920 [INFO] ThirdParty:1030 - CMSIS Pack Vendor :STMicroelectronics X-CUBE-NFC4 3.0.0
2026-02-02 18:29:54,920 [INFO] ThirdParty:1030 - CMSIS Pack Vendor :STMicroelectronics X-CUBE-SUBG2 5.0.0
2026-02-02 18:29:54,920 [INFO] ThirdParty:1030 - CMSIS Pack Vendor :STMicroelectronics X-CUBE-AZRTOS-H7RS 1.1.0
2026-02-02 18:29:54,920 [INFO] ThirdParty:1030 - CMSIS Pack Vendor :STMicroelectronics STM32_WPAN 1.0.0
2026-02-02 18:29:54,920 [INFO] ThirdParty:1030 - CMSIS Pack Vendor :EmbeddedOffice I-CUBE-FS-RTOS 1.0.1
2026-02-02 18:29:54,920 [INFO] ThirdParty:1030 - CMSIS Pack Vendor :STMicroelectronics lwIP 2.0.3
2026-02-02 18:29:54,920 [INFO] ThirdParty:1030 - CMSIS Pack Vendor :WES I-CUBE-Cesium 1.4.0
2026-02-02 18:29:54,920 [INFO] ThirdParty:1030 - CMSIS Pack Vendor :STMicroelectronics USB_HOST 1.0.0
2026-02-02 18:29:54,920 [INFO] ThirdParty:1030 - CMSIS Pack Vendor :Infineon AIROC-Wi-Fi-Bluetooth-STM32 1.7.1
2026-02-02 18:29:54,920 [INFO] ThirdParty:1030 - CMSIS Pack Vendor :STMicroelectronics X-CUBE-AZRTOS-G4 2.0.0
2026-02-02 18:29:54,921 [INFO] ThirdParty:1030 - CMSIS Pack Vendor :STMicroelectronics X-CUBE-WB05N 2.0.0
2026-02-02 18:29:54,921 [INFO] ThirdParty:1030 - CMSIS Pack Vendor :STMicroelectronics PDM2PCM 3.1.0
2026-02-02 18:29:54,921 [INFO] ThirdParty:1030 - CMSIS Pack Vendor :STMicroelectronics PDM2PCM 3.3.0
2026-02-02 18:29:54,921 [INFO] ThirdParty:1030 - CMSIS Pack Vendor :wolfSSL I-CUBE-wolfTPM 3.8.0
2026-02-02 18:29:54,921 [INFO] ThirdParty:1030 - CMSIS Pack Vendor :STMicroelectronics X-CUBE-DISPLAY 3.0.0
2026-02-02 18:29:54,921 [INFO] ThirdParty:1030 - CMSIS Pack Vendor :wolfSSL I-CUBE-wolfSSH 1.4.20
2026-02-02 18:29:54,921 [INFO] ThirdParty:1030 - CMSIS Pack Vendor :STMicroelectronics X-CUBE-NFC7 2.0.0
2026-02-02 18:29:54,921 [INFO] ThirdParty:1030 - CMSIS Pack Vendor :STMicroelectronics X-CUBE-TCPP 4.2.0
2026-02-02 18:29:54,921 [INFO] ThirdParty:1030 - CMSIS Pack Vendor :RealThread X-CUBE-RT-Thread_Nano 4.1.1
2026-02-02 18:29:54,921 [INFO] ThirdParty:1030 - CMSIS Pack Vendor :STMicroelectronics FP-ATR-SIGFOX1 3.2.0
2026-02-02 18:29:54,921 [INFO] ThirdParty:1030 - CMSIS Pack Vendor :STMicroelectronics X-CUBE-NFC10 1.0.0
2026-02-02 18:29:54,921 [INFO] ThirdParty:1030 - CMSIS Pack Vendor :STMicroelectronics X-CUBE-FREERTOS 1.3.1
2026-02-02 18:29:54,921 [INFO] ThirdParty:1030 - CMSIS Pack Vendor :STMicroelectronics HAL Drivers 0.0.0
2026-02-02 18:29:54,921 [INFO] ThirdParty:1030 - CMSIS Pack Vendor :STMicroelectronics MBEDTLS 2.16.2
2026-02-02 18:29:54,921 [INFO] ThirdParty:1030 - CMSIS Pack Vendor :STMicroelectronics X-CUBE-ST60 1.1.0
2026-02-02 18:29:54,921 [INFO] ThirdParty:1030 - CMSIS Pack Vendor :STMicroelectronics X-CUBE-IPS 3.1.0
2026-02-02 18:29:54,921 [INFO] ThirdParty:1030 - CMSIS Pack Vendor :STMicroelectronics X-CUBE-ALS 1.0.2
2026-02-02 18:29:54,921 [INFO] ThirdParty:1030 - CMSIS Pack Vendor :emotas I-CUBE-CANOPEN 1.3.0
2026-02-02 18:29:54,921 [INFO] ThirdParty:1030 - CMSIS Pack Vendor :STMicroelectronics MBEDTLS 2.14.1
2026-02-02 18:29:54,921 [INFO] ThirdParty:1030 - CMSIS Pack Vendor :STMicroelectronics X-CUBE-GNSS1 7.1.0
2026-02-02 18:29:54,921 [INFO] ThirdParty:1030 - CMSIS Pack Vendor :ITTIA_DB I-CUBE-ITTIADB 8.9.0
2026-02-02 18:29:54,921 [INFO] ThirdParty:1030 - CMSIS Pack Vendor :STMicroelectronics X-CUBE-TOUCHGFX 4.26.0
2026-02-02 18:29:54,921 [INFO] ThirdParty:1030 - CMSIS Pack Vendor :STMicroelectronics X-CUBE-STSE01 1.0.0
2026-02-02 18:29:54,921 [INFO] ThirdParty:1030 - CMSIS Pack Vendor :STMicroelectronics X-CUBE-NFC6 3.2.0
2026-02-02 18:29:54,921 [INFO] ThirdParty:1030 - CMSIS Pack Vendor :STMicroelectronics X-CUBE-ST67W61 1.0.0
2026-02-02 18:29:54,921 [INFO] ThirdParty:1030 - CMSIS Pack Vendor :STMicroelectronics ThreadX 1.0.0
2026-02-02 18:29:54,921 [INFO] ThirdParty:1030 - CMSIS Pack Vendor :STMicroelectronics FP-SNS-SMARTAG2 1.2.0
2026-02-02 18:29:54,921 [INFO] ThirdParty:1030 - CMSIS Pack Vendor :STMicroelectronics FP-SNS-FLIGHT1 5.1.0
2026-02-02 18:29:54,921 [INFO] ThirdParty:1030 - CMSIS Pack Vendor :STMicroelectronics X-CUBE-AZRTOS-WL 2.0.0
2026-02-02 18:29:54,921 [INFO] ThirdParty:1030 - CMSIS Pack Vendor :SEGGER I-CUBE-embOS 1.3.1
2026-02-02 18:29:54,921 [INFO] ThirdParty:1030 - CMSIS Pack Vendor :STMicroelectronics X-CUBE-ALGOBUILD 1.4.0
2026-02-02 18:29:54,921 [INFO] ThirdParty:1030 - CMSIS Pack Vendor :STMicroelectronics X-CUBE-DPower 1.3.0
2026-02-02 18:29:54,922 [INFO] ThirdParty:1030 - CMSIS Pack Vendor :STMicroelectronics X-CUBE-MEMS1 11.3.0
2026-02-02 18:29:54,922 [INFO] ThirdParty:1030 - CMSIS Pack Vendor :STMicroelectronics FP-SNS-MOTENV1 5.0.0
2026-02-02 18:29:54,922 [INFO] ThirdParty:1030 - CMSIS Pack Vendor :STMicroelectronics USB_DEVICE 1.0.0
2026-02-02 18:29:54,922 [INFO] ThirdParty:1030 - CMSIS Pack Vendor :STMicroelectronics X-CUBE-AZRTOS-H7RS 1.2.0
2026-02-02 18:29:54,922 [INFO] ThirdParty:1030 - CMSIS Pack Vendor :STMicroelectronics X-CUBE-AZRTOS-L4 2.0.0
2026-02-02 18:29:54,922 [INFO] ThirdParty:1030 - CMSIS Pack Vendor :STMicroelectronics ThreadX 0.0.2
2026-02-02 18:29:54,922 [INFO] ThirdParty:1030 - CMSIS Pack Vendor :STMicroelectronics lwIP 2.1.2
2026-02-02 18:29:54,922 [INFO] ThirdParty:1030 - CMSIS Pack Vendor :STMicroelectronics X-CUBE-SFXS2LP1 4.0.0
2026-02-02 18:29:54,922 [INFO] ThirdParty:1030 - CMSIS Pack Vendor :STMicroelectronics X-CUBE-BLE2 3.3.0
2026-02-02 18:29:54,922 [INFO] ThirdParty:1030 - CMSIS Pack Vendor :Avnet-IOTCONNECT X-CUBE-iotc-st67-sdk 1.0.0
2026-02-02 18:29:54,922 [INFO] ThirdParty:1030 - CMSIS Pack Vendor :STMicroelectronics X-CUBE-TOF1 3.4.3
2026-02-02 18:29:54,922 [INFO] ThirdParty:1030 - CMSIS Pack Vendor :STMicroelectronics PDM2PCM 3.2.0
2026-02-02 18:29:54,922 [INFO] ThirdParty:1030 - CMSIS Pack Vendor :STMicroelectronics X-CUBE-ST67W61 1.2.0
2026-02-02 18:29:54,922 [INFO] ThirdParty:841 - exiting critical section [change project]
2026-02-02 18:29:55,443 [INFO] PinOutPanel:1589 - setPackage(No Configuration,No Configuration)
2026-02-02 18:29:55,458 [INFO] PinOutPanel:1589 - setPackage(STM32F407VGTx,LQFP100)
2026-02-02 18:29:55,968 [INFO] UtilMem:75 - Before build in PCC Used Memory: 324510632 Bytes (513802240)
2026-02-02 18:29:56,557 [INFO] UtilMem:75 - After build in PCC Used Memory: 266372008 Bytes (513802240)
2026-02-02 18:29:56,600 [INFO] IPUIPlugin:80 - create IPUIPlugin
2026-02-02 18:29:56,600 [INFO] IPUIPlugin:80 - create IPUIPlugin
2026-02-02 18:29:56,600 [INFO] IPUIPlugin:80 - create IPUIPlugin
2026-02-02 18:29:56,600 [INFO] IPUIPlugin:80 - create IPUIPlugin
2026-02-02 18:29:56,601 [INFO] IPUIPlugin:80 - create IPUIPlugin
2026-02-02 18:29:56,601 [INFO] IPUIPlugin:80 - create IPUIPlugin
2026-02-02 18:29:56,601 [INFO] IPUIPlugin:80 - create IPUIPlugin
2026-02-02 18:29:56,601 [INFO] IPUIPlugin:80 - create IPUIPlugin
2026-02-02 18:29:56,601 [INFO] IPUIPlugin:80 - create IPUIPlugin
2026-02-02 18:29:56,602 [INFO] IPUIPlugin:80 - create IPUIPlugin
2026-02-02 18:29:56,602 [INFO] IPUIPlugin:80 - create IPUIPlugin
2026-02-02 18:29:56,602 [INFO] IPUIPlugin:80 - create IPUIPlugin
2026-02-02 18:29:56,602 [INFO] IPUIPlugin:80 - create IPUIPlugin
2026-02-02 18:29:56,602 [INFO] IPUIPlugin:80 - create IPUIPlugin
2026-02-02 18:29:56,602 [INFO] IPUIPlugin:80 - create IPUIPlugin
2026-02-02 18:29:56,603 [INFO] IPUIPlugin:80 - create IPUIPlugin
2026-02-02 18:29:56,603 [INFO] IPUIPlugin:80 - create IPUIPlugin
2026-02-02 18:29:56,603 [INFO] IPUIPlugin:80 - create IPUIPlugin
2026-02-02 18:29:56,603 [INFO] IPUIPlugin:80 - create IPUIPlugin
2026-02-02 18:29:56,603 [INFO] IPUIPlugin:80 - create IPUIPlugin
2026-02-02 18:29:56,604 [INFO] IPUIPlugin:80 - create IPUIPlugin
2026-02-02 18:29:56,604 [INFO] IPUIPlugin:80 - create IPUIPlugin
2026-02-02 18:29:56,604 [INFO] IPUIPlugin:80 - create IPUIPlugin
2026-02-02 18:29:56,604 [INFO] IPUIPlugin:80 - create IPUIPlugin
2026-02-02 18:29:56,605 [INFO] IPUIPlugin:80 - create IPUIPlugin
2026-02-02 18:29:56,605 [INFO] IPUIPlugin:80 - create IPUIPlugin
2026-02-02 18:29:56,605 [INFO] IPUIPlugin:80 - create IPUIPlugin
2026-02-02 18:29:56,605 [INFO] IPUIPlugin:80 - create IPUIPlugin
2026-02-02 18:29:56,605 [INFO] IPUIPlugin:80 - create IPUIPlugin
2026-02-02 18:29:56,605 [INFO] IPUIPlugin:80 - create IPUIPlugin
2026-02-02 18:29:56,606 [INFO] IPUIPlugin:80 - create IPUIPlugin
2026-02-02 18:29:56,606 [INFO] IPUIPlugin:80 - create IPUIPlugin
2026-02-02 18:29:56,606 [INFO] IPUIPlugin:80 - create IPUIPlugin
2026-02-02 18:29:56,606 [INFO] IPUIPlugin:80 - create IPUIPlugin
2026-02-02 18:29:56,606 [INFO] IPUIPlugin:80 - create IPUIPlugin
2026-02-02 18:29:56,606 [INFO] IPUIPlugin:80 - create IPUIPlugin
2026-02-02 18:29:56,606 [INFO] IPUIPlugin:80 - create IPUIPlugin
2026-02-02 18:29:56,606 [INFO] IPUIPlugin:80 - create IPUIPlugin
2026-02-02 18:29:56,607 [INFO] IPUIPlugin:80 - create IPUIPlugin
2026-02-02 18:29:56,607 [INFO] IPUIPlugin:80 - create IPUIPlugin
2026-02-02 18:29:56,607 [INFO] IPUIPlugin:80 - create IPUIPlugin
2026-02-02 18:29:56,607 [INFO] IPUIPlugin:80 - create IPUIPlugin
2026-02-02 18:29:56,607 [INFO] IPUIPlugin:80 - create IPUIPlugin
2026-02-02 18:29:56,607 [INFO] IPUIPlugin:80 - create IPUIPlugin
2026-02-02 18:29:56,607 [INFO] IPUIPlugin:80 - create IPUIPlugin
2026-02-02 18:29:56,608 [INFO] IPUIPlugin:80 - create IPUIPlugin
2026-02-02 18:29:56,608 [INFO] IPUIPlugin:80 - create IPUIPlugin
2026-02-02 18:29:56,608 [INFO] IPUIPlugin:80 - create IPUIPlugin
2026-02-02 18:29:56,608 [INFO] IPUIPlugin:80 - create IPUIPlugin
2026-02-02 18:29:56,608 [INFO] IPUIPlugin:80 - create IPUIPlugin
2026-02-02 18:29:56,608 [INFO] IPUIPlugin:80 - create IPUIPlugin
2026-02-02 18:29:56,608 [INFO] IPUIPlugin:80 - create IPUIPlugin
2026-02-02 18:29:56,608 [INFO] IPUIPlugin:80 - create IPUIPlugin
2026-02-02 18:29:56,609 [INFO] IPUIPlugin:80 - create IPUIPlugin
2026-02-02 18:29:56,609 [INFO] IPUIPlugin:80 - create IPUIPlugin
2026-02-02 18:29:56,609 [INFO] IPUIPlugin:80 - create IPUIPlugin
2026-02-02 18:29:56,609 [INFO] IPUIPlugin:80 - create IPUIPlugin
2026-02-02 18:29:56,610 [INFO] IPUIPlugin:80 - create IPUIPlugin
2026-02-02 18:29:56,637 [INFO] ApiDbMcu:532 - Load IP Config File for PDM2PCM
2026-02-02 18:29:56,648 [INFO] Can:71 - Can Add PropertyChangeListener com.st.microxplorer.plugins.ip.can.Can@138c45a8
2026-02-02 18:29:56,649 [WARN] IP:2250 - I2C_Coeff_DF not found: check if there is a RefParameter without a condition.
2026-02-02 18:29:56,649 [WARN] IP:2250 - Analog_Filter not found: check if there is a RefParameter without a condition.
2026-02-02 18:29:56,809 [INFO] CADModel:165 - CPN selected for project levelSTM32F407VGT6
2026-02-02 18:29:56,809 [INFO] CADModel:114 - Register for checkConnection events
2026-02-02 18:29:56,848 [INFO] OpenFileManager:386 - Restore cursor
2026-02-02 18:29:57,079 [WARN] IP:2250 - I2C_Coeff_DF not found: check if there is a RefParameter without a condition.
2026-02-02 18:29:57,079 [WARN] IP:2250 - Analog_Filter not found: check if there is a RefParameter without a condition.
2026-02-02 18:29:57,080 [WARN] IP:2250 - I2C_Coeff_DF not found: check if there is a RefParameter without a condition.
2026-02-02 18:29:57,080 [WARN] IP:2250 - Analog_Filter not found: check if there is a RefParameter without a condition.
2026-02-02 18:35:08,812 [INFO] UtilMem:75 - End SaveConfig() Used Memory: 718199928 Bytes (1073741824)
2026-02-02 18:35:11,149 [INFO] UtilMem:75 - End SaveConfig() Used Memory: 759094392 Bytes (1073741824)
2026-02-02 18:35:13,516 [INFO] UtilMem:75 - End SaveConfig() Used Memory: 879158392 Bytes (1073741824)
2026-02-02 18:35:13,966 [INFO] BlockDiagram:2775 - set Specific Code input for plugin: TIM1_8
2026-02-02 18:35:13,966 [INFO] BlockDiagram:2775 - set Specific Code input for plugin: CAN
2026-02-02 18:35:13,967 [INFO] BlockDiagram:2775 - set Specific Code input for plugin: ADC
2026-02-02 18:35:13,975 [INFO] BlockDiagram:2775 - set Specific Code input for plugin: SYS
2026-02-02 18:35:13,975 [INFO] BlockDiagram:2775 - set Specific Code input for plugin: RCC
2026-02-02 18:35:13,975 [INFO] BlockDiagram:2775 - set Specific Code input for plugin: NVIC
2026-02-02 18:35:13,975 [INFO] BlockDiagram:2775 - set Specific Code input for plugin: USART
2026-02-02 18:35:13,975 [INFO] BlockDiagram:2775 - set Specific Code input for plugin: DMA
2026-02-02 18:35:13,977 [INFO] BlockDiagram:2775 - set Specific Code input for plugin: GPIO
2026-02-02 18:35:13,978 [INFO] CodeGenerator:892 - code generatio: config db path: /home/krushna/.stm32cubemx/databases/DB.6.0.130/db/
2026-02-02 18:35:14,162 [INFO] CodeEngine:265 - oldGeneratedFile, /home/krushna/CDAC_Project/HAL_CAN_TX/MXTmpFiles/license.tmp_save
2026-02-02 18:35:14,559 [INFO] CodeEngine:289 - Generated code: /home/krushna/CDAC_Project/HAL_CAN_TX/MXTmpFiles/license.tmp
2026-02-02 18:35:14,645 [INFO] CodeEngine:265 - oldGeneratedFile, /home/krushna/CDAC_Project/HAL_CAN_TX/MXTmpFiles/gpio.tmp_save
2026-02-02 18:35:14,783 [INFO] CodeEngine:289 - Generated code: /home/krushna/CDAC_Project/HAL_CAN_TX/MXTmpFiles/gpio.tmp
2026-02-02 18:35:15,025 [INFO] CodeEngine:265 - oldGeneratedFile, /home/krushna/CDAC_Project/HAL_CAN_TX/MXTmpFiles/dma.tmp_save
2026-02-02 18:35:15,102 [INFO] CodeEngine:289 - Generated code: /home/krushna/CDAC_Project/HAL_CAN_TX/MXTmpFiles/dma.tmp
2026-02-02 18:35:15,103 [INFO] CodeEngine:265 - oldGeneratedFile, /home/krushna/CDAC_Project/HAL_CAN_TX/MXTmpFiles/dma_GV.tmp_save
2026-02-02 18:35:15,172 [INFO] CodeEngine:289 - Generated code: /home/krushna/CDAC_Project/HAL_CAN_TX/MXTmpFiles/dma_GV.tmp
2026-02-02 18:35:15,186 [INFO] CodeEngine:265 - oldGeneratedFile, /home/krushna/CDAC_Project/HAL_CAN_TX/Core/Src/stm32f4xx_it.c_save
2026-02-02 18:35:15,308 [INFO] CodeEngine:289 - Generated code: /home/krushna/CDAC_Project/HAL_CAN_TX/Core/Src/stm32f4xx_it.c
2026-02-02 18:35:15,310 [INFO] CodeEngine:265 - oldGeneratedFile, /home/krushna/CDAC_Project/HAL_CAN_TX/Core/Inc/stm32f4xx_it.h_save
2026-02-02 18:35:15,390 [INFO] CodeEngine:289 - Generated code: /home/krushna/CDAC_Project/HAL_CAN_TX/Core/Inc/stm32f4xx_it.h
2026-02-02 18:35:15,400 [INFO] CodeEngine:265 - oldGeneratedFile, /home/krushna/CDAC_Project/HAL_CAN_TX/Core/Src/stm32f4xx_hal_msp.c_save
2026-02-02 18:35:15,579 [INFO] CodeEngine:289 - Generated code: /home/krushna/CDAC_Project/HAL_CAN_TX/Core/Src/stm32f4xx_hal_msp.c
2026-02-02 18:35:15,582 [INFO] CodeEngine:265 - oldGeneratedFile, /home/krushna/CDAC_Project/HAL_CAN_TX/MXTmpFiles/system.tmp_save
2026-02-02 18:35:15,674 [INFO] CodeEngine:289 - Generated code: /home/krushna/CDAC_Project/HAL_CAN_TX/MXTmpFiles/system.tmp
2026-02-02 18:35:15,681 [INFO] CodeEngine:321 - oldGeneratedFile, /home/krushna/CDAC_Project/HAL_CAN_TX/Core/Inc/stm32f4xx_hal_conf.h_save
2026-02-02 18:35:15,786 [INFO] CodeEngine:345 - Generated code: /home/krushna/CDAC_Project/HAL_CAN_TX/Core/Inc/stm32f4xx_hal_conf.h
2026-02-02 18:35:15,821 [INFO] ApiDbMcu:532 - Load IP Config File for ADC2
2026-02-02 18:35:15,824 [INFO] ApiDbMcu:532 - Load IP Config File for CAN1
2026-02-02 18:35:15,838 [INFO] ApiDbMcu:532 - Load IP Config File for TIM4
2026-02-02 18:35:15,842 [INFO] ApiDbMcu:532 - Load IP Config File for USART2
2026-02-02 18:35:15,846 [INFO] ApiDbMcu:532 - Load IP Config File for RCC
2026-02-02 18:35:15,849 [WARN] IPConfigManager:3811 - IP not found : TIM
2026-02-02 18:35:15,850 [WARN] CodeGenerator:4259 - IP not found : null
2026-02-02 18:35:15,852 [INFO] CodeEngine:265 - oldGeneratedFile, /home/krushna/CDAC_Project/HAL_CAN_TX/Core/Inc/main.h_save
2026-02-02 18:35:15,936 [INFO] CodeEngine:289 - Generated code: /home/krushna/CDAC_Project/HAL_CAN_TX/Core/Inc/main.h
2026-02-02 18:35:15,938 [INFO] CodeEngine:265 - oldGeneratedFile, /home/krushna/CDAC_Project/HAL_CAN_TX/Core/Src/main.c_save
2026-02-02 18:35:16,128 [INFO] CodeEngine:289 - Generated code: /home/krushna/CDAC_Project/HAL_CAN_TX/Core/Src/main.c
2026-02-02 18:35:16,410 [INFO] ProjectBuilder:3606 - Time for Copy HAL[1] : 54mS.
2026-02-02 18:35:16,416 [INFO] ProjectBuilder:5216 - Project Generator version: 4.7.0-B52
2026-02-02 18:35:16,516 [INFO] ConfigFileManager:1595 - The Die is : DIE413
2026-02-02 18:35:16,524 [INFO] ApiDbMcu:532 - Load IP Config File for FATFS
2026-02-02 18:35:16,529 [INFO] ApiDbMcu:532 - Load IP Config File for FREERTOS
2026-02-02 18:35:16,531 [INFO] ApiDbMcu:532 - Load IP Config File for LIBJPEG
2026-02-02 18:35:16,538 [INFO] ApiDbMcu:532 - Load IP Config File for LWIP
2026-02-02 18:35:16,547 [INFO] ApiDbMcu:532 - Load IP Config File for MBEDTLS
2026-02-02 18:35:16,558 [INFO] ApiDbMcu:532 - Load IP Config File for USB_DEVICE
2026-02-02 18:35:16,564 [INFO] ApiDbMcu:532 - Load IP Config File for USB_HOST
2026-02-02 18:35:17,020 [INFO] LogOutputStream:77 - [STDOUT_REDIRECT] 
2026-02-02 18:35:18,123 [INFO] ProjectBuilder:5496 - Time for Generating toolchain IDE Files: 1708mS.
2026-02-02 18:35:18,124 [INFO] ProjectBuilder:3463 - Time for Copy CMSIS : 0mS.
2026-02-02 18:35:18,125 [INFO] ProjectBuilder:3463 - Time for Copy CMSIS : 0mS.
2026-02-02 18:38:11,500 [INFO] ADCParametersView:116 -                Rank 1 : false
2026-02-02 18:38:11,540 [INFO] ADCParametersView:116 -                Rank 1 : false
2026-02-02 18:38:11,540 [INFO] ADCParametersView:116 -                Rank 1 : false
2026-02-02 18:38:11,540 [INFO] ADCParametersView:116 -                Rank 1 : false
2026-02-02 18:38:11,540 [INFO] ADCParametersView:116 -                Rank 1 : false
2026-02-02 18:38:11,541 [INFO] ADCParametersView:116 -                Rank 1 : false
2026-02-02 18:38:11,541 [INFO] ADCParametersView:116 -                Rank 1 : false
2026-02-02 18:38:11,541 [INFO] ADCParametersView:116 -                Rank 1 : false
2026-02-02 18:38:11,541 [INFO] ADCParametersView:116 -                Rank 1 : false
2026-02-02 18:38:11,541 [INFO] ADCParametersView:116 -                Rank 1 : false
2026-02-02 18:38:11,541 [INFO] ADCParametersView:116 -                Rank 1 : false
2026-02-02 18:38:11,541 [INFO] ADCParametersView:116 -                Rank 1 : false
2026-02-02 18:38:11,541 [INFO] ADCParametersView:116 -                Rank 1 : false
2026-02-02 18:38:11,541 [INFO] ADCParametersView:116 -                Rank 1 : false
2026-02-02 18:38:11,542 [INFO] ADCParametersView:116 -                Rank 1 : false
2026-02-02 18:38:11,562 [INFO] ADCParametersView:116 -                Rank 1 : false
2026-02-02 18:38:29,746 [INFO] ParamManager:905 - [Generic UI] PropertyChangeEvent: TAB_STATUS_CHANGED , "dont care", "never mind"
2026-02-02 18:38:29,750 [INFO] ADCParametersView:116 -                Rank 1 : false
2026-02-02 18:38:29,751 [INFO] ADCParametersView:116 -                Rank 1 : false
2026-02-02 18:38:29,751 [INFO] ADCParametersView:116 -                Rank 1 : false
2026-02-02 18:38:29,751 [INFO] ADCParametersView:116 -                Rank 1 : false
2026-02-02 18:38:29,751 [INFO] ADCParametersView:116 -                Rank 1 : false
2026-02-02 18:38:29,751 [INFO] ADCParametersView:116 -                Rank 1 : false
2026-02-02 18:38:29,751 [INFO] ADCParametersView:116 -                Rank 1 : false
2026-02-02 18:38:29,751 [INFO] ADCParametersView:116 -                Rank 1 : false
2026-02-02 18:38:29,751 [INFO] ADCParametersView:116 -                Rank 1 : false
2026-02-02 18:38:29,752 [INFO] ADCParametersView:116 -                Rank 1 : false
2026-02-02 18:38:29,752 [INFO] ADCParametersView:116 -                Rank 1 : false
2026-02-02 18:38:29,752 [INFO] ADCParametersView:116 -                Rank 1 : false
2026-02-02 18:38:29,752 [INFO] ADCParametersView:116 -                Rank 1 : false
2026-02-02 18:38:29,752 [INFO] ADCParametersView:116 -                Rank 1 : false
2026-02-02 18:38:29,760 [INFO] ParamManager:905 - [Generic UI] PropertyChangeEvent: TAB_STATUS_CHANGED , "dont care", "never mind"
2026-02-02 18:38:29,763 [INFO] ADCParametersView:116 -                Rank 1 : false
2026-02-02 18:38:29,783 [INFO] ADCParametersView:116 -                Rank 1 : false
2026-02-02 18:38:29,783 [INFO] ADCParametersView:116 -                Rank 1 : false
2026-02-02 18:38:29,783 [INFO] ADCParametersView:116 -                Rank 1 : false
2026-02-02 18:38:29,783 [INFO] ADCParametersView:116 -                Rank 1 : false
2026-02-02 18:38:29,783 [INFO] ADCParametersView:116 -                Rank 1 : false
2026-02-02 18:38:29,783 [INFO] ADCParametersView:116 -                Rank 1 : false
2026-02-02 18:38:29,784 [INFO] ADCParametersView:116 -                Rank 1 : false
2026-02-02 18:38:29,784 [INFO] ADCParametersView:116 -                Rank 1 : false
2026-02-02 18:38:29,784 [INFO] ADCParametersView:116 -                Rank 1 : false
2026-02-02 18:38:29,784 [INFO] ADCParametersView:116 -                Rank 1 : false
2026-02-02 18:38:29,784 [INFO] ADCParametersView:116 -                Rank 1 : false
2026-02-02 18:38:29,784 [INFO] ADCParametersView:116 -                Rank 1 : false
2026-02-02 18:38:29,784 [INFO] ADCParametersView:116 -                Rank 1 : false
2026-02-02 18:38:29,784 [INFO] ADCParametersView:116 -                Rank 1 : false
2026-02-02 18:38:29,795 [INFO] ADCParametersView:116 -                Rank 1 : false
2026-02-02 18:38:29,943 [INFO] NvicIntPanel:101 - NVIC parent = com.st.microxplorer.plugins.ip.nvic.MultiNvicIntPanel[,0,0,0x0,invalid,layout=javax.swing.BoxLayout,alignmentX=0.0,alignmentY=0.0,border=,flags=9,maximumSize=,minimumSize=,preferredSize=]
2026-02-02 18:38:30,106 [INFO] NvicIntPanel:101 - NVIC parent = com.st.microxplorer.plugins.ip.nvic.MultiNvicIntPanel[,0,0,0x0,invalid,layout=javax.swing.BoxLayout,alignmentX=0.0,alignmentY=0.0,border=,flags=9,maximumSize=,minimumSize=,preferredSize=]
2026-02-02 18:38:30,178 [INFO] ADCParametersView:116 -                Rank 1 : false
2026-02-02 18:38:30,178 [INFO] ADCParametersView:116 -                Rank 1 : false
2026-02-02 18:38:30,179 [INFO] ADCParametersView:116 -                Rank 1 : false
2026-02-02 18:38:30,179 [INFO] ADCParametersView:116 -                Rank 1 : false
2026-02-02 18:38:30,179 [INFO] ADCParametersView:116 -                Rank 1 : false
2026-02-02 18:38:30,179 [INFO] ADCParametersView:116 -                Rank 1 : false
2026-02-02 18:38:30,179 [INFO] ADCParametersView:116 -                Rank 1 : false
2026-02-02 18:38:30,179 [INFO] ADCParametersView:116 -                Rank 1 : false
2026-02-02 18:38:30,180 [INFO] ADCParametersView:116 -                Rank 1 : false
2026-02-02 18:38:30,180 [INFO] ADCParametersView:116 -                Rank 1 : false
2026-02-02 18:38:30,180 [INFO] ADCParametersView:116 -                Rank 1 : false
2026-02-02 18:38:30,180 [INFO] ADCParametersView:116 -                Rank 1 : false
2026-02-02 18:38:30,180 [INFO] ADCParametersView:116 -                Rank 1 : false
2026-02-02 18:38:30,180 [INFO] ADCParametersView:116 -                Rank 1 : false
2026-02-02 18:38:30,200 [INFO] ADCParametersView:116 -                Rank 1 : false
2026-02-02 18:38:30,227 [INFO] ADCParametersView:116 -                Rank 1 : false
2026-02-02 18:38:30,228 [INFO] ADCParametersView:116 -                Rank 1 : false
2026-02-02 18:38:30,228 [INFO] ADCParametersView:116 -                Rank 1 : false
2026-02-02 18:38:30,228 [INFO] ADCParametersView:116 -                Rank 1 : false
2026-02-02 18:38:30,228 [INFO] ADCParametersView:116 -                Rank 1 : false
2026-02-02 18:38:30,228 [INFO] ADCParametersView:116 -                Rank 1 : false
2026-02-02 18:38:30,228 [INFO] ADCParametersView:116 -                Rank 1 : false
2026-02-02 18:38:30,228 [INFO] ADCParametersView:116 -                Rank 1 : false
2026-02-02 18:38:30,228 [INFO] ADCParametersView:116 -                Rank 1 : false
2026-02-02 18:38:30,229 [INFO] ADCParametersView:116 -                Rank 1 : false
2026-02-02 18:38:30,229 [INFO] ADCParametersView:116 -                Rank 1 : false
2026-02-02 18:38:30,229 [INFO] ADCParametersView:116 -                Rank 1 : false
2026-02-02 18:38:30,229 [INFO] ADCParametersView:116 -                Rank 1 : false
2026-02-02 18:38:30,229 [INFO] ADCParametersView:116 -                Rank 1 : false
2026-02-02 18:38:30,250 [INFO] ADCParametersView:116 -                Rank 1 : false
2026-02-02 18:38:36,085 [INFO] ParamManager:905 - [Generic UI] PropertyChangeEvent: TAB_STATUS_CHANGED , "dont care", "never mind"
2026-02-02 18:38:36,171 [INFO] ParamManager:905 - [Generic UI] PropertyChangeEvent: TAB_STATUS_CHANGED , "dont care", "never mind"
2026-02-02 18:38:36,312 [INFO] ADCParametersView:116 -                Rank 1 : false
2026-02-02 18:38:36,312 [INFO] ADCParametersView:116 -                Rank 1 : false
2026-02-02 18:38:36,312 [INFO] ADCParametersView:116 -                Rank 1 : false
2026-02-02 18:38:36,312 [INFO] ADCParametersView:116 -                Rank 1 : false
2026-02-02 18:38:36,313 [INFO] ADCParametersView:116 -                Rank 1 : false
2026-02-02 18:38:36,313 [INFO] ADCParametersView:116 -                Rank 1 : false
2026-02-02 18:38:36,313 [INFO] ADCParametersView:116 -                Rank 1 : false
2026-02-02 18:38:36,313 [INFO] ADCParametersView:116 -                Rank 1 : false
2026-02-02 18:38:36,313 [INFO] ADCParametersView:116 -                Rank 1 : false
2026-02-02 18:38:36,313 [INFO] ADCParametersView:116 -                Rank 1 : false
2026-02-02 18:38:36,313 [INFO] ADCParametersView:116 -                Rank 1 : false
2026-02-02 18:38:36,313 [INFO] ADCParametersView:116 -                Rank 1 : false
2026-02-02 18:38:36,313 [INFO] ADCParametersView:116 -                Rank 1 : false
2026-02-02 18:38:36,313 [INFO] ADCParametersView:116 -                Rank 1 : false
2026-02-02 18:38:36,335 [INFO] ADCParametersView:116 -                Rank 1 : false
2026-02-02 18:38:36,367 [INFO] ADCParametersView:116 -                Rank 1 : false
2026-02-02 18:38:36,367 [INFO] ADCParametersView:116 -                Rank 1 : false
2026-02-02 18:38:36,367 [INFO] ADCParametersView:116 -                Rank 1 : false
2026-02-02 18:38:36,367 [INFO] ADCParametersView:116 -                Rank 1 : false
2026-02-02 18:38:36,367 [INFO] ADCParametersView:116 -                Rank 1 : false
2026-02-02 18:38:36,367 [INFO] ADCParametersView:116 -                Rank 1 : false
2026-02-02 18:38:36,367 [INFO] ADCParametersView:116 -                Rank 1 : false
2026-02-02 18:38:36,367 [INFO] ADCParametersView:116 -                Rank 1 : false
2026-02-02 18:38:36,367 [INFO] ADCParametersView:116 -                Rank 1 : false
2026-02-02 18:38:36,367 [INFO] ADCParametersView:116 -                Rank 1 : false
2026-02-02 18:38:36,367 [INFO] ADCParametersView:116 -                Rank 1 : false
2026-02-02 18:38:36,368 [INFO] ADCParametersView:116 -                Rank 1 : false
2026-02-02 18:38:36,368 [INFO] ADCParametersView:116 -                Rank 1 : false
2026-02-02 18:38:36,368 [INFO] ADCParametersView:116 -                Rank 1 : false
2026-02-02 18:38:36,389 [INFO] ADCParametersView:116 -                Rank 1 : false
2026-02-02 18:38:59,486 [ERROR] LogOutputStream:75 - [STDERR_REDIRECT] 
2026-02-02 18:40:55,708 [INFO] Activator:176 - 


2026-02-02 18:40:55,710 [INFO] Activator:177 - !SESSION log4j initialized
2026-02-02 18:40:59,606 [INFO] LogOutputStream:77 - [STDOUT_REDIRECT] 
2026-02-02 18:41:00,303 [INFO] ApplicationProperties:184 - Using Application install path: /opt/st/stm32cubeide_1.19.0/plugins/com.st.stm32cube.common.mx_6.15.0.202507011659
2026-02-02 18:41:00,323 [INFO] DbMcusXml:78 - Set database path to: /opt/st/stm32cubeide_1.19.0/plugins/com.st.stm32cube.common.mx_6.15.0.202507011659//db//mcu/
2026-02-02 18:41:00,324 [INFO] ApiDb:274 - Set plugin database path to: /opt/st/stm32cubeide_1.19.0/plugins/com.st.stm32cube.common.mx_6.15.0.202507011659//db//plugins/boardmanager/
2026-02-02 18:41:00,324 [WARN] ApiDb:259 - Overriding images path with different value:  => /opt/st/stm32cubeide_1.19.0/plugins/com.st.stm32cube.common.mx_6.15.0.202507011659//db//plugins/mcufinder/images/
2026-02-02 18:41:00,329 [INFO] ApiDb:250 - Set database path to: /home/krushna/.stmcufinder/plugins/mcufinder//mcu/
2026-02-02 18:41:00,331 [INFO] DbMcusAds:125 - Set database path to: /home/krushna/.stmcufinder/plugins/mcufinder//mcu/
2026-02-02 18:41:00,335 [INFO] CrossReferenceDbSqlite:203 - Set database path to: /home/krushna/.stmcufinder/plugins/mcufinder//mcu/cs/
2026-02-02 18:41:00,478 [INFO] RulesReader:64 - Compatibility file has been processed (317 Rules)
2026-02-02 18:41:00,547 [INFO] DbMcusXml:78 - Set database path to: /opt/st/stm32cubeide_1.19.0/plugins/com.st.stm32cube.common.mx_6.15.0.202507011659//db//mcu/
2026-02-02 18:41:00,547 [INFO] ApiDb:274 - Set plugin database path to: /opt/st/stm32cubeide_1.19.0/plugins/com.st.stm32cube.common.mx_6.15.0.202507011659//db//plugins/boardmanager/
2026-02-02 18:41:00,548 [INFO] ApiDb:261 - Set plugin images path to: /opt/st/stm32cubeide_1.19.0/plugins/com.st.stm32cube.common.mx_6.15.0.202507011659//db//plugins/mcufinder/images/
2026-02-02 18:41:00,548 [WARN] DbFile:41 - Overriding database path with different value: /home/krushna/.stmcufinder/plugins/mcufinder/ => /home/krushna/.stmcufinder/plugins/mcufinder
2026-02-02 18:41:00,548 [INFO] ApiDb:250 - Set database path to: /home/krushna/.stmcufinder/plugins/mcufinder//mcu/
2026-02-02 18:41:00,549 [WARN] DbFile:41 - Overriding database path with different value: /home/krushna/.stmcufinder/plugins/mcufinder/ => /home/krushna/.stmcufinder/plugins/mcufinder
2026-02-02 18:41:00,549 [INFO] DbMcusAds:125 - Set database path to: /home/krushna/.stmcufinder/plugins/mcufinder//mcu/
2026-02-02 18:41:00,549 [WARN] DbFile:41 - Overriding database path with different value: /home/krushna/.stmcufinder/plugins/mcufinder/ => /home/krushna/.stmcufinder/plugins/mcufinder
2026-02-02 18:41:00,549 [WARN] DbFile:41 - Overriding database path with different value: /home/krushna/.stmcufinder/plugins/mcufinder/ => /home/krushna/.stmcufinder/plugins/mcufinder
2026-02-02 18:41:00,549 [INFO] CrossReferenceDbSqlite:203 - Set database path to: /home/krushna/.stmcufinder/plugins/mcufinder//mcu/cs/
2026-02-02 18:41:00,611 [INFO] MainPanel:274 - HeapMemory: 268435456
2026-02-02 18:41:00,714 [INFO] DbMcusXml:78 - Set database path to: /opt/st/stm32cubeide_1.19.0/plugins/com.st.stm32cube.common.mx_6.15.0.202507011659//db//mcu/
2026-02-02 18:41:00,714 [INFO] ApiDb:274 - Set plugin database path to: /opt/st/stm32cubeide_1.19.0/plugins/com.st.stm32cube.common.mx_6.15.0.202507011659//db//plugins/boardmanager/
2026-02-02 18:41:00,714 [INFO] ApiDb:261 - Set plugin images path to: /opt/st/stm32cubeide_1.19.0/plugins/com.st.stm32cube.common.mx_6.15.0.202507011659//db//plugins/mcufinder/images/
2026-02-02 18:41:00,715 [WARN] DbFile:41 - Overriding database path with different value: /home/krushna/.stmcufinder/plugins/mcufinder/ => /home/krushna/.stmcufinder/plugins/mcufinder
2026-02-02 18:41:00,715 [INFO] ApiDb:250 - Set database path to: /home/krushna/.stmcufinder/plugins/mcufinder//mcu/
2026-02-02 18:41:00,715 [WARN] DbFile:41 - Overriding database path with different value: /home/krushna/.stmcufinder/plugins/mcufinder/ => /home/krushna/.stmcufinder/plugins/mcufinder
2026-02-02 18:41:00,715 [INFO] DbMcusAds:125 - Set database path to: /home/krushna/.stmcufinder/plugins/mcufinder//mcu/
2026-02-02 18:41:00,715 [WARN] DbFile:41 - Overriding database path with different value: /home/krushna/.stmcufinder/plugins/mcufinder/ => /home/krushna/.stmcufinder/plugins/mcufinder
2026-02-02 18:41:00,715 [WARN] DbFile:41 - Overriding database path with different value: /home/krushna/.stmcufinder/plugins/mcufinder/ => /home/krushna/.stmcufinder/plugins/mcufinder
2026-02-02 18:41:00,715 [INFO] CrossReferenceDbSqlite:203 - Set database path to: /home/krushna/.stmcufinder/plugins/mcufinder//mcu/cs/
2026-02-02 18:41:00,730 [INFO] ApplicationProperties:184 - Using Application install path: /opt/st/stm32cubeide_1.19.0/plugins/com.st.stm32cube.common.mx_6.15.0.202507011659
2026-02-02 18:41:00,731 [INFO] PluginManage:196 - Search for loadable plugins [exclusion list=, ]
2026-02-02 18:41:00,732 [INFO] PluginManage:310 - Check plugin analytics
2026-02-02 18:41:00,923 [INFO] AnalyticsPlugin:253 - Accepted Software Licenses: 
2026-02-02 18:41:00,923 [INFO] AnalyticsPlugin:255 - Accepted CMSIS Pack Licenses: 
2026-02-02 18:41:00,923 [INFO] AnalyticsPlugin:257 - Accepted Firmware Licenses: FW.F4.1.28.0
2026-02-02 18:41:00,926 [INFO] PluginManage:359 - Loaded plugin analytics (category:tool,tabindex:-1)
2026-02-02 18:41:00,927 [INFO] PluginManage:310 - Check plugin cadmodel
2026-02-02 18:41:00,931 [INFO] CADModel:105 - Init CAD model plugin
2026-02-02 18:41:00,932 [INFO] PluginManage:359 - Loaded plugin cadmodel (category:power,tabindex:5)
2026-02-02 18:41:00,932 [INFO] PluginManage:310 - Check plugin clock
2026-02-02 18:41:00,941 [INFO] PluginManage:359 - Loaded plugin clock (category:base,tabindex:2)
2026-02-02 18:41:00,942 [INFO] PluginManage:310 - Check plugin ddr
2026-02-02 18:41:00,944 [INFO] PluginManage:359 - Loaded plugin ddr (category:tool,tabindex:6)
2026-02-02 18:41:00,945 [INFO] PluginManage:310 - Check plugin filemanager
2026-02-02 18:41:01,090 [INFO] PluginManage:359 - Loaded plugin filemanager (category:base,tabindex:10)
2026-02-02 18:41:01,090 [INFO] PluginManage:310 - Check plugin ipmanager
2026-02-02 18:41:01,094 [INFO] PluginManage:359 - Loaded plugin ipmanager (category:base,tabindex:5)
2026-02-02 18:41:01,095 [INFO] PluginManage:310 - Check plugin lpbam
2026-02-02 18:41:01,103 [INFO] PluginManage:359 - Loaded plugin lpbam (category:base,tabindex:0)
2026-02-02 18:41:01,103 [INFO] PluginManage:310 - Check plugin memorymap
2026-02-02 18:41:01,113 [INFO] PluginManage:359 - Loaded plugin memorymap (category:base,tabindex:4)
2026-02-02 18:41:01,113 [INFO] PluginManage:310 - Check plugin pinoutandconfiguration
2026-02-02 18:41:01,121 [INFO] PluginManage:359 - Loaded plugin pinoutandconfiguration (category:base,tabindex:1)
2026-02-02 18:41:01,121 [INFO] PluginManage:310 - Check plugin pinoutconfig
2026-02-02 18:41:01,206 [WARN] SupportedApi:132 - Cannot load RTOS API schema: s4s-elt-must-match.1: The content of 'definitions' must match (annotation?, (simpleType | complexType)?, (unique | key | keyref)*)). A problem was found starting at: attribute.
2026-02-02 18:41:01,311 [INFO] PluginManage:359 - Loaded plugin pinoutconfig (category:base,tabindex:0)
2026-02-02 18:41:01,311 [INFO] PluginManage:310 - Check plugin power
2026-02-02 18:41:01,317 [INFO] PluginManage:359 - Loaded plugin power (category:power,tabindex:4)
2026-02-02 18:41:01,318 [INFO] PluginManage:310 - Check plugin projectmanager
2026-02-02 18:41:01,342 [INFO] PluginManage:359 - Loaded plugin projectmanager (category:projectmanager,tabindex:4)
2026-02-02 18:41:01,342 [INFO] PluginManage:310 - Check plugin rif
2026-02-02 18:41:01,350 [INFO] PluginManage:359 - Loaded plugin rif (category:base,tabindex:3)
2026-02-02 18:41:01,351 [INFO] PluginManage:310 - Check plugin thirdparty
2026-02-02 18:41:01,449 [INFO] PluginManage:359 - Loaded plugin thirdparty (category:base,tabindex:-1)
2026-02-02 18:41:01,449 [INFO] PluginManage:310 - Check plugin tools
2026-02-02 18:41:01,449 [WARN] IntegrityCheckThread:84 - waiting for thirdparty lock release [integrity check]
2026-02-02 18:41:01,450 [INFO] IntegrityCheckThread:86 - entering critical section [integrity check]
2026-02-02 18:41:01,450 [INFO] ThirdPartyUpdaterWithRetryManager:70 - Updater plugin not ready yet. [1/15]
2026-02-02 18:41:01,451 [INFO] PluginManage:359 - Loaded plugin tools (category:base,tabindex:7)
2026-02-02 18:41:01,452 [INFO] PluginManage:310 - Check plugin tutovideos
2026-02-02 18:41:01,609 [INFO] PluginManage:359 - Loaded plugin tutovideos (category:base,tabindex:-1)
2026-02-02 18:41:01,609 [INFO] PluginManage:310 - Check plugin updater
2026-02-02 18:41:01,626 [INFO] PluginManage:359 - Loaded plugin updater (category:base,tabindex:12)
2026-02-02 18:41:01,627 [INFO] PluginManage:310 - Check plugin userauth
2026-02-02 18:41:01,630 [INFO] UserAuth:118 - Init User Auth plugin
2026-02-02 18:41:01,631 [INFO] PluginManage:359 - Loaded plugin userauth (category:base,tabindex:14)
2026-02-02 18:41:01,631 [INFO] PluginManage:283 - PluginManage : Loaded plugins [18]
2026-02-02 18:41:01,770 [INFO] PinOutPanel:1589 - setPackage(No Configuration,No Configuration)
2026-02-02 18:41:01,822 [INFO] CADModel:165 - CPN selected for project level
2026-02-02 18:41:01,823 [INFO] CADModel:114 - Register for checkConnection events
2026-02-02 18:41:01,830 [INFO] IPUIPlugin:80 - create IPUIPlugin
2026-02-02 18:41:01,830 [INFO] PluginManager:220 - loadIPPluginJar : add tsc
2026-02-02 18:41:01,833 [INFO] IPUIPlugin:80 - create IPUIPlugin
2026-02-02 18:41:01,833 [INFO] PluginManager:220 - loadIPPluginJar : add gpio
2026-02-02 18:41:01,839 [INFO] IPUIPlugin:80 - create IPUIPlugin
2026-02-02 18:41:01,839 [INFO] PluginManager:220 - loadIPPluginJar : add linkedlist
2026-02-02 18:41:01,846 [INFO] IPUIPlugin:80 - create IPUIPlugin
2026-02-02 18:41:01,846 [INFO] PluginManager:220 - loadIPPluginJar : add fmc
2026-02-02 18:41:01,850 [INFO] IPUIPlugin:80 - create IPUIPlugin
2026-02-02 18:41:01,852 [INFO] PluginManager:220 - loadIPPluginJar : add plateformsettings
2026-02-02 18:41:01,854 [INFO] IPUIPlugin:80 - create IPUIPlugin
2026-02-02 18:41:01,854 [INFO] PluginManager:220 - loadIPPluginJar : add cryp
2026-02-02 18:41:01,855 [INFO] IPUIPlugin:80 - create IPUIPlugin
2026-02-02 18:41:01,855 [INFO] PluginManager:220 - loadIPPluginJar : add i2c
2026-02-02 18:41:01,857 [INFO] IPUIPlugin:80 - create IPUIPlugin
2026-02-02 18:41:01,857 [INFO] PluginManager:220 - loadIPPluginJar : add lorawan
2026-02-02 18:41:01,859 [INFO] IPUIPlugin:80 - create IPUIPlugin
2026-02-02 18:41:01,859 [INFO] PluginManager:220 - loadIPPluginJar : add touchsensing
2026-02-02 18:41:01,860 [INFO] IPUIPlugin:80 - create IPUIPlugin
2026-02-02 18:41:01,860 [INFO] PluginManager:220 - loadIPPluginJar : add ltdc
2026-02-02 18:41:01,861 [INFO] IPUIPlugin:80 - create IPUIPlugin
2026-02-02 18:41:01,861 [INFO] PluginManager:220 - loadIPPluginJar : add i2s
2026-02-02 18:41:01,862 [INFO] IPUIPlugin:80 - create IPUIPlugin
2026-02-02 18:41:01,862 [INFO] PluginManager:220 - loadIPPluginJar : add fatfs
2026-02-02 18:41:01,866 [INFO] IPUIPlugin:80 - create IPUIPlugin
2026-02-02 18:41:01,866 [INFO] PluginManager:220 - loadIPPluginJar : add mdma
2026-02-02 18:41:01,868 [INFO] IPUIPlugin:80 - create IPUIPlugin
2026-02-02 18:41:01,868 [INFO] PluginManager:220 - loadIPPluginJar : add ts
2026-02-02 18:41:01,869 [INFO] IPUIPlugin:80 - create IPUIPlugin
2026-02-02 18:41:01,869 [INFO] PluginManager:220 - loadIPPluginJar : add ucpd
2026-02-02 18:41:01,870 [INFO] IPUIPlugin:80 - create IPUIPlugin
2026-02-02 18:41:01,870 [INFO] PluginManager:220 - loadIPPluginJar : add radio
2026-02-02 18:41:01,872 [INFO] IPUIPlugin:80 - create IPUIPlugin
2026-02-02 18:41:01,873 [INFO] PluginManager:220 - loadIPPluginJar : add ipddr
2026-02-02 18:41:01,875 [INFO] IPUIPlugin:80 - create IPUIPlugin
2026-02-02 18:41:01,875 [INFO] PluginManager:220 - loadIPPluginJar : add nvic
2026-02-02 18:41:01,876 [INFO] IPUIPlugin:80 - create IPUIPlugin
2026-02-02 18:41:01,876 [INFO] PluginManager:220 - loadIPPluginJar : add ddr_ctrl_phy
2026-02-02 18:41:01,878 [INFO] IPUIPlugin:80 - create IPUIPlugin
2026-02-02 18:41:01,878 [INFO] PluginManager:220 - loadIPPluginJar : add opamp
2026-02-02 18:41:01,881 [INFO] IPUIPlugin:80 - create IPUIPlugin
2026-02-02 18:41:01,881 [INFO] PluginManager:220 - loadIPPluginJar : add usart
2026-02-02 18:41:01,886 [INFO] IPUIPlugin:80 - create IPUIPlugin
2026-02-02 18:41:01,887 [INFO] PluginManager:220 - loadIPPluginJar : add freertos
2026-02-02 18:41:01,890 [INFO] IPUIPlugin:80 - create IPUIPlugin
2026-02-02 18:41:01,890 [INFO] PluginManager:220 - loadIPPluginJar : add usbx
2026-02-02 18:41:01,893 [INFO] IPUIPlugin:80 - create IPUIPlugin
2026-02-02 18:41:01,893 [INFO] PluginManager:220 - loadIPPluginJar : add sai
2026-02-02 18:41:01,896 [INFO] IPUIPlugin:80 - create IPUIPlugin
2026-02-02 18:41:01,896 [INFO] PluginManager:220 - loadIPPluginJar : add hash
2026-02-02 18:41:01,899 [INFO] IPUIPlugin:80 - create IPUIPlugin
2026-02-02 18:41:01,899 [INFO] PluginManager:220 - loadIPPluginJar : add openamp
2026-02-02 18:41:01,904 [INFO] IPUIPlugin:80 - create IPUIPlugin
2026-02-02 18:41:01,905 [INFO] PluginManager:220 - loadIPPluginJar : add gic
2026-02-02 18:41:01,908 [INFO] IPUIPlugin:80 - create IPUIPlugin
2026-02-02 18:41:01,908 [INFO] PluginManager:220 - loadIPPluginJar : add extmemmanager
2026-02-02 18:41:01,911 [INFO] IPUIPlugin:80 - create IPUIPlugin
2026-02-02 18:41:01,911 [INFO] PluginManager:220 - loadIPPluginJar : add pdm2pcm
2026-02-02 18:41:01,913 [INFO] IPUIPlugin:80 - create IPUIPlugin
2026-02-02 18:41:01,913 [INFO] PluginManager:220 - loadIPPluginJar : add tim
2026-02-02 18:41:01,915 [INFO] IPUIPlugin:80 - create IPUIPlugin
2026-02-02 18:41:01,915 [INFO] PluginManager:220 - loadIPPluginJar : add dma3
2026-02-02 18:41:01,921 [INFO] IPUIPlugin:80 - create IPUIPlugin
2026-02-02 18:41:01,921 [INFO] PluginManager:220 - loadIPPluginJar : add adc
2026-02-02 18:41:01,927 [INFO] IPUIPlugin:80 - create IPUIPlugin
2026-02-02 18:41:01,928 [INFO] PluginManager:220 - loadIPPluginJar : add stm32_wpan
2026-02-02 18:41:01,929 [INFO] IPUIPlugin:80 - create IPUIPlugin
2026-02-02 18:41:01,929 [INFO] PluginManager:220 - loadIPPluginJar : add tracer_emb
2026-02-02 18:41:01,931 [INFO] IPUIPlugin:80 - create IPUIPlugin
2026-02-02 18:41:01,931 [INFO] PluginManager:220 - loadIPPluginJar : add dfsdm
2026-02-02 18:41:01,933 [INFO] IPUIPlugin:80 - create IPUIPlugin
2026-02-02 18:41:01,934 [INFO] PluginManager:220 - loadIPPluginJar : add i3c
2026-02-02 18:41:01,936 [INFO] IPUIPlugin:80 - create IPUIPlugin
2026-02-02 18:41:01,936 [INFO] PluginManager:220 - loadIPPluginJar : add resmgrutility
2026-02-02 18:41:01,942 [INFO] IPUIPlugin:80 - create IPUIPlugin
2026-02-02 18:41:01,943 [INFO] PluginManager:220 - loadIPPluginJar : add dma
2026-02-02 18:41:01,945 [INFO] IPUIPlugin:80 - create IPUIPlugin
2026-02-02 18:41:01,945 [INFO] PluginManager:220 - loadIPPluginJar : add aes
2026-02-02 18:41:01,946 [INFO] IPUIPlugin:80 - create IPUIPlugin
2026-02-02 18:41:01,946 [INFO] PluginManager:220 - loadIPPluginJar : add quadspi
2026-02-02 18:41:01,949 [INFO] IPUIPlugin:80 - create IPUIPlugin
2026-02-02 18:41:01,949 [INFO] PluginManager:220 - loadIPPluginJar : add gtzc
2026-02-02 18:41:01,951 [INFO] IPUIPlugin:80 - create IPUIPlugin
2026-02-02 18:41:01,951 [INFO] PluginManager:220 - loadIPPluginJar : add spi
2026-02-02 18:41:01,953 [INFO] IPUIPlugin:80 - create IPUIPlugin
2026-02-02 18:41:01,953 [INFO] PluginManager:220 - loadIPPluginJar : add can
2026-02-02 18:41:01,954 [INFO] IPUIPlugin:80 - create IPUIPlugin
2026-02-02 18:41:01,954 [INFO] PluginManager:220 - loadIPPluginJar : add genericplugin
2026-02-02 18:41:01,955 [INFO] IPUIPlugin:80 - create IPUIPlugin
2026-02-02 18:41:01,955 [INFO] PluginManager:220 - loadIPPluginJar : add comp
2026-02-02 18:41:01,957 [INFO] IPUIPlugin:80 - create IPUIPlugin
2026-02-02 18:41:01,957 [INFO] PluginManager:220 - loadIPPluginJar : add gfxmmu
2026-02-02 18:41:02,063 [FATAL] Updater:351 - Updater called before beeing initialized
2026-02-02 18:41:02,092 [INFO] RulesReader:64 - Compatibility file has been processed (317 Rules)
2026-02-02 18:41:02,103 [INFO] RulesReader:64 - Compatibility file has been processed (317 Rules)
2026-02-02 18:41:02,110 [INFO] CADModel:165 - CPN selected for project level
2026-02-02 18:41:02,110 [INFO] CADModel:114 - Register for checkConnection events
2026-02-02 18:41:02,110 [FATAL] Updater:351 - Updater called before beeing initialized
2026-02-02 18:41:02,110 [ERROR] CADModel:125 - Updater not yet initialized, retry later 
2026-02-02 18:41:02,238 [FATAL] Updater:351 - Updater called before beeing initialized
2026-02-02 18:41:02,240 [INFO] CADModel:165 - CPN selected for project level
2026-02-02 18:41:02,241 [INFO] CADModel:114 - Register for checkConnection events
2026-02-02 18:41:02,241 [FATAL] Updater:351 - Updater called before beeing initialized
2026-02-02 18:41:02,241 [ERROR] CADModel:125 - Updater not yet initialized, retry later 
2026-02-02 18:41:02,245 [FATAL] Updater:351 - Updater called before beeing initialized
2026-02-02 18:41:02,346 [FATAL] Updater:351 - Updater called before beeing initialized
2026-02-02 18:41:02,351 [INFO] DbMcusAds:53 - JSON generation date=Thu Jan 08 21:27:51 IST 2026 (1767887871456)
2026-02-02 18:41:02,351 [FATAL] Updater:351 - Updater called before beeing initialized
2026-02-02 18:41:02,393 [WARN] DetailPanel:346 - Failed to get advertising image, set to default
2026-02-02 18:41:02,457 [FATAL] Updater:351 - Updater called before beeing initialized
2026-02-02 18:41:02,459 [FATAL] Updater:351 - Updater called before beeing initialized
2026-02-02 18:41:02,459 [FATAL] Updater:351 - Updater called before beeing initialized
2026-02-02 18:41:02,459 [WARN] DetailPanel:346 - Failed to get advertising image, set to default
2026-02-02 18:41:02,460 [FATAL] Updater:351 - Updater called before beeing initialized
2026-02-02 18:41:02,495 [ERROR] Updater:1198 - MainUpdater not yet initialized. External WinMGr cannot be set.
2026-02-02 18:41:02,497 [INFO] Updater:1134 - Updater Version found : 6.15.0
2026-02-02 18:41:02,521 [INFO] ApplicationProperties:184 - Using Application install path: /opt/st/stm32cubeide_1.19.0/plugins/com.st.stm32cube.common.mx_6.15.0.202507011659
2026-02-02 18:41:02,782 [INFO] MainUpdater:2872 - connection check result : 10
2026-02-02 18:41:02,783 [INFO] MainUpdater:289 - Updater Check For Update Now.
2026-02-02 18:41:02,783 [INFO] MicroXplorer:498 - Change Database Version : DB.6.0.150
2026-02-02 18:41:02,788 [INFO] McuFinderGlobals:63 - Set McuFinder mode to 2 (CubeIDE integrated)
2026-02-02 18:41:02,788 [INFO] UserAuth:171 - activating auth plugin
2026-02-02 18:41:02,790 [INFO] UserAuth:487 - Internet connection configuration mode: 1
2026-02-02 18:41:02,818 [INFO] JxBrowserEngine:152 - Initiate JxBrowser Engine with user profile folder
2026-02-02 18:41:03,021 [INFO] CheckServerUpdateThread:120 - End of CheckServer Thread
2026-02-02 18:41:03,434 [INFO] WebApp:169 - Instantiating new browser for Auth
2026-02-02 18:41:03,959 [INFO] WebApp:463 - Apply proxy settings
2026-02-02 18:41:03,960 [INFO] WebApp:548 - Chromium requires no authentication
2026-02-02 18:41:03,967 [INFO] WebApp:491 - Direct internet connection detected
2026-02-02 18:41:03,984 [INFO] WebApp:900 - Register for checkConnection events
2026-02-02 18:41:03,984 [INFO] WebApp:463 - Apply proxy settings
2026-02-02 18:41:03,984 [INFO] WebApp:548 - Chromium requires no authentication
2026-02-02 18:41:03,989 [INFO] WebApp:491 - Direct internet connection detected
2026-02-02 18:41:04,097 [INFO] WebApp:225 - Starting web application
2026-02-02 18:41:04,097 [INFO] WebApp:593 - Web application path used /opt/st/stm32cubeide_1.19.0/plugins/com.st.stm32cube.common.mx_6.15.0.202507011659/db/plugins/mcufinder/reactClient1/index.html
2026-02-02 18:41:04,267 [INFO] WebApp:191 - Connection restablished
2026-02-02 18:41:04,535 [WARN] PackLoader:240 - Cannot read IP mode file for STMicroelectronics.FP-SNS-MOTENVWB1.1.4.0
2026-02-02 18:41:04,541 [WARN] PackLoader:240 - Cannot read IP mode file for STMicroelectronics.FP-ATR-ASTRA1.2.0.2
2026-02-02 18:41:04,546 [WARN] PackLoader:240 - Cannot read IP mode file for STMicroelectronics.X-CUBE-SMBUS.2.1.0
2026-02-02 18:41:04,550 [WARN] PackLoader:240 - Cannot read IP mode file for STMicroelectronics.X-CUBE-ST60.1.0.0
2026-02-02 18:41:04,587 [WARN] PackLoader:240 - Cannot read IP mode file for STMicroelectronics.X-CUBE-AZRTOS-F7.1.1.0
2026-02-02 18:41:04,595 [WARN] PackLoader:240 - Cannot read IP mode file for Cesanta.I-CUBE-Mongoose.7.19.0
2026-02-02 18:41:04,599 [WARN] PackLoader:240 - Cannot read IP mode file for STMicroelectronics.FP-SNS-MOTENV1.5.1.0
2026-02-02 18:41:04,610 [WARN] PackLoader:240 - Cannot read IP mode file for WES.I-CUBE-Cesium.1.4.0
2026-02-02 18:41:04,638 [WARN] PackLoader:240 - Cannot read IP mode file for Infineon.AIROC-Wi-Fi-Bluetooth-STM32.1.7.1
2026-02-02 18:41:04,652 [WARN] PackLoader:240 - Cannot read IP mode file for STMicroelectronics.X-CUBE-DISPLAY.3.0.0
2026-02-02 18:41:04,686 [WARN] PackLoader:240 - Cannot read IP mode file for STMicroelectronics.X-CUBE-NFC10.1.0.0
2026-02-02 18:41:04,698 [WARN] PackLoader:240 - Cannot read IP mode file for STMicroelectronics.X-CUBE-ST60.1.1.0
2026-02-02 18:41:04,704 [WARN] PackLoader:240 - Cannot read IP mode file for emotas.I-CUBE-CANOPEN.1.3.0
2026-02-02 18:41:04,710 [WARN] PackLoader:240 - Cannot read IP mode file for STMicroelectronics.X-CUBE-GNSS1.7.1.0
2026-02-02 18:41:04,716 [WARN] PackLoader:240 - Cannot read IP mode file for STMicroelectronics.FP-SNS-SMARTAG2.1.2.0
2026-02-02 18:41:04,720 [WARN] PackLoader:240 - Cannot read IP mode file for STMicroelectronics.FP-SNS-FLIGHT1.5.1.0
2026-02-02 18:41:04,731 [INFO] LogOutputStream:77 - [STDOUT_REDIRECT] 1 : Invalid condition id : UX_CORESTACK_Condition cause : null
2026-02-02 18:41:04,733 [INFO] LogOutputStream:77 - [STDOUT_REDIRECT] 1 : Invalid condition id : UX_CORESTACK_Condition cause : null
2026-02-02 18:41:04,733 [INFO] LogOutputStream:77 - [STDOUT_REDIRECT] 1 : Invalid condition id : UX_CORESTACK_Condition cause : null
2026-02-02 18:41:04,734 [INFO] LogOutputStream:77 - [STDOUT_REDIRECT] 1 : Invalid condition id : UX_CORESTACK_Condition cause : null
2026-02-02 18:41:04,734 [INFO] LogOutputStream:77 - [STDOUT_REDIRECT] 1 : Invalid condition id : UX_CORESTACK_Condition cause : null
2026-02-02 18:41:04,738 [WARN] PackLoader:240 - Cannot read IP mode file for STMicroelectronics.X-CUBE-AZRTOS-WL.2.0.0
2026-02-02 18:41:04,745 [WARN] PackLoader:240 - Cannot read IP mode file for STMicroelectronics.FP-SNS-MOTENV1.5.0.0
2026-02-02 18:41:04,771 [WARN] PackLoader:240 - Cannot read IP mode file for STMicroelectronics.X-CUBE-AZRTOS-H7RS.1.2.0
2026-02-02 18:41:04,780 [WARN] PackLoader:240 - Cannot read IP mode file for STMicroelectronics.X-CUBE-BLE2.3.3.0
2026-02-02 18:41:04,836 [WARN] PackLoader:240 - Cannot read IP mode file for STMicroelectronics.X-CUBE-NFC9.1.0.0
2026-02-02 18:41:04,844 [WARN] PackLoader:240 - Cannot read IP mode file for STMicroelectronics.X-CUBE-BLE1.7.1.0
2026-02-02 18:41:04,848 [WARN] PackLoader:240 - Cannot read IP mode file for wolfSSL.I-CUBE-wolfMQTT.1.19.2
2026-02-02 18:41:04,857 [WARN] PackLoader:240 - Cannot read IP mode file for STMicroelectronics.X-CUBE-FREERTOS.1.4.0
2026-02-02 18:41:04,866 [WARN] PackLoader:240 - Cannot read IP mode file for STMicroelectronics.X-CUBE-ST67W61.1.1.0
2026-02-02 18:41:04,928 [WARN] PackLoader:240 - Cannot read IP mode file for STMicroelectronics.X-CUBE-MEMS1.12.0.0
2026-02-02 18:41:05,075 [WARN] PackLoader:240 - Cannot read IP mode file for STMicroelectronics.X-CUBE-AZRTOS-G0.1.1.0
2026-02-02 18:41:05,083 [WARN] PackLoader:240 - Cannot read IP mode file for STMicroelectronics.X-CUBE-SAFEA1.1.2.2
2026-02-02 18:41:05,089 [WARN] PackLoader:240 - Cannot read IP mode file for STMicroelectronics.X-CUBE-NFC4.3.0.0
2026-02-02 18:41:05,097 [WARN] PackLoader:240 - Cannot read IP mode file for EmbeddedOffice.I-CUBE-FS-RTOS.1.0.1
2026-02-02 18:41:05,103 [WARN] PackLoader:240 - Cannot read IP mode file for STMicroelectronics.X-CUBE-WB05N.2.0.0
2026-02-02 18:41:05,109 [WARN] PackLoader:240 - Cannot read IP mode file for wolfSSL.I-CUBE-wolfTPM.3.8.0
2026-02-02 18:41:05,114 [WARN] PackLoader:240 - Cannot read IP mode file for STMicroelectronics.X-CUBE-TCPP.4.2.0
2026-02-02 18:41:05,119 [WARN] PackLoader:240 - Cannot read IP mode file for RealThread.X-CUBE-RT-Thread_Nano.4.1.1
2026-02-02 18:41:05,123 [WARN] PackLoader:240 - Cannot read IP mode file for STMicroelectronics.FP-ATR-SIGFOX1.3.2.0
2026-02-02 18:41:05,128 [WARN] PackLoader:240 - Cannot read IP mode file for ITTIA_DB.I-CUBE-ITTIADB.8.9.0
2026-02-02 18:41:05,136 [WARN] PackLoader:240 - Cannot read IP mode file for STMicroelectronics.X-CUBE-NFC6.3.2.0
2026-02-02 18:41:05,147 [WARN] PackLoader:240 - Cannot read IP mode file for STMicroelectronics.X-CUBE-ST67W61.1.0.0
2026-02-02 18:41:05,182 [WARN] PackLoader:240 - Cannot read IP mode file for SEGGER.I-CUBE-embOS.1.3.1
2026-02-02 18:41:05,223 [WARN] PackLoader:240 - Cannot read IP mode file for STMicroelectronics.X-CUBE-ALGOBUILD.1.4.0
2026-02-02 18:41:05,288 [WARN] PackLoader:240 - Cannot read IP mode file for STMicroelectronics.X-CUBE-MEMS1.11.3.0
2026-02-02 18:41:05,406 [WARN] PackLoader:240 - Cannot read IP mode file for STMicroelectronics.X-CUBE-PM33A1.1.0.0
2026-02-02 18:41:05,419 [WARN] PackLoader:240 - Cannot read IP mode file for STMicroelectronics.X-CUBE-AZRTOS-F4.1.1.0
2026-02-02 18:41:05,424 [WARN] PackLoader:240 - Cannot read IP mode file for Avnet-IotConnect.X-CUBE-IoTC-DA16k-PMOD.1.0.0
2026-02-02 18:41:05,430 [WARN] PackLoader:240 - Cannot read IP mode file for STMicroelectronics.X-CUBE-ISPU.2.1.0
2026-02-02 18:41:05,448 [WARN] PackLoader:240 - Cannot read IP mode file for STMicroelectronics.X-CUBE-IPS.3.2.0
2026-02-02 18:41:05,482 [WARN] PackLoader:240 - Cannot read IP mode file for STMicroelectronics.X-CUBE-AZRTOS-L5.2.0.0
2026-02-02 18:41:05,493 [WARN] PackLoader:240 - Cannot read IP mode file for STMicroelectronics.X-CUBE-NFC6.3.1.0
2026-02-02 18:41:05,504 [WARN] PackLoader:240 - Cannot read IP mode file for STMicroelectronics.X-CUBE-FREERTOS.1.3.1
2026-02-02 18:41:05,509 [WARN] PackLoader:240 - Cannot read IP mode file for STMicroelectronics.X-CUBE-TOUCHGFX.4.26.0
2026-02-02 18:41:05,514 [WARN] PackLoader:240 - Cannot read IP mode file for STMicroelectronics.X-CUBE-DPower.1.3.0
2026-02-02 18:41:05,533 [WARN] ConditionMgr:438 - getConditionDescription Invalid condition id : LAN8742 Phy interface Condition cause : null
2026-02-02 18:41:05,533 [WARN] PackLoader:240 - Cannot read IP mode file for STMicroelectronics.X-CUBE-AZRTOS-L4.2.0.0
2026-02-02 18:41:05,535 [WARN] ConditionMgr:1044 - genDependencies : Invalid condition id : LAN8742 Phy interface Condition cause : null
2026-02-02 18:41:05,535 [WARN] ConditionMgr:1044 - genDependencies : Invalid condition id : LAN8742 Phy interface Condition cause : null
2026-02-02 18:41:05,536 [WARN] ConditionMgr:1044 - genDependencies : Invalid condition id : LAN8742 Phy interface Condition cause : null
2026-02-02 18:41:05,542 [WARN] PackLoader:240 - Cannot read IP mode file for STMicroelectronics.X-CUBE-SFXS2LP1.4.0.0
2026-02-02 18:41:05,549 [WARN] PackLoader:240 - Cannot read IP mode file for STMicroelectronics.X-CUBE-ST67W61.1.2.0
2026-02-02 18:41:05,563 [WARN] ConditionMgr:438 - getConditionDescription Invalid condition id : UX DEVICE CLASS RTOS Condition cause : null
2026-02-02 18:41:05,563 [WARN] ConditionMgr:438 - getConditionDescription Invalid condition id : UX DEVICE CLASS RTOS Condition cause : null
2026-02-02 18:41:05,565 [WARN] PackLoader:240 - Cannot read IP mode file for STMicroelectronics.X-CUBE-AZRTOS-WB.2.0.0
2026-02-02 18:41:05,566 [WARN] ConditionMgr:1044 - genDependencies : Invalid condition id : UX DEVICE CLASS RTOS Condition cause : null
2026-02-02 18:41:05,566 [WARN] ConditionMgr:1044 - genDependencies : Invalid condition id : UX DEVICE CLASS RTOS Condition cause : null
2026-02-02 18:41:05,567 [WARN] ConditionMgr:1044 - genDependencies : Invalid condition id : UX DEVICE CLASS RTOS Condition cause : null
2026-02-02 18:41:05,567 [WARN] ConditionMgr:1044 - genDependencies : Invalid condition id : UX DEVICE CLASS RTOS Condition cause : null
2026-02-02 18:41:05,567 [WARN] ConditionMgr:1044 - genDependencies : Invalid condition id : UX DEVICE CLASS RTOS Condition cause : null
2026-02-02 18:41:05,572 [WARN] PackLoader:240 - Cannot read IP mode file for STMicroelectronics.X-CUBE-GNSS1.7.0.1
2026-02-02 18:41:05,575 [WARN] PackLoader:240 - Cannot read IP mode file for STMicroelectronics.X-CUBE-TOUCHGFX.4.25.0
2026-02-02 18:41:05,577 [WARN] ConditionMgr:438 - getConditionDescription Invalid condition id : Cortex-A Device cause : null
2026-02-02 18:41:05,607 [WARN] ConditionMgr:1044 - genDependencies : Invalid condition id : Cortex-A Device cause : null
2026-02-02 18:41:05,607 [WARN] ConditionMgr:1044 - genDependencies : Invalid condition id : Cortex-A Device cause : null
2026-02-02 18:41:05,607 [WARN] ConditionMgr:1044 - genDependencies : Invalid condition id : Cortex-A Device cause : null
2026-02-02 18:41:05,614 [WARN] PackLoader:240 - Cannot read IP mode file for STMicroelectronics.X-CUBE-STSE01.2.0.0
2026-02-02 18:41:05,628 [WARN] PackLoader:240 - Cannot read IP mode file for STMicroelectronics.X-CUBE-SUBG2.5.0.0
2026-02-02 18:41:05,657 [WARN] PackLoader:240 - Cannot read IP mode file for STMicroelectronics.X-CUBE-AZRTOS-H7RS.1.1.0
2026-02-02 18:41:05,678 [WARN] PackLoader:240 - Cannot read IP mode file for STMicroelectronics.X-CUBE-AZRTOS-G4.2.0.0
2026-02-02 18:41:05,683 [WARN] PackLoader:240 - Cannot read IP mode file for wolfSSL.I-CUBE-wolfSSH.1.4.20
2026-02-02 18:41:05,687 [WARN] PackLoader:240 - Cannot read IP mode file for STMicroelectronics.X-CUBE-NFC7.2.0.0
2026-02-02 18:41:05,701 [WARN] PackLoader:240 - Cannot read IP mode file for STMicroelectronics.X-CUBE-IPS.3.1.0
2026-02-02 18:41:05,708 [WARN] PackLoader:240 - Cannot read IP mode file for STMicroelectronics.X-CUBE-ALS.1.0.2
2026-02-02 18:41:05,712 [WARN] PackLoader:240 - Cannot read IP mode file for STMicroelectronics.X-CUBE-STSE01.1.0.0
2026-02-02 18:41:05,718 [WARN] PackLoader:240 - Cannot read IP mode file for STMicroelectronics.X-CUBE-TOF1.3.4.3
2026-02-02 18:41:05,725 [INFO] ThirdParty:978 - Integrity check success = true
2026-02-02 18:41:05,725 [INFO] IntegrityCheckThread:100 - exiting critical section [integrity check]
2026-02-02 18:41:05,725 [INFO] IntegrityCheckThread:103 - End integrity checks thread
2026-02-02 18:41:31,160 [INFO] McuFinderGlobals:63 - Set McuFinder mode to 2 (CubeIDE integrated)
2026-02-02 18:41:31,164 [INFO] MainUpdater:2872 - connection check result : 10
2026-02-02 18:41:31,164 [INFO] MainUpdater:2872 - connection check result : 10
2026-02-02 18:41:31,186 [INFO] MicroXplorer:468 - Change Database Path : 
2026-02-02 18:41:31,186 [INFO] MicroXplorer:498 - Change Database Version : DB.6.0.150
2026-02-02 18:41:31,194 [WARN] ThirdParty:871 - waiting for thirdparty lock release [close project]
2026-02-02 18:41:31,194 [INFO] ThirdParty:873 - entering critical section [close project]
2026-02-02 18:41:31,195 [INFO] ThirdParty:883 - exiting critical section [close project]
2026-02-02 18:41:31,197 [INFO] PinOutPanel:1589 - setPackage(No Configuration,No Configuration)
2026-02-02 18:41:31,199 [INFO] UtilMem:75 - Begin LoadConfig() Used Memory: 455951992 Bytes (459276288)
2026-02-02 18:41:31,206 [INFO] MicroXplorer:468 - Change Database Path : /home/krushna/.stm32cubemx/databases/DB.6.0.130/db/
2026-02-02 18:41:31,207 [INFO] MicroXplorer:498 - Change Database Version : DB.6.0.130
2026-02-02 18:41:33,464 [INFO] OpenFileManager:355 - Change cursor
2026-02-02 18:41:33,510 [INFO] Mcu:2029 - Initializing MCU STM32F407V(E-G)Tx STM32F407VGTx STM32F407VGT6
2026-02-02 18:41:35,130 [INFO] Context:786 - Trying to add GPIOservice into a context  which must be forbidden
2026-02-02 18:41:35,654 [INFO] ImportTextPane:234 - (OptionalMessage_ERROR) Pin15 (VP_RIF_VS_RIF1) cannot be retrieved for this MCU
2026-02-02 18:41:35,839 [INFO] RtosManager:558 - Registered RTOS mode: class=CMSIS, group=RTOS, mode=CMSIS_V1, owner=FREERTOS
2026-02-02 18:41:35,839 [INFO] RtosManager:558 - Registered RTOS mode: class=CMSIS, group=RTOS2, mode=CMSIS_V2, owner=FREERTOS
2026-02-02 18:41:35,839 [INFO] RtosManager:558 - Registered RTOS mode: class=RTOS, group=Core, mode=CMSIS_V1, owner=FREERTOS
2026-02-02 18:41:35,839 [INFO] RtosManager:558 - Registered RTOS mode: class=RTOS, group=Core, mode=CMSIS_V2, owner=FREERTOS
2026-02-02 18:41:35,839 [WARN] ModelIntegratedComponent:184 - Missing modes for component STMicroelectronics:FreeRTOS:0.0.1:STMicroelectronics:RTOS:FreeRTOS:Core:::10.2.0:
2026-02-02 18:41:35,866 [WARN] ModelIntegratedComponent:63 - No mode defined for component null
2026-02-02 18:41:35,867 [WARN] ModelIntegratedComponent:63 - No mode defined for component null
2026-02-02 18:41:35,867 [WARN] ModelIntegratedComponent:63 - No mode defined for component null
2026-02-02 18:41:35,867 [WARN] ModelIntegratedComponent:63 - No mode defined for component null
2026-02-02 18:41:35,867 [WARN] ModelIntegratedComponent:63 - No mode defined for component null
2026-02-02 18:41:35,867 [WARN] ModelIntegratedComponent:63 - No mode defined for component null
2026-02-02 18:41:35,867 [WARN] ModelIntegratedComponent:63 - No mode defined for component null
2026-02-02 18:41:35,867 [WARN] ModelIntegratedComponent:63 - No mode defined for component null
2026-02-02 18:41:35,867 [WARN] ModelIntegratedComponent:63 - No mode defined for component null
2026-02-02 18:41:35,867 [WARN] ModelIntegratedComponent:63 - No mode defined for component null
2026-02-02 18:41:35,867 [WARN] ModelIntegratedComponent:63 - No mode defined for component null
2026-02-02 18:41:35,867 [WARN] ModelIntegratedComponent:63 - No mode defined for component null
2026-02-02 18:41:35,867 [WARN] ModelIntegratedComponent:63 - No mode defined for component null
2026-02-02 18:41:35,867 [WARN] ModelIntegratedComponent:63 - No mode defined for component null
2026-02-02 18:41:35,867 [WARN] ModelIntegratedComponent:63 - No mode defined for component null
2026-02-02 18:41:35,867 [WARN] ModelIntegratedComponent:63 - No mode defined for component null
2026-02-02 18:41:35,867 [WARN] ModelIntegratedComponent:63 - No mode defined for component null
2026-02-02 18:41:35,867 [WARN] ModelIntegratedComponent:63 - No mode defined for component null
2026-02-02 18:41:35,868 [WARN] ModelIntegratedComponent:63 - No mode defined for component null
2026-02-02 18:41:35,868 [WARN] ModelIntegratedComponent:63 - No mode defined for component null
2026-02-02 18:41:35,868 [WARN] ModelIntegratedComponent:63 - No mode defined for component null
2026-02-02 18:41:35,868 [WARN] ModelIntegratedComponent:63 - No mode defined for component null
2026-02-02 18:41:35,868 [WARN] ModelIntegratedComponent:63 - No mode defined for component null
2026-02-02 18:41:35,868 [WARN] ModelIntegratedComponent:63 - No mode defined for component null
2026-02-02 18:41:35,868 [WARN] ModelIntegratedComponent:63 - No mode defined for component null
2026-02-02 18:41:35,868 [WARN] ModelIntegratedComponent:63 - No mode defined for component null
2026-02-02 18:41:35,868 [WARN] ModelIntegratedComponent:63 - No mode defined for component null
2026-02-02 18:41:35,868 [WARN] ModelIntegratedComponent:63 - No mode defined for component null
2026-02-02 18:41:35,868 [WARN] ModelIntegratedComponent:63 - No mode defined for component null
2026-02-02 18:41:35,868 [WARN] ModelIntegratedComponent:63 - No mode defined for component null
2026-02-02 18:41:35,868 [WARN] ModelIntegratedComponent:63 - No mode defined for component null
2026-02-02 18:41:35,868 [WARN] ModelIntegratedComponent:63 - No mode defined for component null
2026-02-02 18:41:35,868 [WARN] ModelIntegratedComponent:63 - No mode defined for component null
2026-02-02 18:41:35,868 [WARN] ModelIntegratedComponent:63 - No mode defined for component null
2026-02-02 18:41:35,868 [WARN] ModelIntegratedComponent:63 - No mode defined for component null
2026-02-02 18:41:35,869 [WARN] ModelPack:524 - Component already loaded: STMicroelectronics:HAL Drivers:0.0.0:STMicroelectronics:Device:STMicro_Driver:XSPI:HAL::0.0.1:HAL_XSPI
2026-02-02 18:41:35,973 [INFO] ThirdPartyModel:298 - Start build external matchings
2026-02-02 18:41:36,514 [INFO] ThirdPartyModel:316 - End build external matchings
2026-02-02 18:41:36,562 [INFO] ImportTextPane:234 - (OptionalMessage_ERROR) IP (DMA) : Parameter (Instance) has Id (ADC2) currently not set
2026-02-02 18:41:36,563 [INFO] ImportTextPane:234 - (OptionalMessage_ERROR) IP (DMA) : Parameter (Channel) has Id (ADC2) currently not set
2026-02-02 18:41:36,563 [INFO] ImportTextPane:234 - (OptionalMessage_ERROR) IP (DMA) : Parameter (Direction) has Id (ADC2) currently not set
2026-02-02 18:41:36,563 [INFO] ImportTextPane:234 - (OptionalMessage_ERROR) IP (DMA) : Parameter (PeriphInc) has Id (ADC2) currently not set
2026-02-02 18:41:36,563 [INFO] ImportTextPane:234 - (OptionalMessage_ERROR) IP (DMA) : Parameter (MemInc) has Id (ADC2) currently not set
2026-02-02 18:41:36,563 [INFO] ImportTextPane:234 - (OptionalMessage_ERROR) IP (DMA) : Parameter (PeriphDataAlignment) has Id (ADC2) currently not set
2026-02-02 18:41:36,564 [INFO] ImportTextPane:234 - (OptionalMessage_ERROR) IP (DMA) : Parameter (MemDataAlignment) has Id (ADC2) currently not set
2026-02-02 18:41:36,564 [INFO] ImportTextPane:234 - (OptionalMessage_ERROR) IP (DMA) : Parameter (Mode) has Id (ADC2) currently not set
2026-02-02 18:41:36,564 [INFO] ImportTextPane:234 - (OptionalMessage_ERROR) IP (DMA) : Parameter (Priority) has Id (ADC2) currently not set
2026-02-02 18:41:36,564 [INFO] ImportTextPane:234 - (OptionalMessage_ERROR) IP (DMA) : Parameter (FIFOMode) has Id (ADC2) currently not set
2026-02-02 18:41:36,568 [INFO] ImportTextPane:234 - (OptionalMessage_ERROR) IP (RCC) : Parameter (RTCHSEDivFreq_Value) has invalid value (4000000)
2026-02-02 18:41:37,040 [INFO] ApiDb:581 - Connected to CubeFinder SQLite database (/home/krushna/.stmcufinder/plugins/mcufinder/mcu/cube-finder-db.db)
2026-02-02 18:41:37,080 [INFO] ApiDb:668 - CubeFinder database Data Model version=2.1
2026-02-02 18:41:37,080 [INFO] ApiDb:669 - CubeFinder database Configuration version=3.0.39
2026-02-02 18:41:37,081 [INFO] ApiDb:670 - CubeFinder database generation date=2025-12-22 (1766407740)
2026-02-02 18:41:37,081 [INFO] ApiDb:671 - CubeFinder database FW Pack versions=[FP-ATR-ASTRA1_V2.0.0, FP-SNS-FLIGHT1_V5.1.0, FP-SNS-MOTENV1_V5.1.0, FP-SNS-MOTENVWB1_V1.4.0, FP-SNS-SMARTAG2_V1.2.0, FP-SNS-STBOX1_V2.1.0, STM32Cube_FW_C0_V1.4.0, STM32Cube_FW_F4_V1.28.3, STM32Cube_FW_F7_V1.17.4, STM32Cube_FW_G0_V1.6.2, STM32Cube_FW_G4_V1.6.1, STM32Cube_FW_H5_V1.5.1, STM32Cube_FW_H7RS_V1.3.0, STM32Cube_FW_H7_V1.12.1, STM32Cube_FW_L0_V1.12.2, STM32Cube_FW_L4_V1.18.1, STM32Cube_FW_L5_V1.6.0, STM32Cube_FW_N6_V1.3.0, STM32Cube_FW_U0_V1.3.0, STM32Cube_FW_U3_V1.2.1, STM32Cube_FW_U5_V1.8.0, STM32Cube_FW_WB0_V1.4.0, STM32Cube_FW_WBA_V1.8.0, STM32Cube_FW_WB_V1.24.0, STM32Cube_FW_WL3_V1.3.0, STM32Cube_FW_WL_V1.4.0, X-CUBE-ALGOBUILD_V1.4.0, X-CUBE-ALS_V1.0.2, X-CUBE-AZRTOS-F4_V1.1.0, X-CUBE-AZRTOS-F7_V1.1.0, X-CUBE-AZRTOS-G0_V1.1.0, X-CUBE-AZRTOS-G4_V2.0.0, X-CUBE-AZRTOS-H7RS_V1.1.0, X-CUBE-AZRTOS-H7_V3.4.0, X-CUBE-AZRTOS-L4_V2.0.0, X-CUBE-AZRTOS-L5_V2.0.0, X-CUBE-AZRTOS-WB_V2.0.0, X-CUBE-AZRTOS-WL_V2.0.0, X-CUBE-BLE1_V7.1.0, X-CUBE-BLE2_V3.3.0, X-CUBE-BLEMGR_V4.1.0, X-CUBE-EEPRMA1_V5.2.0, X-CUBE-FREERTOS_V1.3.1, X-CUBE-GNSS1_V6.0.0, X-CUBE-MEMS1_V12.0.0, X-CUBE-NFC4_V3.0.0, X-CUBE-NFC7_V2.0.0, X-CUBE-SFXS2LP1_V4.0.0, X-CUBE-ST67W61_V1.1.0, X-CUBE-SUBG2_V5.0.0, X-CUBE-TOF1_V3.4.3]
2026-02-02 18:41:37,147 [INFO] DbBoardsSqlite:226 - include board P-NUCLEO-WB55-NUCLEO as a kit item of type 'Nucleo-64'
2026-02-02 18:41:37,147 [INFO] DbBoardsSqlite:226 - include board P-NUCLEO-WB55-USBDONGLE as a kit item of type 'Nucleo USB Dongle'
2026-02-02 18:41:37,147 [INFO] DbBoardsSqlite:226 - include board STEVAL-IDP005V1 as a kit item of type 'Evaluation Board'
2026-02-02 18:41:37,148 [INFO] DbBoardsSqlite:226 - include board STEVAL-IDP005V2 as a kit item of type 'Evaluation Board'
2026-02-02 18:41:37,183 [INFO] ApiDb:240 - Found 880 in-development CPN: [B-G473E-ZEST1S, B-WB1M-WPAN1, B-WBA5M-WPAN, B-WL5M-SUBG1, NUCLEO-C031C6, NUCLEO-C051C8, NUCLEO-C071RB, NUCLEO-C092RC, NUCLEO-H503RB, NUCLEO-H533RE, NUCLEO-H563ZI, NUCLEO-H7S3L8, NUCLEO-N657X0-Q, NUCLEO-U031R8, NUCLEO-U083RC, NUCLEO-U385RG-Q, NUCLEO-U545RE-Q, NUCLEO-U5A5ZJ-Q, NUCLEO-WB05KZ, NUCLEO-WB07CC, NUCLEO-WB09KE, NUCLEO-WBA52CG, NUCLEO-WBA55CG, NUCLEO-WL33CC1, NUCLEO-WL33CC2, STEVAL-PROTEUS1, STEVAL-SMARTAG2, STEVAL-STWINBX1, STM320518-EVAL, STM32C0116-DK, STM32C011D6Y3TR, STM32C011D6Y6TR, STM32C011F4P3, STM32C011F4P6, STM32C011F4U3, STM32C011F4U6TR, STM32C011F6P3, STM32C011F6P6, STM32C011F6U3, STM32C011F6U6TR, STM32C011J4M3, STM32C011J4M6, STM32C011J6M3, STM32C011J6M6, STM32C0316-DK, STM32C031C4T3, STM32C031C4T6, STM32C031C4U3, STM32C031C4U6, STM32C031C6T3, STM32C031C6T6, STM32C031C6U3, STM32C031C6U6, STM32C031F4P3, STM32C031F4P6, STM32C031F6P3, STM32C031F6P6, STM32C031G4U3, STM32C031G4U6, STM32C031G6U3, STM32C031G6U6, STM32C031K4T3, STM32C031K4T6, STM32C031K4U3, STM32C031K4U6, STM32C031K6T3, STM32C031K6T6, STM32C031K6U3, STM32C031K6U6, STM32C051C6T6, STM32C051C6U6, STM32C051C8T6, STM32C051C8U6, STM32C051D8Y6TR, STM32C051F6P6, STM32C051F8P6, STM32C051G6U6, STM32C051G8U6, STM32C051K6T6, STM32C051K6U6, STM32C051K8T6, STM32C071C8T6, STM32C071C8T6N, STM32C071C8U6, STM32C071C8U6N, STM32C071CBT6, STM32C071CBT6N, STM32C071CBU6, STM32C071CBU6N, STM32C071F8P6, STM32C071F8P6N, STM32C071FBP6, STM32C071FBP6N, STM32C071FBY6TR, STM32C071G8U6, STM32C071G8U6N, STM32C071GBU6, STM32C071GBU6N, STM32C071K8T6, STM32C071K8T6N, STM32C071K8U6, STM32C071K8U6N, STM32C071KBT6, STM32C071KBT6N, STM32C071KBU6, STM32C071KBU6N, STM32C071R8T6, STM32C071R8T6N, STM32C071RBI6N, STM32C071RBT6, STM32C071RBT6N, STM32C091CBT6, STM32C091CBU6, STM32C091CCT6, STM32C091CCU6, STM32C091ECY6TR, STM32C091FBP6, STM32C091FCP6, STM32C091GBU6, STM32C091GCU6, STM32C091KBT6, STM32C091KBU6, STM32C091KCT6, STM32C091KCU6, STM32C091RBT6, STM32C091RCI6, STM32C091RCT6, STM32C092CBT6, STM32C092CBU6, STM32C092CCT6, STM32C092CCU6, STM32C092ECY6TR, STM32C092FBP6, STM32C092FCP6, STM32C092GBU6, STM32C092GCU6, STM32C092KBT6, STM32C092KBU6, STM32C092KCT6, STM32C092KCU6, STM32C092RBT6, STM32C092RCI6, STM32C092RCT6, STM32G071K8TXN, STM32G071K8UXN, STM32G081GBU6N, STM32G081KBT6N, STM32G081KBUXN, STM32G0B1CCT6N, STM32G0B1KCT6, STM32G0B1NEY6TR, STM32G0B1RCT6N, STM32G0C1CCT6, STM32G0C1CCT6N, STM32G0C1CCU6N, STM32G0C1CET6N, STM32G0C1CEU6N, STM32G0C1KCT6, STM32G0C1NEY6TR, STM32G0C1RCI6N, STM32G0C1RCT6N, STM32G0C1REI6N, STM32G0C1RET6N, STM32G0C1VCI6, STM32G0C1VEI6, STM32G411C6T3, STM32G411C6T6, STM32G411C6U3, STM32G411C6U6, STM32G411C8T3, STM32G411C8T6, STM32G411C8U3, STM32G411C8U6, STM32G411CBT3, STM32G411CBT6, STM32G411CBU3, STM32G411CBU6, STM32G411K6T3, STM32G411K6T6, STM32G411K6U3, STM32G411K6U6, STM32G411K8T3, STM32G411K8T6, STM32G411K8U3, STM32G411K8U6, STM32G411KBT3, STM32G411KBT6, STM32G411KBU3, STM32G411KBU6, STM32G411M6T3, STM32G411M6T6, STM32G411M8T3, STM32G411M8T6, STM32G411MBT3, STM32G411MBT6, STM32G411R6T3, STM32G411R6T6, STM32G411R8T3, STM32G411R8T6, STM32G411RBT3, STM32G411RBT6, STM32G414CBT3, STM32G414CBT6, STM32G414CBU3, STM32G414CBU6, STM32G414CCT3, STM32G414CCT6, STM32G414CCU3, STM32G414CCU6, STM32G414MBT3, STM32G414MBT6, STM32G414MCT3, STM32G414MCT6, STM32G414RBT3, STM32G414RBT6, STM32G414RCT3, STM32G414RCT6, STM32G414VBT3, STM32G414VBT6, STM32G414VCT3, STM32G414VCT6, STM32G431CBT3Z, STM32G431RBT3Z, STM32G471CCT6, STM32G471CCU6, STM32G471CET3, STM32G471CET6, STM32G471CEU3, STM32G471CEU6, STM32G471MCT6, STM32G471MET3, STM32G471MET6, STM32G471MEY6TR, STM32G471QCT6, STM32G471QET3, STM32G471RCT6, STM32G471RET3, STM32G471RET6, STM32G471VCH6, STM32G471VCI6, STM32G471VCT6, STM32G471VEH3, STM32G471VEH6, STM32G471VEI3, STM32G471VEI6, STM32G471VET3, STM32G471VET6, STM32G473QET3Z, STM32G473RET3Z, STM32G474CCT6, STM32G491RET3Z, STM32H503CBT6, STM32H503CBU6, STM32H503EBY6TR, STM32H503KBU6, STM32H503RBT6, STM32H523CCT6, STM32H523CCU6, STM32H523CET6, STM32H523CEU6, STM32H523HEY6TR, STM32H523RCT6, STM32H523RET6, STM32H523VCI6, STM32H523VCT6, STM32H523VEI6, STM32H523VET6, STM32H523ZCJ6, STM32H523ZCT6, STM32H523ZEJ6, STM32H523ZET6, STM32H533CET6, STM32H533CEU6, STM32H533HEY6TR, STM32H533RET6, STM32H533VEI6, STM32H533VET6, STM32H533ZEJ6, STM32H533ZET6, STM32H562AGI6, STM32H562AII6, STM32H562IGK6, STM32H562IGT6, STM32H562IIK6, STM32H562IIT6, STM32H562RGT6, STM32H562RGV6, STM32H562RIT6, STM32H562RIV6, STM32H562VGT6, STM32H562VIT6, STM32H562ZGT6, STM32H562ZIT6, STM32H563AGI6, STM32H563AII3Q, STM32H563AII6, STM32H563IGK6, STM32H563IGT6, STM32H563IIK3Q, STM32H563IIK6, STM32H563IIT3Q, STM32H563IIT6, STM32H563MIY3QTR, STM32H563RGT6, STM32H563RGV6, STM32H563RIT6, STM32H563RIV6, STM32H563VGT6, STM32H563VIT3Q, STM32H563VIT6, STM32H563ZGT6, STM32H563ZIT3Q, STM32H563ZIT6, STM32H573AII3Q, STM32H573AII6, STM32H573I-DK, STM32H573IIK3Q, STM32H573IIK6, STM32H573IIT3Q, STM32H573IIT6, STM32H573MIY3QTR, STM32H573RIT6, STM32H573RIV6, STM32H573VIT3Q, STM32H573VIT6, STM32H573ZIT3Q, STM32H573ZIT6, STM32H7R3A8I6, STM32H7R3I8K6, STM32H7R3I8T6, STM32H7R3L8H6, STM32H7R3L8H6H, STM32H7R3R8V6, STM32H7R3V8H6, STM32H7R3V8T6, STM32H7R3V8Y6TR, STM32H7R3Z8J6, STM32H7R3Z8T6, STM32H7R7A8I6, STM32H7R7I8K6, STM32H7R7I8T6, STM32H7R7L8H6, STM32H7R7L8H6H, STM32H7R7Z8J6, STM32H7S3A8I6, STM32H7S3I8K6, STM32H7S3I8T6, STM32H7S3L8H6, STM32H7S3L8H6H, STM32H7S3R8V6, STM32H7S3V8H6, STM32H7S3V8T6, STM32H7S3V8Y6TR, STM32H7S3Z8J6, STM32H7S3Z8T6, STM32H7S78-DK, STM32H7S7A8I6, STM32H7S7I8K6, STM32H7S7I8T6, STM32H7S7L8H6, STM32H7S7L8H6H, STM32H7S7Z8J6, STM32L4R5QGI6STR, STM32MP131AAE3, STM32MP131AAF3, STM32MP131AAG3, STM32MP131CAE3, STM32MP131CAF3, STM32MP131CAG3, STM32MP131DAE7, STM32MP131DAF7, STM32MP131DAG7, STM32MP131FAE7, STM32MP131FAF7, STM32MP131FAG7, STM32MP133AAE3, STM32MP133AAF3, STM32MP133AAG3, STM32MP133CAE3, STM32MP133CAF3, STM32MP133CAG3, STM32MP133DAE7, STM32MP133DAF7, STM32MP133DAG7, STM32MP133FAE7, STM32MP133FAF7, STM32MP133FAG7, STM32MP135AAE3, STM32MP135AAF3, STM32MP135AAG3, STM32MP135CAE3, STM32MP135CAF3, STM32MP135CAG3, STM32MP135DAE7, STM32MP135DAF7, STM32MP135DAG7, STM32MP135F-DK, STM32MP135FAE7, STM32MP135FAF7, STM32MP135FAF7T, STM32MP135FAF7U, STM32MP135FAG7, STM32MP211AAL3, STM32MP211AAM3, STM32MP211AAN3, STM32MP211AAO3, STM32MP211CAL3, STM32MP211CAM3, STM32MP211CAN3, STM32MP211CAO3, STM32MP211DAL3, STM32MP211DAM3, STM32MP211DAN3, STM32MP211DAO3, STM32MP211FAL3, STM32MP211FAM3, STM32MP211FAN3, STM32MP211FAO3, STM32MP213AAL3, STM32MP213AAM3, STM32MP213AAN3, STM32MP213AAO3, STM32MP213CAL3, STM32MP213CAM3, STM32MP213CAN3, STM32MP213CAO3, STM32MP213DAL3, STM32MP213DAM3, STM32MP213DAN3, STM32MP213DAO3, STM32MP213FAL3, STM32MP213FAM3, STM32MP213FAN3, STM32MP213FAO3, STM32MP215AAL3, STM32MP215AAM3, STM32MP215AAN3, STM32MP215AAO3, STM32MP215CAL3, STM32MP215CAM3, STM32MP215CAN3, STM32MP215CAO3, STM32MP215DAL3, STM32MP215DAM3, STM32MP215DAN3, STM32MP215DAO3, STM32MP215F-DK, STM32MP215FAL3, STM32MP215FAM3, STM32MP215FAN3, STM32MP215FAO3, STM32MP231AAJ3, STM32MP231AAK3, STM32MP231AAL3, STM32MP231CAJ3, STM32MP231CAK3, STM32MP231CAL3, STM32MP231DAJ3, STM32MP231DAK3, STM32MP231DAL3, STM32MP231FAJ3, STM32MP231FAK3, STM32MP231FAL3, STM32MP233AAJ3, STM32MP233AAK3, STM32MP233AAL3, STM32MP233CAJ3, STM32MP233CAK3, STM32MP233CAL3, STM32MP233DAJ3, STM32MP233DAK3, STM32MP233DAL3, STM32MP233FAJ3, STM32MP233FAK3, STM32MP233FAL3, STM32MP235AAJ3, STM32MP235AAK3, STM32MP235AAL3, STM32MP235CAJ3, STM32MP235CAK3, STM32MP235CAL3, STM32MP235DAJ3, STM32MP235DAK3, STM32MP235DAL3, STM32MP235FAJ3, STM32MP235FAK3, STM32MP235FAL3, STM32MP251AAI3, STM32MP251AAK3, STM32MP251AAL3, STM32MP251CAI3, STM32MP251CAK3, STM32MP251CAL3, STM32MP251DAI3, STM32MP251DAK3, STM32MP251DAL3, STM32MP251FAI3, STM32MP251FAK3, STM32MP251FAL3, STM32MP253AAI3, STM32MP253AAK3, STM32MP253AAL3, STM32MP253CAI3, STM32MP253CAK3, STM32MP253CAL3, STM32MP253DAI3, STM32MP253DAK3, STM32MP253DAL3, STM32MP253FAI3, STM32MP253FAK3, STM32MP253FAL3, STM32MP255AAI3, STM32MP255AAK3, STM32MP255AAL3, STM32MP255CAI3, STM32MP255CAK3, STM32MP255CAL3, STM32MP255DAI3, STM32MP255DAK3, STM32MP255DAL3, STM32MP255FAI3, STM32MP255FAK3, STM32MP255FAL3, STM32MP257AAI3, STM32MP257AAK3, STM32MP257AAL3, STM32MP257CAI3, STM32MP257CAK3, STM32MP257CAL3, STM32MP257DAI3, STM32MP257DAK3, STM32MP257DAL3, STM32MP257F-DK, STM32MP257F-EV1, STM32MP257FAI3, STM32MP257FAK3, STM32MP257FAL3, STM32N645A0H3Q, STM32N645B0H3Q, STM32N645I0H3Q, STM32N645L0H3Q, STM32N645X0H3Q, STM32N645Z0H3Q, STM32N647A0H3Q, STM32N647B0H3Q, STM32N647I0H3Q, STM32N647L0H3Q, STM32N647X0H3Q, STM32N647Z0H3Q, STM32N655A0H3Q, STM32N655B0H3Q, STM32N655I0H3Q, STM32N655L0H3Q, STM32N655X0H3Q, STM32N655Z0H3Q, STM32N6570-DK, STM32N657A0H3Q, STM32N657B0H3Q, STM32N657I0H3Q, STM32N657L0H3Q, STM32N657X0H3Q, STM32N657Z0H3Q, STM32U031C6T6, STM32U031C6U6, STM32U031C8T6, STM32U031C8U6, STM32U031F4P6, STM32U031F6P6, STM32U031F8P6, STM32U031G6Y6TR, STM32U031G8Y6TR, STM32U031K4U6, STM32U031K6U6, STM32U031K8U6, STM32U031R6I6, STM32U031R6T6, STM32U031R8I6, STM32U031R8T6, STM32U073C8T6, STM32U073C8U6, STM32U073CBT6, STM32U073CBU6, STM32U073CCT6, STM32U073CCU6, STM32U073H8Y6TR, STM32U073HBY6TR, STM32U073HCY6TR, STM32U073K8U6, STM32U073KBU6, STM32U073KCU6, STM32U073M8I6, STM32U073M8T6, STM32U073MBI6, STM32U073MBT6, STM32U073MCI6, STM32U073MCT6, STM32U073R8I6, STM32U073R8T6, STM32U073RBI6, STM32U073RBT6, STM32U073RCI6, STM32U073RCT6, STM32U083C-DK, STM32U083CCT6, STM32U083CCU6, STM32U083HCY6TR, STM32U083KCU6, STM32U083MCI6, STM32U083MCT6, STM32U083RCI6, STM32U083RCT6, STM32U375CET6, STM32U375CET6Q, STM32U375CEU6, STM32U375CEU6Q, STM32U375CEY6QTR, STM32U375CGT6, STM32U375CGT6Q, STM32U375CGU6, STM32U375CGU6Q, STM32U375CGY6QTR, STM32U375KEU6, STM32U375KGU6, STM32U375REI6, STM32U375REI6Q, STM32U375RET6, STM32U375RET6Q, STM32U375REY6GTR, STM32U375REY6QTR, STM32U375RGI6, STM32U375RGI6Q, STM32U375RGT6, STM32U375RGT6Q, STM32U375RGY6GTR, STM32U375RGY6QTR, STM32U375VEI6, STM32U375VEI6Q, STM32U375VET6, STM32U375VET6Q, STM32U375VGI6, STM32U375VGI6Q, STM32U375VGT6, STM32U375VGT6Q, STM32U385CGT6, STM32U385CGT6Q, STM32U385CGU6, STM32U385CGU6Q, STM32U385CGY6QTR, STM32U385KGU6, STM32U385RGI6, STM32U385RGI6Q, STM32U385RGT6, STM32U385RGT6Q, STM32U385RGY6GTR, STM32U385RGY6QTR, STM32U385VGI6, STM32U385VGI6Q, STM32U385VGT6, STM32U385VGT6Q, STM32U535CBT6, STM32U535CBT6Q, STM32U535CBU6, STM32U535CBU6Q, STM32U535CCT6, STM32U535CCT6Q, STM32U535CCU6, STM32U535CCU6Q, STM32U535CET6, STM32U535CET6Q, STM32U535CEU6, STM32U535CEU6Q, STM32U535JEY6QTR, STM32U535NCY6QTR, STM32U535NEY6QTR, STM32U535RBI6, STM32U535RBI6Q, STM32U535RBT6, STM32U535RBT6Q, STM32U535RCI6, STM32U535RCI6Q, STM32U535RCT6, STM32U535RCT6Q, STM32U535REI6, STM32U535REI6Q, STM32U535RET6, STM32U535RET6Q, STM32U535VCI6, STM32U535VCI6Q, STM32U535VCT6, STM32U535VCT6Q, STM32U535VEI6, STM32U535VEI6Q, STM32U535VET6, STM32U535VET6Q, STM32U545CET6, STM32U545CET6Q, STM32U545CEU6, STM32U545CEU6Q, STM32U545JEY6QTR, STM32U545NEY6QTR, STM32U545REI6, STM32U545REI6Q, STM32U545RET6, STM32U545RET6Q, STM32U545VEI6, STM32U545VEI6Q, STM32U545VET6, STM32U545VET6Q, STM32U595AIH6, STM32U595AIH6Q, STM32U595AJH6, STM32U595AJH6Q, STM32U595QII6, STM32U595QII6Q, STM32U595QJI6, STM32U595QJI6Q, STM32U595RIT6, STM32U595RIT6Q, STM32U595RJT6, STM32U595RJT6Q, STM32U595VIT6, STM32U595VIT6Q, STM32U595VJT6, STM32U595VJT6Q, STM32U595ZIT6, STM32U595ZIT6Q, STM32U595ZIY6QTR, STM32U595ZJT6, STM32U595ZJT6Q, STM32U595ZJY6QTR, STM32U599BJY6QTR, STM32U599NIH6Q, STM32U599NJH6Q, STM32U599VIT6Q, STM32U599VJT6, STM32U599VJT6Q, STM32U599ZIT6Q, STM32U599ZIY6QTR, STM32U599ZJT6Q, STM32U599ZJY6QTR, STM32U5A5AJH6, STM32U5A5AJH6Q, STM32U5A5QII3Q , STM32U5A5QJI6, STM32U5A5QJI6Q, STM32U5A5RJT6, STM32U5A5RJT6Q, STM32U5A5VJT6, STM32U5A5VJT6Q, STM32U5A5ZJT6, STM32U5A5ZJT6Q, STM32U5A5ZJY6QTR, STM32U5A9BJY6QTR, STM32U5A9J-DK, STM32U5A9NJH6Q, STM32U5A9VJT6Q, STM32U5A9ZJT6Q, STM32U5A9ZJY6QTR, STM32U5F7VIT6, STM32U5F7VIT6Q, STM32U5F7VJT6, STM32U5F7VJT6Q, STM32U5F9BJY6QTR, STM32U5F9NJH6Q, STM32U5F9VIT6Q, STM32U5F9VJT6Q, STM32U5F9ZIJ6QTR, STM32U5F9ZIT6Q, STM32U5F9ZJJ6QTR, STM32U5F9ZJT6Q, STM32U5G7VJT6, STM32U5G7VJT6Q, STM32U5G9BJY6QTR, STM32U5G9J-DK1, STM32U5G9J-DK2, STM32U5G9NJH6Q, STM32U5G9VJT6Q, STM32U5G9ZJJ6QTR, STM32U5G9ZJT6Q, STM32WB05KZV6TR, STM32WB05KZV7TR, STM32WB05TZF6TR, STM32WB05TZF7TR, STM32WB06CCF6TR, STM32WB06CCF7TR, STM32WB06CCV6TR, STM32WB06CCV7TR, STM32WB06KCV6TR, STM32WB06KCV7TR, STM32WB07CCF6TR, STM32WB07CCF7TR, STM32WB07CCV6TR, STM32WB07CCV7TR, STM32WB07KCV6TR, STM32WB07KCV7TR, STM32WB09KEV6TR, STM32WB09KEV7TR, STM32WB09TEF6TR, STM32WB09TEF7TR, STM32WB1MMCH6, STM32WBA50KGU6, STM32WBA50KGU6TR, STM32WBA52CEU6, STM32WBA52CEU6TR, STM32WBA52CEU7, STM32WBA52CEU7TR, STM32WBA52CGU6, STM32WBA52CGU6TR, STM32WBA52CGU6U, STM32WBA52CGU7, STM32WBA52CGU7TR, STM32WBA52KEU6, STM32WBA52KEU6TR, STM32WBA52KGU6, STM32WBA52KGU6TR, STM32WBA54CEU6, STM32WBA54CEU6TR, STM32WBA54CEU7, STM32WBA54CEU7TR, STM32WBA54CGU6, STM32WBA54CGU6TR, STM32WBA54CGU7, STM32WBA54CGU7TR, STM32WBA54KEU6, STM32WBA54KEU6TR, STM32WBA54KEU7, STM32WBA54KEU7TR, STM32WBA54KGU6, STM32WBA54KGU6TR, STM32WBA54KGU7, STM32WBA54KGU7TR, STM32WBA55CEU6, STM32WBA55CEU6TR, STM32WBA55CEU7, STM32WBA55CEU7TR, STM32WBA55CGU6, STM32WBA55CGU6TR, STM32WBA55CGU6U, STM32WBA55CGU7, STM32WBA55CGU7TR, STM32WBA55G-DK1, STM32WBA55HEF6, STM32WBA55HEF7, STM32WBA55HGF6, STM32WBA55HGF7, STM32WBA55UEI6, STM32WBA55UEI6TR, STM32WBA55UEI7, STM32WBA55UEI7TR, STM32WBA55UGI6, STM32WBA55UGI6TR, STM32WBA55UGI7, STM32WBA55UGI7TR, STM32WBA5MMGH6TR, STM32WBA62MGF6, STM32WBA62MIF6, STM32WBA65MGF7, STM32WBA65MIF6, STM32WBA65MIF7, STM32WL30K8V6, STM32WL30KBV6, STM32WL31C8V6, STM32WL31CBV6, STM32WL31K8V6, STM32WL31KBV6, STM32WL33C8V6, STM32WL33C8V6X, STM32WL33CBV6, STM32WL33CBV6X, STM32WL33CCV6, STM32WL33CCV6A, STM32WL33CCV6X, STM32WL33K8V7, STM32WL33K8V7X, STM32WL33KBV7 , STM32WL33KBV7X, STM32WL33KCV7, STM32WL33KCV7X, STM32WL5MOCH6, STM32WL5MOCH6TR]
2026-02-02 18:41:37,187 [INFO] ApiDb:668 - CubeFinder database Data Model version=2.1
2026-02-02 18:41:37,188 [INFO] ApiDb:669 - CubeFinder database Configuration version=3.0.39
2026-02-02 18:41:37,188 [INFO] ApiDb:670 - CubeFinder database generation date=2025-12-22 (1766407740)
2026-02-02 18:41:37,188 [INFO] ApiDb:671 - CubeFinder database FW Pack versions=[FP-ATR-ASTRA1_V2.0.0, FP-SNS-FLIGHT1_V5.1.0, FP-SNS-MOTENV1_V5.1.0, FP-SNS-MOTENVWB1_V1.4.0, FP-SNS-SMARTAG2_V1.2.0, FP-SNS-STBOX1_V2.1.0, STM32Cube_FW_C0_V1.4.0, STM32Cube_FW_F4_V1.28.3, STM32Cube_FW_F7_V1.17.4, STM32Cube_FW_G0_V1.6.2, STM32Cube_FW_G4_V1.6.1, STM32Cube_FW_H5_V1.5.1, STM32Cube_FW_H7RS_V1.3.0, STM32Cube_FW_H7_V1.12.1, STM32Cube_FW_L0_V1.12.2, STM32Cube_FW_L4_V1.18.1, STM32Cube_FW_L5_V1.6.0, STM32Cube_FW_N6_V1.3.0, STM32Cube_FW_U0_V1.3.0, STM32Cube_FW_U3_V1.2.1, STM32Cube_FW_U5_V1.8.0, STM32Cube_FW_WB0_V1.4.0, STM32Cube_FW_WBA_V1.8.0, STM32Cube_FW_WB_V1.24.0, STM32Cube_FW_WL3_V1.3.0, STM32Cube_FW_WL_V1.4.0, X-CUBE-ALGOBUILD_V1.4.0, X-CUBE-ALS_V1.0.2, X-CUBE-AZRTOS-F4_V1.1.0, X-CUBE-AZRTOS-F7_V1.1.0, X-CUBE-AZRTOS-G0_V1.1.0, X-CUBE-AZRTOS-G4_V2.0.0, X-CUBE-AZRTOS-H7RS_V1.1.0, X-CUBE-AZRTOS-H7_V3.4.0, X-CUBE-AZRTOS-L4_V2.0.0, X-CUBE-AZRTOS-L5_V2.0.0, X-CUBE-AZRTOS-WB_V2.0.0, X-CUBE-AZRTOS-WL_V2.0.0, X-CUBE-BLE1_V7.1.0, X-CUBE-BLE2_V3.3.0, X-CUBE-BLEMGR_V4.1.0, X-CUBE-EEPRMA1_V5.2.0, X-CUBE-FREERTOS_V1.3.1, X-CUBE-GNSS1_V6.0.0, X-CUBE-MEMS1_V12.0.0, X-CUBE-NFC4_V3.0.0, X-CUBE-NFC7_V2.0.0, X-CUBE-SFXS2LP1_V4.0.0, X-CUBE-ST67W61_V1.1.0, X-CUBE-SUBG2_V5.0.0, X-CUBE-TOF1_V3.4.3]
2026-02-02 18:41:39,624 [INFO] ApiDb:240 - Found 880 in-development CPN: [B-G473E-ZEST1S, B-WB1M-WPAN1, B-WBA5M-WPAN, B-WL5M-SUBG1, NUCLEO-C031C6, NUCLEO-C051C8, NUCLEO-C071RB, NUCLEO-C092RC, NUCLEO-H503RB, NUCLEO-H533RE, NUCLEO-H563ZI, NUCLEO-H7S3L8, NUCLEO-N657X0-Q, NUCLEO-U031R8, NUCLEO-U083RC, NUCLEO-U385RG-Q, NUCLEO-U545RE-Q, NUCLEO-U5A5ZJ-Q, NUCLEO-WB05KZ, NUCLEO-WB07CC, NUCLEO-WB09KE, NUCLEO-WBA52CG, NUCLEO-WBA55CG, NUCLEO-WL33CC1, NUCLEO-WL33CC2, STEVAL-PROTEUS1, STEVAL-SMARTAG2, STEVAL-STWINBX1, STM320518-EVAL, STM32C0116-DK, STM32C011D6Y3TR, STM32C011D6Y6TR, STM32C011F4P3, STM32C011F4P6, STM32C011F4U3, STM32C011F4U6TR, STM32C011F6P3, STM32C011F6P6, STM32C011F6U3, STM32C011F6U6TR, STM32C011J4M3, STM32C011J4M6, STM32C011J6M3, STM32C011J6M6, STM32C0316-DK, STM32C031C4T3, STM32C031C4T6, STM32C031C4U3, STM32C031C4U6, STM32C031C6T3, STM32C031C6T6, STM32C031C6U3, STM32C031C6U6, STM32C031F4P3, STM32C031F4P6, STM32C031F6P3, STM32C031F6P6, STM32C031G4U3, STM32C031G4U6, STM32C031G6U3, STM32C031G6U6, STM32C031K4T3, STM32C031K4T6, STM32C031K4U3, STM32C031K4U6, STM32C031K6T3, STM32C031K6T6, STM32C031K6U3, STM32C031K6U6, STM32C051C6T6, STM32C051C6U6, STM32C051C8T6, STM32C051C8U6, STM32C051D8Y6TR, STM32C051F6P6, STM32C051F8P6, STM32C051G6U6, STM32C051G8U6, STM32C051K6T6, STM32C051K6U6, STM32C051K8T6, STM32C071C8T6, STM32C071C8T6N, STM32C071C8U6, STM32C071C8U6N, STM32C071CBT6, STM32C071CBT6N, STM32C071CBU6, STM32C071CBU6N, STM32C071F8P6, STM32C071F8P6N, STM32C071FBP6, STM32C071FBP6N, STM32C071FBY6TR, STM32C071G8U6, STM32C071G8U6N, STM32C071GBU6, STM32C071GBU6N, STM32C071K8T6, STM32C071K8T6N, STM32C071K8U6, STM32C071K8U6N, STM32C071KBT6, STM32C071KBT6N, STM32C071KBU6, STM32C071KBU6N, STM32C071R8T6, STM32C071R8T6N, STM32C071RBI6N, STM32C071RBT6, STM32C071RBT6N, STM32C091CBT6, STM32C091CBU6, STM32C091CCT6, STM32C091CCU6, STM32C091ECY6TR, STM32C091FBP6, STM32C091FCP6, STM32C091GBU6, STM32C091GCU6, STM32C091KBT6, STM32C091KBU6, STM32C091KCT6, STM32C091KCU6, STM32C091RBT6, STM32C091RCI6, STM32C091RCT6, STM32C092CBT6, STM32C092CBU6, STM32C092CCT6, STM32C092CCU6, STM32C092ECY6TR, STM32C092FBP6, STM32C092FCP6, STM32C092GBU6, STM32C092GCU6, STM32C092KBT6, STM32C092KBU6, STM32C092KCT6, STM32C092KCU6, STM32C092RBT6, STM32C092RCI6, STM32C092RCT6, STM32G071K8TXN, STM32G071K8UXN, STM32G081GBU6N, STM32G081KBT6N, STM32G081KBUXN, STM32G0B1CCT6N, STM32G0B1KCT6, STM32G0B1NEY6TR, STM32G0B1RCT6N, STM32G0C1CCT6, STM32G0C1CCT6N, STM32G0C1CCU6N, STM32G0C1CET6N, STM32G0C1CEU6N, STM32G0C1KCT6, STM32G0C1NEY6TR, STM32G0C1RCI6N, STM32G0C1RCT6N, STM32G0C1REI6N, STM32G0C1RET6N, STM32G0C1VCI6, STM32G0C1VEI6, STM32G411C6T3, STM32G411C6T6, STM32G411C6U3, STM32G411C6U6, STM32G411C8T3, STM32G411C8T6, STM32G411C8U3, STM32G411C8U6, STM32G411CBT3, STM32G411CBT6, STM32G411CBU3, STM32G411CBU6, STM32G411K6T3, STM32G411K6T6, STM32G411K6U3, STM32G411K6U6, STM32G411K8T3, STM32G411K8T6, STM32G411K8U3, STM32G411K8U6, STM32G411KBT3, STM32G411KBT6, STM32G411KBU3, STM32G411KBU6, STM32G411M6T3, STM32G411M6T6, STM32G411M8T3, STM32G411M8T6, STM32G411MBT3, STM32G411MBT6, STM32G411R6T3, STM32G411R6T6, STM32G411R8T3, STM32G411R8T6, STM32G411RBT3, STM32G411RBT6, STM32G414CBT3, STM32G414CBT6, STM32G414CBU3, STM32G414CBU6, STM32G414CCT3, STM32G414CCT6, STM32G414CCU3, STM32G414CCU6, STM32G414MBT3, STM32G414MBT6, STM32G414MCT3, STM32G414MCT6, STM32G414RBT3, STM32G414RBT6, STM32G414RCT3, STM32G414RCT6, STM32G414VBT3, STM32G414VBT6, STM32G414VCT3, STM32G414VCT6, STM32G431CBT3Z, STM32G431RBT3Z, STM32G471CCT6, STM32G471CCU6, STM32G471CET3, STM32G471CET6, STM32G471CEU3, STM32G471CEU6, STM32G471MCT6, STM32G471MET3, STM32G471MET6, STM32G471MEY6TR, STM32G471QCT6, STM32G471QET3, STM32G471RCT6, STM32G471RET3, STM32G471RET6, STM32G471VCH6, STM32G471VCI6, STM32G471VCT6, STM32G471VEH3, STM32G471VEH6, STM32G471VEI3, STM32G471VEI6, STM32G471VET3, STM32G471VET6, STM32G473QET3Z, STM32G473RET3Z, STM32G474CCT6, STM32G491RET3Z, STM32H503CBT6, STM32H503CBU6, STM32H503EBY6TR, STM32H503KBU6, STM32H503RBT6, STM32H523CCT6, STM32H523CCU6, STM32H523CET6, STM32H523CEU6, STM32H523HEY6TR, STM32H523RCT6, STM32H523RET6, STM32H523VCI6, STM32H523VCT6, STM32H523VEI6, STM32H523VET6, STM32H523ZCJ6, STM32H523ZCT6, STM32H523ZEJ6, STM32H523ZET6, STM32H533CET6, STM32H533CEU6, STM32H533HEY6TR, STM32H533RET6, STM32H533VEI6, STM32H533VET6, STM32H533ZEJ6, STM32H533ZET6, STM32H562AGI6, STM32H562AII6, STM32H562IGK6, STM32H562IGT6, STM32H562IIK6, STM32H562IIT6, STM32H562RGT6, STM32H562RGV6, STM32H562RIT6, STM32H562RIV6, STM32H562VGT6, STM32H562VIT6, STM32H562ZGT6, STM32H562ZIT6, STM32H563AGI6, STM32H563AII3Q, STM32H563AII6, STM32H563IGK6, STM32H563IGT6, STM32H563IIK3Q, STM32H563IIK6, STM32H563IIT3Q, STM32H563IIT6, STM32H563MIY3QTR, STM32H563RGT6, STM32H563RGV6, STM32H563RIT6, STM32H563RIV6, STM32H563VGT6, STM32H563VIT3Q, STM32H563VIT6, STM32H563ZGT6, STM32H563ZIT3Q, STM32H563ZIT6, STM32H573AII3Q, STM32H573AII6, STM32H573I-DK, STM32H573IIK3Q, STM32H573IIK6, STM32H573IIT3Q, STM32H573IIT6, STM32H573MIY3QTR, STM32H573RIT6, STM32H573RIV6, STM32H573VIT3Q, STM32H573VIT6, STM32H573ZIT3Q, STM32H573ZIT6, STM32H7R3A8I6, STM32H7R3I8K6, STM32H7R3I8T6, STM32H7R3L8H6, STM32H7R3L8H6H, STM32H7R3R8V6, STM32H7R3V8H6, STM32H7R3V8T6, STM32H7R3V8Y6TR, STM32H7R3Z8J6, STM32H7R3Z8T6, STM32H7R7A8I6, STM32H7R7I8K6, STM32H7R7I8T6, STM32H7R7L8H6, STM32H7R7L8H6H, STM32H7R7Z8J6, STM32H7S3A8I6, STM32H7S3I8K6, STM32H7S3I8T6, STM32H7S3L8H6, STM32H7S3L8H6H, STM32H7S3R8V6, STM32H7S3V8H6, STM32H7S3V8T6, STM32H7S3V8Y6TR, STM32H7S3Z8J6, STM32H7S3Z8T6, STM32H7S78-DK, STM32H7S7A8I6, STM32H7S7I8K6, STM32H7S7I8T6, STM32H7S7L8H6, STM32H7S7L8H6H, STM32H7S7Z8J6, STM32L4R5QGI6STR, STM32MP131AAE3, STM32MP131AAF3, STM32MP131AAG3, STM32MP131CAE3, STM32MP131CAF3, STM32MP131CAG3, STM32MP131DAE7, STM32MP131DAF7, STM32MP131DAG7, STM32MP131FAE7, STM32MP131FAF7, STM32MP131FAG7, STM32MP133AAE3, STM32MP133AAF3, STM32MP133AAG3, STM32MP133CAE3, STM32MP133CAF3, STM32MP133CAG3, STM32MP133DAE7, STM32MP133DAF7, STM32MP133DAG7, STM32MP133FAE7, STM32MP133FAF7, STM32MP133FAG7, STM32MP135AAE3, STM32MP135AAF3, STM32MP135AAG3, STM32MP135CAE3, STM32MP135CAF3, STM32MP135CAG3, STM32MP135DAE7, STM32MP135DAF7, STM32MP135DAG7, STM32MP135F-DK, STM32MP135FAE7, STM32MP135FAF7, STM32MP135FAF7T, STM32MP135FAF7U, STM32MP135FAG7, STM32MP211AAL3, STM32MP211AAM3, STM32MP211AAN3, STM32MP211AAO3, STM32MP211CAL3, STM32MP211CAM3, STM32MP211CAN3, STM32MP211CAO3, STM32MP211DAL3, STM32MP211DAM3, STM32MP211DAN3, STM32MP211DAO3, STM32MP211FAL3, STM32MP211FAM3, STM32MP211FAN3, STM32MP211FAO3, STM32MP213AAL3, STM32MP213AAM3, STM32MP213AAN3, STM32MP213AAO3, STM32MP213CAL3, STM32MP213CAM3, STM32MP213CAN3, STM32MP213CAO3, STM32MP213DAL3, STM32MP213DAM3, STM32MP213DAN3, STM32MP213DAO3, STM32MP213FAL3, STM32MP213FAM3, STM32MP213FAN3, STM32MP213FAO3, STM32MP215AAL3, STM32MP215AAM3, STM32MP215AAN3, STM32MP215AAO3, STM32MP215CAL3, STM32MP215CAM3, STM32MP215CAN3, STM32MP215CAO3, STM32MP215DAL3, STM32MP215DAM3, STM32MP215DAN3, STM32MP215DAO3, STM32MP215F-DK, STM32MP215FAL3, STM32MP215FAM3, STM32MP215FAN3, STM32MP215FAO3, STM32MP231AAJ3, STM32MP231AAK3, STM32MP231AAL3, STM32MP231CAJ3, STM32MP231CAK3, STM32MP231CAL3, STM32MP231DAJ3, STM32MP231DAK3, STM32MP231DAL3, STM32MP231FAJ3, STM32MP231FAK3, STM32MP231FAL3, STM32MP233AAJ3, STM32MP233AAK3, STM32MP233AAL3, STM32MP233CAJ3, STM32MP233CAK3, STM32MP233CAL3, STM32MP233DAJ3, STM32MP233DAK3, STM32MP233DAL3, STM32MP233FAJ3, STM32MP233FAK3, STM32MP233FAL3, STM32MP235AAJ3, STM32MP235AAK3, STM32MP235AAL3, STM32MP235CAJ3, STM32MP235CAK3, STM32MP235CAL3, STM32MP235DAJ3, STM32MP235DAK3, STM32MP235DAL3, STM32MP235FAJ3, STM32MP235FAK3, STM32MP235FAL3, STM32MP251AAI3, STM32MP251AAK3, STM32MP251AAL3, STM32MP251CAI3, STM32MP251CAK3, STM32MP251CAL3, STM32MP251DAI3, STM32MP251DAK3, STM32MP251DAL3, STM32MP251FAI3, STM32MP251FAK3, STM32MP251FAL3, STM32MP253AAI3, STM32MP253AAK3, STM32MP253AAL3, STM32MP253CAI3, STM32MP253CAK3, STM32MP253CAL3, STM32MP253DAI3, STM32MP253DAK3, STM32MP253DAL3, STM32MP253FAI3, STM32MP253FAK3, STM32MP253FAL3, STM32MP255AAI3, STM32MP255AAK3, STM32MP255AAL3, STM32MP255CAI3, STM32MP255CAK3, STM32MP255CAL3, STM32MP255DAI3, STM32MP255DAK3, STM32MP255DAL3, STM32MP255FAI3, STM32MP255FAK3, STM32MP255FAL3, STM32MP257AAI3, STM32MP257AAK3, STM32MP257AAL3, STM32MP257CAI3, STM32MP257CAK3, STM32MP257CAL3, STM32MP257DAI3, STM32MP257DAK3, STM32MP257DAL3, STM32MP257F-DK, STM32MP257F-EV1, STM32MP257FAI3, STM32MP257FAK3, STM32MP257FAL3, STM32N645A0H3Q, STM32N645B0H3Q, STM32N645I0H3Q, STM32N645L0H3Q, STM32N645X0H3Q, STM32N645Z0H3Q, STM32N647A0H3Q, STM32N647B0H3Q, STM32N647I0H3Q, STM32N647L0H3Q, STM32N647X0H3Q, STM32N647Z0H3Q, STM32N655A0H3Q, STM32N655B0H3Q, STM32N655I0H3Q, STM32N655L0H3Q, STM32N655X0H3Q, STM32N655Z0H3Q, STM32N6570-DK, STM32N657A0H3Q, STM32N657B0H3Q, STM32N657I0H3Q, STM32N657L0H3Q, STM32N657X0H3Q, STM32N657Z0H3Q, STM32U031C6T6, STM32U031C6U6, STM32U031C8T6, STM32U031C8U6, STM32U031F4P6, STM32U031F6P6, STM32U031F8P6, STM32U031G6Y6TR, STM32U031G8Y6TR, STM32U031K4U6, STM32U031K6U6, STM32U031K8U6, STM32U031R6I6, STM32U031R6T6, STM32U031R8I6, STM32U031R8T6, STM32U073C8T6, STM32U073C8U6, STM32U073CBT6, STM32U073CBU6, STM32U073CCT6, STM32U073CCU6, STM32U073H8Y6TR, STM32U073HBY6TR, STM32U073HCY6TR, STM32U073K8U6, STM32U073KBU6, STM32U073KCU6, STM32U073M8I6, STM32U073M8T6, STM32U073MBI6, STM32U073MBT6, STM32U073MCI6, STM32U073MCT6, STM32U073R8I6, STM32U073R8T6, STM32U073RBI6, STM32U073RBT6, STM32U073RCI6, STM32U073RCT6, STM32U083C-DK, STM32U083CCT6, STM32U083CCU6, STM32U083HCY6TR, STM32U083KCU6, STM32U083MCI6, STM32U083MCT6, STM32U083RCI6, STM32U083RCT6, STM32U375CET6, STM32U375CET6Q, STM32U375CEU6, STM32U375CEU6Q, STM32U375CEY6QTR, STM32U375CGT6, STM32U375CGT6Q, STM32U375CGU6, STM32U375CGU6Q, STM32U375CGY6QTR, STM32U375KEU6, STM32U375KGU6, STM32U375REI6, STM32U375REI6Q, STM32U375RET6, STM32U375RET6Q, STM32U375REY6GTR, STM32U375REY6QTR, STM32U375RGI6, STM32U375RGI6Q, STM32U375RGT6, STM32U375RGT6Q, STM32U375RGY6GTR, STM32U375RGY6QTR, STM32U375VEI6, STM32U375VEI6Q, STM32U375VET6, STM32U375VET6Q, STM32U375VGI6, STM32U375VGI6Q, STM32U375VGT6, STM32U375VGT6Q, STM32U385CGT6, STM32U385CGT6Q, STM32U385CGU6, STM32U385CGU6Q, STM32U385CGY6QTR, STM32U385KGU6, STM32U385RGI6, STM32U385RGI6Q, STM32U385RGT6, STM32U385RGT6Q, STM32U385RGY6GTR, STM32U385RGY6QTR, STM32U385VGI6, STM32U385VGI6Q, STM32U385VGT6, STM32U385VGT6Q, STM32U535CBT6, STM32U535CBT6Q, STM32U535CBU6, STM32U535CBU6Q, STM32U535CCT6, STM32U535CCT6Q, STM32U535CCU6, STM32U535CCU6Q, STM32U535CET6, STM32U535CET6Q, STM32U535CEU6, STM32U535CEU6Q, STM32U535JEY6QTR, STM32U535NCY6QTR, STM32U535NEY6QTR, STM32U535RBI6, STM32U535RBI6Q, STM32U535RBT6, STM32U535RBT6Q, STM32U535RCI6, STM32U535RCI6Q, STM32U535RCT6, STM32U535RCT6Q, STM32U535REI6, STM32U535REI6Q, STM32U535RET6, STM32U535RET6Q, STM32U535VCI6, STM32U535VCI6Q, STM32U535VCT6, STM32U535VCT6Q, STM32U535VEI6, STM32U535VEI6Q, STM32U535VET6, STM32U535VET6Q, STM32U545CET6, STM32U545CET6Q, STM32U545CEU6, STM32U545CEU6Q, STM32U545JEY6QTR, STM32U545NEY6QTR, STM32U545REI6, STM32U545REI6Q, STM32U545RET6, STM32U545RET6Q, STM32U545VEI6, STM32U545VEI6Q, STM32U545VET6, STM32U545VET6Q, STM32U595AIH6, STM32U595AIH6Q, STM32U595AJH6, STM32U595AJH6Q, STM32U595QII6, STM32U595QII6Q, STM32U595QJI6, STM32U595QJI6Q, STM32U595RIT6, STM32U595RIT6Q, STM32U595RJT6, STM32U595RJT6Q, STM32U595VIT6, STM32U595VIT6Q, STM32U595VJT6, STM32U595VJT6Q, STM32U595ZIT6, STM32U595ZIT6Q, STM32U595ZIY6QTR, STM32U595ZJT6, STM32U595ZJT6Q, STM32U595ZJY6QTR, STM32U599BJY6QTR, STM32U599NIH6Q, STM32U599NJH6Q, STM32U599VIT6Q, STM32U599VJT6, STM32U599VJT6Q, STM32U599ZIT6Q, STM32U599ZIY6QTR, STM32U599ZJT6Q, STM32U599ZJY6QTR, STM32U5A5AJH6, STM32U5A5AJH6Q, STM32U5A5QII3Q , STM32U5A5QJI6, STM32U5A5QJI6Q, STM32U5A5RJT6, STM32U5A5RJT6Q, STM32U5A5VJT6, STM32U5A5VJT6Q, STM32U5A5ZJT6, STM32U5A5ZJT6Q, STM32U5A5ZJY6QTR, STM32U5A9BJY6QTR, STM32U5A9J-DK, STM32U5A9NJH6Q, STM32U5A9VJT6Q, STM32U5A9ZJT6Q, STM32U5A9ZJY6QTR, STM32U5F7VIT6, STM32U5F7VIT6Q, STM32U5F7VJT6, STM32U5F7VJT6Q, STM32U5F9BJY6QTR, STM32U5F9NJH6Q, STM32U5F9VIT6Q, STM32U5F9VJT6Q, STM32U5F9ZIJ6QTR, STM32U5F9ZIT6Q, STM32U5F9ZJJ6QTR, STM32U5F9ZJT6Q, STM32U5G7VJT6, STM32U5G7VJT6Q, STM32U5G9BJY6QTR, STM32U5G9J-DK1, STM32U5G9J-DK2, STM32U5G9NJH6Q, STM32U5G9VJT6Q, STM32U5G9ZJJ6QTR, STM32U5G9ZJT6Q, STM32WB05KZV6TR, STM32WB05KZV7TR, STM32WB05TZF6TR, STM32WB05TZF7TR, STM32WB06CCF6TR, STM32WB06CCF7TR, STM32WB06CCV6TR, STM32WB06CCV7TR, STM32WB06KCV6TR, STM32WB06KCV7TR, STM32WB07CCF6TR, STM32WB07CCF7TR, STM32WB07CCV6TR, STM32WB07CCV7TR, STM32WB07KCV6TR, STM32WB07KCV7TR, STM32WB09KEV6TR, STM32WB09KEV7TR, STM32WB09TEF6TR, STM32WB09TEF7TR, STM32WB1MMCH6, STM32WBA50KGU6, STM32WBA50KGU6TR, STM32WBA52CEU6, STM32WBA52CEU6TR, STM32WBA52CEU7, STM32WBA52CEU7TR, STM32WBA52CGU6, STM32WBA52CGU6TR, STM32WBA52CGU6U, STM32WBA52CGU7, STM32WBA52CGU7TR, STM32WBA52KEU6, STM32WBA52KEU6TR, STM32WBA52KGU6, STM32WBA52KGU6TR, STM32WBA54CEU6, STM32WBA54CEU6TR, STM32WBA54CEU7, STM32WBA54CEU7TR, STM32WBA54CGU6, STM32WBA54CGU6TR, STM32WBA54CGU7, STM32WBA54CGU7TR, STM32WBA54KEU6, STM32WBA54KEU6TR, STM32WBA54KEU7, STM32WBA54KEU7TR, STM32WBA54KGU6, STM32WBA54KGU6TR, STM32WBA54KGU7, STM32WBA54KGU7TR, STM32WBA55CEU6, STM32WBA55CEU6TR, STM32WBA55CEU7, STM32WBA55CEU7TR, STM32WBA55CGU6, STM32WBA55CGU6TR, STM32WBA55CGU6U, STM32WBA55CGU7, STM32WBA55CGU7TR, STM32WBA55G-DK1, STM32WBA55HEF6, STM32WBA55HEF7, STM32WBA55HGF6, STM32WBA55HGF7, STM32WBA55UEI6, STM32WBA55UEI6TR, STM32WBA55UEI7, STM32WBA55UEI7TR, STM32WBA55UGI6, STM32WBA55UGI6TR, STM32WBA55UGI7, STM32WBA55UGI7TR, STM32WBA5MMGH6TR, STM32WBA62MGF6, STM32WBA62MIF6, STM32WBA65MGF7, STM32WBA65MIF6, STM32WBA65MIF7, STM32WL30K8V6, STM32WL30KBV6, STM32WL31C8V6, STM32WL31CBV6, STM32WL31K8V6, STM32WL31KBV6, STM32WL33C8V6, STM32WL33C8V6X, STM32WL33CBV6, STM32WL33CBV6X, STM32WL33CCV6, STM32WL33CCV6A, STM32WL33CCV6X, STM32WL33K8V7, STM32WL33K8V7X, STM32WL33KBV7 , STM32WL33KBV7X, STM32WL33KCV7, STM32WL33KCV7X, STM32WL5MOCH6, STM32WL5MOCH6TR]
2026-02-02 18:41:39,629 [INFO] DbMcus:218 - Found 4876 MCUs, 4876 are supported
2026-02-02 18:41:39,630 [INFO] ApiDb:423 - Load user favorites file /home/krushna/.stm32cubeide/favorites.mcus.txt: 0 item(s)
2026-02-02 18:41:39,630 [INFO] ApiDb:427 - User favorites MCUs=[]
2026-02-02 18:41:39,630 [INFO] DbMcus:224 - Set 0 / 0 favorites MCUs
2026-02-02 18:41:40,238 [INFO] BoardInfo:889 - No configuration file found for board P-NUCLEO-WB55
2026-02-02 18:41:40,238 [INFO] DbBoards:161 - Kit is not supported: P-NUCLEO-WB55
2026-02-02 18:41:40,243 [INFO] BoardInfo:889 - No configuration file found for board STEVAL-BFA001V1B
2026-02-02 18:41:40,243 [INFO] DbBoards:161 - Kit is not supported: STEVAL-BFA001V1B
2026-02-02 18:41:40,244 [INFO] BoardInfo:889 - No configuration file found for board STEVAL-BFA001V2B
2026-02-02 18:41:40,244 [INFO] DbBoards:161 - Kit is not supported: STEVAL-BFA001V2B
2026-02-02 18:41:40,380 [INFO] DbBoards:168 - Found 212 boards, 209 are supported
2026-02-02 18:41:40,381 [INFO] DbBoards:169 - Found 212 boards, 43 of them is supported for  Bsp
2026-02-02 18:41:40,385 [INFO] ApiDb:423 - Load user favorites file /home/krushna/.stm32cubeide/favorites.boards.txt: 2 item(s)
2026-02-02 18:41:40,385 [INFO] ApiDb:427 - User favorites Boards=[NUCLEO-F446RE, STM32F407G-DISC1]
2026-02-02 18:41:40,385 [INFO] DbBoards:198 - Set 2 / 2 favorites Boards
2026-02-02 18:41:40,430 [INFO] UtilMem:75 - End LoadConfig() Used Memory: 441690016 Bytes (799014912)
2026-02-02 18:41:40,542 [WARN] ThirdParty:833 - waiting for thirdparty lock release [change project]
2026-02-02 18:41:40,543 [INFO] ThirdParty:835 - entering critical section [change project]
2026-02-02 18:41:40,543 [INFO] ThirdParty:1030 - CMSIS Pack Vendor :STMicroelectronics X-CUBE-PM33A1 1.0.0
2026-02-02 18:41:40,543 [INFO] ThirdParty:1030 - CMSIS Pack Vendor :STMicroelectronics USBPD 4.1
2026-02-02 18:41:40,543 [INFO] ThirdParty:1030 - CMSIS Pack Vendor :STMicroelectronics X-CUBE-NFC9 1.0.0
2026-02-02 18:41:40,543 [INFO] ThirdParty:1030 - CMSIS Pack Vendor :STMicroelectronics USB_HOST 2.0.0
2026-02-02 18:41:40,543 [INFO] ThirdParty:1030 - CMSIS Pack Vendor :STMicroelectronics FP-SNS-MOTENVWB1 1.4.0
2026-02-02 18:41:40,543 [INFO] ThirdParty:1030 - CMSIS Pack Vendor :STMicroelectronics X-CUBE-AZRTOS-F4 1.1.0
2026-02-02 18:41:40,543 [INFO] ThirdParty:1030 - CMSIS Pack Vendor :STMicroelectronics LIBJPEG 8.0.0
2026-02-02 18:41:40,543 [INFO] ThirdParty:1030 - CMSIS Pack Vendor :STMicroelectronics FP-ATR-ASTRA1 2.0.2
2026-02-02 18:41:40,543 [INFO] ThirdParty:1030 - CMSIS Pack Vendor :STMicroelectronics X-CUBE-BLE1 7.1.0
2026-02-02 18:41:40,543 [INFO] ThirdParty:1030 - CMSIS Pack Vendor :Avnet-IotConnect X-CUBE-IoTC-DA16k-PMOD 1.0.0
2026-02-02 18:41:40,543 [INFO] ThirdParty:1030 - CMSIS Pack Vendor :STMicroelectronics X-CUBE-SMBUS 2.1.0
2026-02-02 18:41:40,544 [INFO] ThirdParty:1030 - CMSIS Pack Vendor :wolfSSL I-CUBE-wolfMQTT 1.19.2
2026-02-02 18:41:40,544 [INFO] ThirdParty:1030 - CMSIS Pack Vendor :STMicroelectronics USB_DEVICE 3.0.0
2026-02-02 18:41:40,544 [INFO] ThirdParty:1030 - CMSIS Pack Vendor :STMicroelectronics X-CUBE-ISPU 2.1.0
2026-02-02 18:41:40,544 [INFO] ThirdParty:1030 - CMSIS Pack Vendor :STMicroelectronics X-CUBE-FREERTOS 1.4.0
2026-02-02 18:41:40,544 [INFO] ThirdParty:1030 - CMSIS Pack Vendor :STMicroelectronics X-CUBE-IPS 3.2.0
2026-02-02 18:41:40,544 [INFO] ThirdParty:1030 - CMSIS Pack Vendor :STMicroelectronics X-CUBE-AZRTOS-WB 2.0.0
2026-02-02 18:41:40,544 [INFO] ThirdParty:1030 - CMSIS Pack Vendor :STMicroelectronics X-CUBE-ST60 1.0.0
2026-02-02 18:41:40,544 [INFO] ThirdParty:1030 - CMSIS Pack Vendor :STMicroelectronics X-CUBE-GNSS1 7.0.1
2026-02-02 18:41:40,544 [INFO] ThirdParty:1030 - CMSIS Pack Vendor :STMicroelectronics X-CUBE-AZRTOS-F7 1.1.0
2026-02-02 18:41:40,544 [INFO] ThirdParty:1030 - CMSIS Pack Vendor :STMicroelectronics X-CUBE-AZRTOS-L5 2.0.0
2026-02-02 18:41:40,544 [INFO] ThirdParty:1030 - CMSIS Pack Vendor :STMicroelectronics X-CUBE-TOUCHGFX 4.25.0
2026-02-02 18:41:40,544 [INFO] ThirdParty:1030 - CMSIS Pack Vendor :STMicroelectronics USB_DEVICE 2.0.0
2026-02-02 18:41:40,544 [INFO] ThirdParty:1030 - CMSIS Pack Vendor :STMicroelectronics X-CUBE-NFC6 3.1.0
2026-02-02 18:41:40,544 [INFO] ThirdParty:1030 - CMSIS Pack Vendor :STMicroelectronics X-CUBE-ST67W61 1.1.0
2026-02-02 18:41:40,544 [INFO] ThirdParty:1030 - CMSIS Pack Vendor :Cesanta I-CUBE-Mongoose 7.19.0
2026-02-02 18:41:40,544 [INFO] ThirdParty:1030 - CMSIS Pack Vendor :quantropi X-CUBE-qispace-sdk-base 2.1.0
2026-02-02 18:41:40,544 [INFO] ThirdParty:1030 - CMSIS Pack Vendor :STMicroelectronics X-CUBE-MEMS1 12.0.0
2026-02-02 18:41:40,544 [INFO] ThirdParty:1030 - CMSIS Pack Vendor :STMicroelectronics X-CUBE-STSE01 2.0.0
2026-02-02 18:41:40,544 [INFO] ThirdParty:1030 - CMSIS Pack Vendor :STMicroelectronics FP-SNS-MOTENV1 5.1.0
2026-02-02 18:41:40,544 [INFO] ThirdParty:1030 - CMSIS Pack Vendor :STMicroelectronics FreeRTOS 0.0.1
2026-02-02 18:41:40,545 [INFO] ThirdParty:1030 - CMSIS Pack Vendor :STMicroelectronics X-CUBE-AZRTOS-G0 1.1.0
2026-02-02 18:41:40,545 [INFO] ThirdParty:1030 - CMSIS Pack Vendor :STMicroelectronics X-CUBE-SAFEA1 1.2.2
2026-02-02 18:41:40,545 [INFO] ThirdParty:1030 - CMSIS Pack Vendor :STMicroelectronics X-CUBE-NFC4 3.0.0
2026-02-02 18:41:40,545 [INFO] ThirdParty:1030 - CMSIS Pack Vendor :STMicroelectronics X-CUBE-SUBG2 5.0.0
2026-02-02 18:41:40,545 [INFO] ThirdParty:1030 - CMSIS Pack Vendor :STMicroelectronics X-CUBE-AZRTOS-H7RS 1.1.0
2026-02-02 18:41:40,545 [INFO] ThirdParty:1030 - CMSIS Pack Vendor :STMicroelectronics STM32_WPAN 1.0.0
2026-02-02 18:41:40,545 [INFO] ThirdParty:1030 - CMSIS Pack Vendor :EmbeddedOffice I-CUBE-FS-RTOS 1.0.1
2026-02-02 18:41:40,545 [INFO] ThirdParty:1030 - CMSIS Pack Vendor :STMicroelectronics lwIP 2.0.3
2026-02-02 18:41:40,545 [INFO] ThirdParty:1030 - CMSIS Pack Vendor :WES I-CUBE-Cesium 1.4.0
2026-02-02 18:41:40,545 [INFO] ThirdParty:1030 - CMSIS Pack Vendor :STMicroelectronics USB_HOST 1.0.0
2026-02-02 18:41:40,545 [INFO] ThirdParty:1030 - CMSIS Pack Vendor :Infineon AIROC-Wi-Fi-Bluetooth-STM32 1.7.1
2026-02-02 18:41:40,545 [INFO] ThirdParty:1030 - CMSIS Pack Vendor :STMicroelectronics X-CUBE-AZRTOS-G4 2.0.0
2026-02-02 18:41:40,545 [INFO] ThirdParty:1030 - CMSIS Pack Vendor :STMicroelectronics X-CUBE-WB05N 2.0.0
2026-02-02 18:41:40,545 [INFO] ThirdParty:1030 - CMSIS Pack Vendor :STMicroelectronics PDM2PCM 3.1.0
2026-02-02 18:41:40,545 [INFO] ThirdParty:1030 - CMSIS Pack Vendor :STMicroelectronics PDM2PCM 3.3.0
2026-02-02 18:41:40,545 [INFO] ThirdParty:1030 - CMSIS Pack Vendor :wolfSSL I-CUBE-wolfTPM 3.8.0
2026-02-02 18:41:40,545 [INFO] ThirdParty:1030 - CMSIS Pack Vendor :STMicroelectronics X-CUBE-DISPLAY 3.0.0
2026-02-02 18:41:40,545 [INFO] ThirdParty:1030 - CMSIS Pack Vendor :wolfSSL I-CUBE-wolfSSH 1.4.20
2026-02-02 18:41:40,545 [INFO] ThirdParty:1030 - CMSIS Pack Vendor :STMicroelectronics X-CUBE-NFC7 2.0.0
2026-02-02 18:41:40,545 [INFO] ThirdParty:1030 - CMSIS Pack Vendor :STMicroelectronics X-CUBE-TCPP 4.2.0
2026-02-02 18:41:40,545 [INFO] ThirdParty:1030 - CMSIS Pack Vendor :RealThread X-CUBE-RT-Thread_Nano 4.1.1
2026-02-02 18:41:40,545 [INFO] ThirdParty:1030 - CMSIS Pack Vendor :STMicroelectronics FP-ATR-SIGFOX1 3.2.0
2026-02-02 18:41:40,545 [INFO] ThirdParty:1030 - CMSIS Pack Vendor :STMicroelectronics X-CUBE-NFC10 1.0.0
2026-02-02 18:41:40,545 [INFO] ThirdParty:1030 - CMSIS Pack Vendor :STMicroelectronics X-CUBE-FREERTOS 1.3.1
2026-02-02 18:41:40,545 [INFO] ThirdParty:1030 - CMSIS Pack Vendor :STMicroelectronics HAL Drivers 0.0.0
2026-02-02 18:41:40,545 [INFO] ThirdParty:1030 - CMSIS Pack Vendor :STMicroelectronics MBEDTLS 2.16.2
2026-02-02 18:41:40,546 [INFO] ThirdParty:1030 - CMSIS Pack Vendor :STMicroelectronics X-CUBE-ST60 1.1.0
2026-02-02 18:41:40,546 [INFO] ThirdParty:1030 - CMSIS Pack Vendor :STMicroelectronics X-CUBE-IPS 3.1.0
2026-02-02 18:41:40,546 [INFO] ThirdParty:1030 - CMSIS Pack Vendor :STMicroelectronics X-CUBE-ALS 1.0.2
2026-02-02 18:41:40,546 [INFO] ThirdParty:1030 - CMSIS Pack Vendor :emotas I-CUBE-CANOPEN 1.3.0
2026-02-02 18:41:40,546 [INFO] ThirdParty:1030 - CMSIS Pack Vendor :STMicroelectronics MBEDTLS 2.14.1
2026-02-02 18:41:40,546 [INFO] ThirdParty:1030 - CMSIS Pack Vendor :STMicroelectronics X-CUBE-GNSS1 7.1.0
2026-02-02 18:41:40,546 [INFO] ThirdParty:1030 - CMSIS Pack Vendor :ITTIA_DB I-CUBE-ITTIADB 8.9.0
2026-02-02 18:41:40,546 [INFO] ThirdParty:1030 - CMSIS Pack Vendor :STMicroelectronics X-CUBE-TOUCHGFX 4.26.0
2026-02-02 18:41:40,546 [INFO] ThirdParty:1030 - CMSIS Pack Vendor :STMicroelectronics X-CUBE-STSE01 1.0.0
2026-02-02 18:41:40,546 [INFO] ThirdParty:1030 - CMSIS Pack Vendor :STMicroelectronics X-CUBE-NFC6 3.2.0
2026-02-02 18:41:40,546 [INFO] ThirdParty:1030 - CMSIS Pack Vendor :STMicroelectronics X-CUBE-ST67W61 1.0.0
2026-02-02 18:41:40,546 [INFO] ThirdParty:1030 - CMSIS Pack Vendor :STMicroelectronics ThreadX 1.0.0
2026-02-02 18:41:40,546 [INFO] ThirdParty:1030 - CMSIS Pack Vendor :STMicroelectronics FP-SNS-SMARTAG2 1.2.0
2026-02-02 18:41:40,546 [INFO] ThirdParty:1030 - CMSIS Pack Vendor :STMicroelectronics FP-SNS-FLIGHT1 5.1.0
2026-02-02 18:41:40,546 [INFO] ThirdParty:1030 - CMSIS Pack Vendor :STMicroelectronics X-CUBE-AZRTOS-WL 2.0.0
2026-02-02 18:41:40,546 [INFO] ThirdParty:1030 - CMSIS Pack Vendor :SEGGER I-CUBE-embOS 1.3.1
2026-02-02 18:41:40,546 [INFO] ThirdParty:1030 - CMSIS Pack Vendor :STMicroelectronics X-CUBE-ALGOBUILD 1.4.0
2026-02-02 18:41:40,546 [INFO] ThirdParty:1030 - CMSIS Pack Vendor :STMicroelectronics X-CUBE-DPower 1.3.0
2026-02-02 18:41:40,546 [INFO] ThirdParty:1030 - CMSIS Pack Vendor :STMicroelectronics X-CUBE-MEMS1 11.3.0
2026-02-02 18:41:40,546 [INFO] ThirdParty:1030 - CMSIS Pack Vendor :STMicroelectronics FP-SNS-MOTENV1 5.0.0
2026-02-02 18:41:40,546 [INFO] ThirdParty:1030 - CMSIS Pack Vendor :STMicroelectronics USB_DEVICE 1.0.0
2026-02-02 18:41:40,546 [INFO] ThirdParty:1030 - CMSIS Pack Vendor :STMicroelectronics X-CUBE-AZRTOS-H7RS 1.2.0
2026-02-02 18:41:40,546 [INFO] ThirdParty:1030 - CMSIS Pack Vendor :STMicroelectronics X-CUBE-AZRTOS-L4 2.0.0
2026-02-02 18:41:40,546 [INFO] ThirdParty:1030 - CMSIS Pack Vendor :STMicroelectronics ThreadX 0.0.2
2026-02-02 18:41:40,546 [INFO] ThirdParty:1030 - CMSIS Pack Vendor :STMicroelectronics lwIP 2.1.2
2026-02-02 18:41:40,546 [INFO] ThirdParty:1030 - CMSIS Pack Vendor :STMicroelectronics X-CUBE-SFXS2LP1 4.0.0
2026-02-02 18:41:40,546 [INFO] ThirdParty:1030 - CMSIS Pack Vendor :STMicroelectronics X-CUBE-BLE2 3.3.0
2026-02-02 18:41:40,546 [INFO] ThirdParty:1030 - CMSIS Pack Vendor :Avnet-IOTCONNECT X-CUBE-iotc-st67-sdk 1.0.0
2026-02-02 18:41:40,546 [INFO] ThirdParty:1030 - CMSIS Pack Vendor :STMicroelectronics X-CUBE-TOF1 3.4.3
2026-02-02 18:41:40,546 [INFO] ThirdParty:1030 - CMSIS Pack Vendor :STMicroelectronics PDM2PCM 3.2.0
2026-02-02 18:41:40,546 [INFO] ThirdParty:1030 - CMSIS Pack Vendor :STMicroelectronics X-CUBE-ST67W61 1.2.0
2026-02-02 18:41:40,547 [INFO] ThirdParty:841 - exiting critical section [change project]
2026-02-02 18:41:41,148 [INFO] PinOutPanel:1589 - setPackage(No Configuration,No Configuration)
2026-02-02 18:41:41,149 [INFO] PinOutPanel:1589 - setPackage(STM32F407VGTx,LQFP100)
2026-02-02 18:41:41,729 [INFO] UtilMem:75 - Before build in PCC Used Memory: 493355008 Bytes (799014912)
2026-02-02 18:41:42,345 [INFO] UtilMem:75 - After build in PCC Used Memory: 610608592 Bytes (838860800)
2026-02-02 18:41:42,388 [INFO] IPUIPlugin:80 - create IPUIPlugin
2026-02-02 18:41:42,388 [INFO] IPUIPlugin:80 - create IPUIPlugin
2026-02-02 18:41:42,388 [INFO] IPUIPlugin:80 - create IPUIPlugin
2026-02-02 18:41:42,388 [INFO] IPUIPlugin:80 - create IPUIPlugin
2026-02-02 18:41:42,389 [INFO] IPUIPlugin:80 - create IPUIPlugin
2026-02-02 18:41:42,389 [INFO] IPUIPlugin:80 - create IPUIPlugin
2026-02-02 18:41:42,389 [INFO] IPUIPlugin:80 - create IPUIPlugin
2026-02-02 18:41:42,389 [INFO] IPUIPlugin:80 - create IPUIPlugin
2026-02-02 18:41:42,390 [INFO] IPUIPlugin:80 - create IPUIPlugin
2026-02-02 18:41:42,390 [INFO] IPUIPlugin:80 - create IPUIPlugin
2026-02-02 18:41:42,390 [INFO] IPUIPlugin:80 - create IPUIPlugin
2026-02-02 18:41:42,390 [INFO] IPUIPlugin:80 - create IPUIPlugin
2026-02-02 18:41:42,390 [INFO] IPUIPlugin:80 - create IPUIPlugin
2026-02-02 18:41:42,390 [INFO] IPUIPlugin:80 - create IPUIPlugin
2026-02-02 18:41:42,391 [INFO] IPUIPlugin:80 - create IPUIPlugin
2026-02-02 18:41:42,391 [INFO] IPUIPlugin:80 - create IPUIPlugin
2026-02-02 18:41:42,391 [INFO] IPUIPlugin:80 - create IPUIPlugin
2026-02-02 18:41:42,391 [INFO] IPUIPlugin:80 - create IPUIPlugin
2026-02-02 18:41:42,391 [INFO] IPUIPlugin:80 - create IPUIPlugin
2026-02-02 18:41:42,392 [INFO] IPUIPlugin:80 - create IPUIPlugin
2026-02-02 18:41:42,392 [INFO] IPUIPlugin:80 - create IPUIPlugin
2026-02-02 18:41:42,392 [INFO] IPUIPlugin:80 - create IPUIPlugin
2026-02-02 18:41:42,392 [INFO] IPUIPlugin:80 - create IPUIPlugin
2026-02-02 18:41:42,393 [INFO] IPUIPlugin:80 - create IPUIPlugin
2026-02-02 18:41:42,393 [INFO] IPUIPlugin:80 - create IPUIPlugin
2026-02-02 18:41:42,393 [INFO] IPUIPlugin:80 - create IPUIPlugin
2026-02-02 18:41:42,394 [INFO] IPUIPlugin:80 - create IPUIPlugin
2026-02-02 18:41:42,394 [INFO] IPUIPlugin:80 - create IPUIPlugin
2026-02-02 18:41:42,394 [INFO] IPUIPlugin:80 - create IPUIPlugin
2026-02-02 18:41:42,395 [INFO] IPUIPlugin:80 - create IPUIPlugin
2026-02-02 18:41:42,395 [INFO] IPUIPlugin:80 - create IPUIPlugin
2026-02-02 18:41:42,395 [INFO] IPUIPlugin:80 - create IPUIPlugin
2026-02-02 18:41:42,396 [INFO] IPUIPlugin:80 - create IPUIPlugin
2026-02-02 18:41:42,396 [INFO] IPUIPlugin:80 - create IPUIPlugin
2026-02-02 18:41:42,396 [INFO] IPUIPlugin:80 - create IPUIPlugin
2026-02-02 18:41:42,396 [INFO] IPUIPlugin:80 - create IPUIPlugin
2026-02-02 18:41:42,397 [INFO] IPUIPlugin:80 - create IPUIPlugin
2026-02-02 18:41:42,397 [INFO] IPUIPlugin:80 - create IPUIPlugin
2026-02-02 18:41:42,397 [INFO] IPUIPlugin:80 - create IPUIPlugin
2026-02-02 18:41:42,397 [INFO] IPUIPlugin:80 - create IPUIPlugin
2026-02-02 18:41:42,398 [INFO] IPUIPlugin:80 - create IPUIPlugin
2026-02-02 18:41:42,398 [INFO] IPUIPlugin:80 - create IPUIPlugin
2026-02-02 18:41:42,398 [INFO] IPUIPlugin:80 - create IPUIPlugin
2026-02-02 18:41:42,398 [INFO] IPUIPlugin:80 - create IPUIPlugin
2026-02-02 18:41:42,398 [INFO] IPUIPlugin:80 - create IPUIPlugin
2026-02-02 18:41:42,399 [INFO] IPUIPlugin:80 - create IPUIPlugin
2026-02-02 18:41:42,399 [INFO] IPUIPlugin:80 - create IPUIPlugin
2026-02-02 18:41:42,399 [INFO] IPUIPlugin:80 - create IPUIPlugin
2026-02-02 18:41:42,399 [INFO] IPUIPlugin:80 - create IPUIPlugin
2026-02-02 18:41:42,400 [INFO] IPUIPlugin:80 - create IPUIPlugin
2026-02-02 18:41:42,400 [INFO] IPUIPlugin:80 - create IPUIPlugin
2026-02-02 18:41:42,400 [INFO] IPUIPlugin:80 - create IPUIPlugin
2026-02-02 18:41:42,400 [INFO] IPUIPlugin:80 - create IPUIPlugin
2026-02-02 18:41:42,401 [INFO] IPUIPlugin:80 - create IPUIPlugin
2026-02-02 18:41:42,401 [INFO] IPUIPlugin:80 - create IPUIPlugin
2026-02-02 18:41:42,402 [INFO] IPUIPlugin:80 - create IPUIPlugin
2026-02-02 18:41:42,402 [INFO] IPUIPlugin:80 - create IPUIPlugin
2026-02-02 18:41:42,403 [INFO] IPUIPlugin:80 - create IPUIPlugin
2026-02-02 18:41:42,432 [INFO] ApiDbMcu:532 - Load IP Config File for PDM2PCM
2026-02-02 18:41:42,440 [INFO] Can:71 - Can Add PropertyChangeListener com.st.microxplorer.plugins.ip.can.Can@5404149b
2026-02-02 18:41:42,664 [INFO] CADModel:165 - CPN selected for project levelSTM32F407VGT6
2026-02-02 18:41:42,664 [INFO] CADModel:114 - Register for checkConnection events
2026-02-02 18:41:42,704 [INFO] OpenFileManager:386 - Restore cursor
2026-02-02 18:42:05,978 [INFO] ADCParametersView:116 -                Rank 1 : false
2026-02-02 18:42:06,089 [INFO] ADCParametersView:116 -                Rank 1 : false
2026-02-02 18:42:06,089 [INFO] ADCParametersView:116 -                Rank 1 : false
2026-02-02 18:42:06,090 [INFO] ADCParametersView:116 -                Rank 1 : false
2026-02-02 18:42:06,090 [INFO] ADCParametersView:116 -                Rank 1 : false
2026-02-02 18:42:06,090 [INFO] ADCParametersView:116 -                Rank 1 : false
2026-02-02 18:42:06,090 [INFO] ADCParametersView:116 -                Rank 1 : false
2026-02-02 18:42:06,091 [INFO] ADCParametersView:116 -                Rank 1 : false
2026-02-02 18:42:06,091 [INFO] ADCParametersView:116 -                Rank 1 : false
2026-02-02 18:42:06,091 [INFO] ADCParametersView:116 -                Rank 1 : false
2026-02-02 18:42:06,091 [INFO] ADCParametersView:116 -                Rank 1 : false
2026-02-02 18:42:06,091 [INFO] ADCParametersView:116 -                Rank 1 : false
2026-02-02 18:42:06,091 [INFO] ADCParametersView:116 -                Rank 1 : false
2026-02-02 18:42:06,092 [INFO] ADCParametersView:116 -                Rank 1 : false
2026-02-02 18:42:06,092 [INFO] ADCParametersView:116 -                Rank 1 : false
2026-02-02 18:42:06,117 [INFO] ADCParametersView:116 -                Rank 1 : false
2026-02-02 18:45:23,517 [INFO] NvicIntPanel:101 - NVIC parent = com.st.microxplorer.plugins.ip.nvic.MultiNvicIntPanel[,0,0,450x258,layout=javax.swing.BoxLayout,alignmentX=0.0,alignmentY=0.0,border=,flags=9,maximumSize=,minimumSize=,preferredSize=]
2026-02-02 21:17:27,258 [INFO] WebApp:194 - Connection lost
2026-02-02 21:17:35,237 [INFO] WebApp:191 - Connection restablished
2026-02-02 23:41:35,820 [INFO] ADCParametersView:116 -                Rank 1 : false
2026-02-02 23:41:35,829 [INFO] ADCParametersView:116 -                Rank 1 : false
2026-02-02 23:41:35,830 [INFO] ADCParametersView:116 -                Rank 1 : false
2026-02-02 23:41:35,830 [INFO] ADCParametersView:116 -                Rank 1 : false
2026-02-02 23:41:35,830 [INFO] ADCParametersView:116 -                Rank 1 : false
2026-02-02 23:41:35,831 [INFO] ADCParametersView:116 -                Rank 1 : false
2026-02-02 23:41:35,831 [INFO] ADCParametersView:116 -                Rank 1 : false
2026-02-02 23:41:35,832 [INFO] ADCParametersView:116 -                Rank 1 : false
2026-02-02 23:41:35,832 [INFO] ADCParametersView:116 -                Rank 1 : false
2026-02-02 23:41:35,832 [INFO] ADCParametersView:116 -                Rank 1 : false
2026-02-02 23:41:35,832 [INFO] ADCParametersView:116 -                Rank 1 : false
2026-02-02 23:41:35,833 [INFO] ADCParametersView:116 -                Rank 1 : false
2026-02-02 23:41:35,833 [INFO] ADCParametersView:116 -                Rank 1 : false
2026-02-02 23:41:35,833 [INFO] ADCParametersView:116 -                Rank 1 : false
2026-02-02 23:41:35,905 [INFO] ADCParametersView:116 -                Rank 1 : false
2026-02-02 23:41:35,982 [INFO] ADCParametersView:116 -                Rank 1 : false
2026-02-02 23:41:35,983 [INFO] ADCParametersView:116 -                Rank 1 : false
2026-02-02 23:41:35,983 [INFO] ADCParametersView:116 -                Rank 1 : false
2026-02-02 23:41:35,983 [INFO] ADCParametersView:116 -                Rank 1 : false
2026-02-02 23:41:35,983 [INFO] ADCParametersView:116 -                Rank 1 : false
2026-02-02 23:41:35,984 [INFO] ADCParametersView:116 -                Rank 1 : false
2026-02-02 23:41:35,984 [INFO] ADCParametersView:116 -                Rank 1 : false
2026-02-02 23:41:35,984 [INFO] ADCParametersView:116 -                Rank 1 : false
2026-02-02 23:41:35,984 [INFO] ADCParametersView:116 -                Rank 1 : false
2026-02-02 23:41:35,984 [INFO] ADCParametersView:116 -                Rank 1 : false
2026-02-02 23:41:35,985 [INFO] ADCParametersView:116 -                Rank 1 : false
2026-02-02 23:41:35,985 [INFO] ADCParametersView:116 -                Rank 1 : false
2026-02-02 23:41:35,985 [INFO] ADCParametersView:116 -                Rank 1 : false
2026-02-02 23:41:35,985 [INFO] ADCParametersView:116 -                Rank 1 : false
2026-02-02 23:41:36,025 [INFO] ADCParametersView:116 -                Rank 1 : false
2026-02-02 23:42:02,911 [INFO] ADCParametersView:116 -                Rank 1 : false
2026-02-02 23:42:02,912 [INFO] ADCParametersView:116 -                Rank 1 : false
2026-02-02 23:42:02,912 [INFO] ADCParametersView:116 -                Rank 1 : false
2026-02-02 23:42:02,912 [INFO] ADCParametersView:116 -                Rank 1 : false
2026-02-02 23:42:02,912 [INFO] ADCParametersView:116 -                Rank 1 : false
2026-02-02 23:42:02,912 [INFO] ADCParametersView:116 -                Rank 1 : false
2026-02-02 23:42:02,912 [INFO] ADCParametersView:116 -                Rank 1 : false
2026-02-02 23:42:02,913 [INFO] ADCParametersView:116 -                Rank 1 : false
2026-02-02 23:42:02,913 [INFO] ADCParametersView:116 -                Rank 1 : false
2026-02-02 23:42:02,913 [INFO] ADCParametersView:116 -                Rank 1 : false
2026-02-02 23:42:02,913 [INFO] ADCParametersView:116 -                Rank 1 : false
2026-02-02 23:42:02,913 [INFO] ADCParametersView:116 -                Rank 1 : false
2026-02-02 23:42:02,913 [INFO] ADCParametersView:116 -                Rank 1 : false
2026-02-02 23:42:02,913 [INFO] ADCParametersView:116 -                Rank 1 : false
2026-02-02 23:42:02,938 [INFO] ADCParametersView:116 -                Rank 1 : false
2026-02-02 23:44:55,030 [INFO] NvicIntPanel:101 - NVIC parent = com.st.microxplorer.plugins.ip.nvic.MultiNvicIntPanel[,0,0,450x258,layout=javax.swing.BoxLayout,alignmentX=0.0,alignmentY=0.0,border=,flags=9,maximumSize=,minimumSize=,preferredSize=]
2026-02-02 23:45:20,286 [INFO] NvicIntPanel:101 - NVIC parent = com.st.microxplorer.plugins.ip.nvic.MultiNvicIntPanel[,0,0,0x0,invalid,layout=javax.swing.BoxLayout,alignmentX=0.0,alignmentY=0.0,border=,flags=9,maximumSize=,minimumSize=,preferredSize=]
2026-02-02 23:45:26,728 [INFO] UtilMem:75 - End SaveConfig() Used Memory: 247057320 Bytes (639631360)
2026-02-02 23:48:00,618 [INFO] NvicIntPanel:101 - NVIC parent = com.st.microxplorer.plugins.ip.nvic.MultiNvicIntPanel[,0,0,0x0,invalid,layout=javax.swing.BoxLayout,alignmentX=0.0,alignmentY=0.0,border=,flags=9,maximumSize=,minimumSize=,preferredSize=]
2026-02-02 23:48:01,570 [INFO] NvicIntPanel:101 - NVIC parent = com.st.microxplorer.plugins.ip.nvic.MultiNvicIntPanel[,0,0,0x0,invalid,layout=javax.swing.BoxLayout,alignmentX=0.0,alignmentY=0.0,border=,flags=9,maximumSize=,minimumSize=,preferredSize=]
2026-02-02 23:50:11,609 [INFO] UtilMem:75 - End SaveConfig() Used Memory: 554521712 Bytes (639631360)
2026-02-02 23:50:14,632 [INFO] UtilMem:75 - End SaveConfig() Used Memory: 205615280 Bytes (639631360)
2026-02-02 23:50:19,578 [INFO] UtilMem:75 - End SaveConfig() Used Memory: 243364016 Bytes (639631360)
2026-02-02 23:50:20,018 [INFO] BlockDiagram:2775 - set Specific Code input for plugin: TIM1_8
2026-02-02 23:50:20,019 [INFO] BlockDiagram:2775 - set Specific Code input for plugin: CAN
2026-02-02 23:50:20,019 [INFO] BlockDiagram:2775 - set Specific Code input for plugin: ADC
2026-02-02 23:50:20,019 [INFO] BlockDiagram:2775 - set Specific Code input for plugin: SYS
2026-02-02 23:50:20,019 [INFO] BlockDiagram:2775 - set Specific Code input for plugin: RCC
2026-02-02 23:50:20,019 [INFO] BlockDiagram:2775 - set Specific Code input for plugin: NVIC
2026-02-02 23:50:20,019 [INFO] BlockDiagram:2775 - set Specific Code input for plugin: USART
2026-02-02 23:50:20,019 [INFO] BlockDiagram:2775 - set Specific Code input for plugin: DMA
2026-02-02 23:50:20,020 [INFO] BlockDiagram:2775 - set Specific Code input for plugin: GPIO
2026-02-02 23:50:20,022 [INFO] CodeGenerator:892 - code generatio: config db path: /home/krushna/.stm32cubemx/databases/DB.6.0.130/db/
2026-02-02 23:50:20,164 [INFO] CodeEngine:265 - oldGeneratedFile, /home/krushna/CDAC_Project/HAL_CAN_TX/MXTmpFiles/license.tmp_save
2026-02-02 23:50:20,617 [INFO] CodeEngine:289 - Generated code: /home/krushna/CDAC_Project/HAL_CAN_TX/MXTmpFiles/license.tmp
2026-02-02 23:50:20,716 [INFO] CodeEngine:265 - oldGeneratedFile, /home/krushna/CDAC_Project/HAL_CAN_TX/MXTmpFiles/gpio.tmp_save
2026-02-02 23:50:20,845 [INFO] CodeEngine:289 - Generated code: /home/krushna/CDAC_Project/HAL_CAN_TX/MXTmpFiles/gpio.tmp
2026-02-02 23:50:21,119 [INFO] CodeEngine:265 - oldGeneratedFile, /home/krushna/CDAC_Project/HAL_CAN_TX/MXTmpFiles/dma.tmp_save
2026-02-02 23:50:21,193 [INFO] CodeEngine:289 - Generated code: /home/krushna/CDAC_Project/HAL_CAN_TX/MXTmpFiles/dma.tmp
2026-02-02 23:50:21,194 [INFO] CodeEngine:265 - oldGeneratedFile, /home/krushna/CDAC_Project/HAL_CAN_TX/MXTmpFiles/dma_GV.tmp_save
2026-02-02 23:50:21,259 [INFO] CodeEngine:289 - Generated code: /home/krushna/CDAC_Project/HAL_CAN_TX/MXTmpFiles/dma_GV.tmp
2026-02-02 23:50:21,269 [INFO] CodeEngine:265 - oldGeneratedFile, /home/krushna/CDAC_Project/HAL_CAN_TX/Core/Src/stm32f4xx_it.c_save
2026-02-02 23:50:21,392 [INFO] CodeEngine:289 - Generated code: /home/krushna/CDAC_Project/HAL_CAN_TX/Core/Src/stm32f4xx_it.c
2026-02-02 23:50:21,394 [INFO] CodeEngine:265 - oldGeneratedFile, /home/krushna/CDAC_Project/HAL_CAN_TX/Core/Inc/stm32f4xx_it.h_save
2026-02-02 23:50:21,462 [INFO] CodeEngine:289 - Generated code: /home/krushna/CDAC_Project/HAL_CAN_TX/Core/Inc/stm32f4xx_it.h
2026-02-02 23:50:21,476 [INFO] CodeEngine:265 - oldGeneratedFile, /home/krushna/CDAC_Project/HAL_CAN_TX/Core/Src/stm32f4xx_hal_msp.c_save
2026-02-02 23:50:21,642 [INFO] CodeEngine:289 - Generated code: /home/krushna/CDAC_Project/HAL_CAN_TX/Core/Src/stm32f4xx_hal_msp.c
2026-02-02 23:50:21,645 [INFO] CodeEngine:265 - oldGeneratedFile, /home/krushna/CDAC_Project/HAL_CAN_TX/MXTmpFiles/system.tmp_save
2026-02-02 23:50:21,735 [INFO] CodeEngine:289 - Generated code: /home/krushna/CDAC_Project/HAL_CAN_TX/MXTmpFiles/system.tmp
2026-02-02 23:50:21,740 [INFO] CodeEngine:321 - oldGeneratedFile, /home/krushna/CDAC_Project/HAL_CAN_TX/Core/Inc/stm32f4xx_hal_conf.h_save
2026-02-02 23:50:21,814 [INFO] CodeEngine:345 - Generated code: /home/krushna/CDAC_Project/HAL_CAN_TX/Core/Inc/stm32f4xx_hal_conf.h
2026-02-02 23:50:21,879 [INFO] ApiDbMcu:532 - Load IP Config File for ADC2
2026-02-02 23:50:21,883 [INFO] ApiDbMcu:532 - Load IP Config File for CAN1
2026-02-02 23:50:21,895 [INFO] ApiDbMcu:532 - Load IP Config File for TIM4
2026-02-02 23:50:21,899 [INFO] ApiDbMcu:532 - Load IP Config File for USART2
2026-02-02 23:50:21,904 [INFO] ApiDbMcu:532 - Load IP Config File for RCC
2026-02-02 23:50:21,907 [WARN] IPConfigManager:3811 - IP not found : TIM
2026-02-02 23:50:21,908 [WARN] CodeGenerator:4259 - IP not found : null
2026-02-02 23:50:21,912 [INFO] CodeEngine:265 - oldGeneratedFile, /home/krushna/CDAC_Project/HAL_CAN_TX/Core/Inc/main.h_save
2026-02-02 23:50:22,008 [INFO] CodeEngine:289 - Generated code: /home/krushna/CDAC_Project/HAL_CAN_TX/Core/Inc/main.h
2026-02-02 23:50:22,009 [INFO] CodeEngine:265 - oldGeneratedFile, /home/krushna/CDAC_Project/HAL_CAN_TX/Core/Src/main.c_save
2026-02-02 23:50:22,210 [INFO] CodeEngine:289 - Generated code: /home/krushna/CDAC_Project/HAL_CAN_TX/Core/Src/main.c
2026-02-02 23:50:22,577 [INFO] ProjectBuilder:3606 - Time for Copy HAL[1] : 55mS.
2026-02-02 23:50:22,581 [INFO] ProjectBuilder:5216 - Project Generator version: 4.7.0-B52
2026-02-02 23:50:22,694 [INFO] ConfigFileManager:1595 - The Die is : DIE413
2026-02-02 23:50:22,708 [INFO] ApiDbMcu:532 - Load IP Config File for FATFS
2026-02-02 23:50:22,712 [INFO] ApiDbMcu:532 - Load IP Config File for FREERTOS
2026-02-02 23:50:22,714 [INFO] ApiDbMcu:532 - Load IP Config File for LIBJPEG
2026-02-02 23:50:22,720 [INFO] ApiDbMcu:532 - Load IP Config File for LWIP
2026-02-02 23:50:22,726 [INFO] ApiDbMcu:532 - Load IP Config File for MBEDTLS
2026-02-02 23:50:22,733 [INFO] ApiDbMcu:532 - Load IP Config File for USB_DEVICE
2026-02-02 23:50:22,736 [INFO] ApiDbMcu:532 - Load IP Config File for USB_HOST
2026-02-02 23:50:23,040 [INFO] LogOutputStream:77 - [STDOUT_REDIRECT] 
2026-02-02 23:50:23,925 [INFO] ProjectBuilder:5496 - Time for Generating toolchain IDE Files: 1344mS.
2026-02-02 23:50:23,926 [INFO] ProjectBuilder:3463 - Time for Copy CMSIS : 0mS.
2026-02-02 23:50:23,927 [INFO] ProjectBuilder:3463 - Time for Copy CMSIS : 0mS.
