2026-01-29 08:32:30,805 [INFO] Activator:176 - 


2026-01-29 08:32:30,807 [INFO] Activator:177 - !SESSION log4j initialized
2026-01-29 08:32:33,703 [INFO] LogOutputStream:77 - [STDOUT_REDIRECT] 
2026-01-29 08:32:34,264 [INFO] ApplicationProperties:184 - Using Application install path: /opt/st/stm32cubeide_1.19.0/plugins/com.st.stm32cube.common.mx_6.15.0.202507011659
2026-01-29 08:32:34,274 [INFO] DbMcusXml:78 - Set database path to: /opt/st/stm32cubeide_1.19.0/plugins/com.st.stm32cube.common.mx_6.15.0.202507011659//db//mcu/
2026-01-29 08:32:34,275 [INFO] ApiDb:274 - Set plugin database path to: /opt/st/stm32cubeide_1.19.0/plugins/com.st.stm32cube.common.mx_6.15.0.202507011659//db//plugins/boardmanager/
2026-01-29 08:32:34,275 [WARN] ApiDb:259 - Overriding images path with different value:  => /opt/st/stm32cubeide_1.19.0/plugins/com.st.stm32cube.common.mx_6.15.0.202507011659//db//plugins/mcufinder/images/
2026-01-29 08:32:34,277 [INFO] ApiDb:250 - Set database path to: /home/krushna/.stmcufinder/plugins/mcufinder//mcu/
2026-01-29 08:32:34,278 [INFO] DbMcusAds:125 - Set database path to: /home/krushna/.stmcufinder/plugins/mcufinder//mcu/
2026-01-29 08:32:34,279 [INFO] CrossReferenceDbSqlite:203 - Set database path to: /home/krushna/.stmcufinder/plugins/mcufinder//mcu/cs/
2026-01-29 08:32:34,364 [INFO] RulesReader:64 - Compatibility file has been processed (317 Rules)
2026-01-29 08:32:34,411 [INFO] DbMcusXml:78 - Set database path to: /opt/st/stm32cubeide_1.19.0/plugins/com.st.stm32cube.common.mx_6.15.0.202507011659//db//mcu/
2026-01-29 08:32:34,411 [INFO] ApiDb:274 - Set plugin database path to: /opt/st/stm32cubeide_1.19.0/plugins/com.st.stm32cube.common.mx_6.15.0.202507011659//db//plugins/boardmanager/
2026-01-29 08:32:34,411 [INFO] ApiDb:261 - Set plugin images path to: /opt/st/stm32cubeide_1.19.0/plugins/com.st.stm32cube.common.mx_6.15.0.202507011659//db//plugins/mcufinder/images/
2026-01-29 08:32:34,411 [WARN] DbFile:41 - Overriding database path with different value: /home/krushna/.stmcufinder/plugins/mcufinder/ => /home/krushna/.stmcufinder/plugins/mcufinder
2026-01-29 08:32:34,412 [INFO] ApiDb:250 - Set database path to: /home/krushna/.stmcufinder/plugins/mcufinder//mcu/
2026-01-29 08:32:34,412 [WARN] DbFile:41 - Overriding database path with different value: /home/krushna/.stmcufinder/plugins/mcufinder/ => /home/krushna/.stmcufinder/plugins/mcufinder
2026-01-29 08:32:34,412 [INFO] DbMcusAds:125 - Set database path to: /home/krushna/.stmcufinder/plugins/mcufinder//mcu/
2026-01-29 08:32:34,412 [WARN] DbFile:41 - Overriding database path with different value: /home/krushna/.stmcufinder/plugins/mcufinder/ => /home/krushna/.stmcufinder/plugins/mcufinder
2026-01-29 08:32:34,412 [WARN] DbFile:41 - Overriding database path with different value: /home/krushna/.stmcufinder/plugins/mcufinder/ => /home/krushna/.stmcufinder/plugins/mcufinder
2026-01-29 08:32:34,412 [INFO] CrossReferenceDbSqlite:203 - Set database path to: /home/krushna/.stmcufinder/plugins/mcufinder//mcu/cs/
2026-01-29 08:32:34,451 [INFO] MainPanel:274 - HeapMemory: 268435456
2026-01-29 08:32:34,522 [INFO] DbMcusXml:78 - Set database path to: /opt/st/stm32cubeide_1.19.0/plugins/com.st.stm32cube.common.mx_6.15.0.202507011659//db//mcu/
2026-01-29 08:32:34,522 [INFO] ApiDb:274 - Set plugin database path to: /opt/st/stm32cubeide_1.19.0/plugins/com.st.stm32cube.common.mx_6.15.0.202507011659//db//plugins/boardmanager/
2026-01-29 08:32:34,522 [INFO] ApiDb:261 - Set plugin images path to: /opt/st/stm32cubeide_1.19.0/plugins/com.st.stm32cube.common.mx_6.15.0.202507011659//db//plugins/mcufinder/images/
2026-01-29 08:32:34,523 [WARN] DbFile:41 - Overriding database path with different value: /home/krushna/.stmcufinder/plugins/mcufinder/ => /home/krushna/.stmcufinder/plugins/mcufinder
2026-01-29 08:32:34,523 [INFO] ApiDb:250 - Set database path to: /home/krushna/.stmcufinder/plugins/mcufinder//mcu/
2026-01-29 08:32:34,523 [WARN] DbFile:41 - Overriding database path with different value: /home/krushna/.stmcufinder/plugins/mcufinder/ => /home/krushna/.stmcufinder/plugins/mcufinder
2026-01-29 08:32:34,523 [INFO] DbMcusAds:125 - Set database path to: /home/krushna/.stmcufinder/plugins/mcufinder//mcu/
2026-01-29 08:32:34,523 [WARN] DbFile:41 - Overriding database path with different value: /home/krushna/.stmcufinder/plugins/mcufinder/ => /home/krushna/.stmcufinder/plugins/mcufinder
2026-01-29 08:32:34,523 [WARN] DbFile:41 - Overriding database path with different value: /home/krushna/.stmcufinder/plugins/mcufinder/ => /home/krushna/.stmcufinder/plugins/mcufinder
2026-01-29 08:32:34,523 [INFO] CrossReferenceDbSqlite:203 - Set database path to: /home/krushna/.stmcufinder/plugins/mcufinder//mcu/cs/
2026-01-29 08:32:34,533 [INFO] ApplicationProperties:184 - Using Application install path: /opt/st/stm32cubeide_1.19.0/plugins/com.st.stm32cube.common.mx_6.15.0.202507011659
2026-01-29 08:32:34,534 [INFO] PluginManage:196 - Search for loadable plugins [exclusion list=, ]
2026-01-29 08:32:34,534 [INFO] PluginManage:310 - Check plugin analytics
2026-01-29 08:32:34,661 [INFO] AnalyticsPlugin:253 - Accepted Software Licenses: 
2026-01-29 08:32:34,661 [INFO] AnalyticsPlugin:255 - Accepted CMSIS Pack Licenses: 
2026-01-29 08:32:34,661 [INFO] AnalyticsPlugin:257 - Accepted Firmware Licenses: FW.F4.1.28.0
2026-01-29 08:32:34,663 [INFO] PluginManage:359 - Loaded plugin analytics (category:tool,tabindex:-1)
2026-01-29 08:32:34,664 [INFO] PluginManage:310 - Check plugin cadmodel
2026-01-29 08:32:34,666 [INFO] CADModel:105 - Init CAD model plugin
2026-01-29 08:32:34,666 [INFO] PluginManage:359 - Loaded plugin cadmodel (category:power,tabindex:5)
2026-01-29 08:32:34,667 [INFO] PluginManage:310 - Check plugin clock
2026-01-29 08:32:34,673 [INFO] PluginManage:359 - Loaded plugin clock (category:base,tabindex:2)
2026-01-29 08:32:34,673 [INFO] PluginManage:310 - Check plugin ddr
2026-01-29 08:32:34,674 [INFO] PluginManage:359 - Loaded plugin ddr (category:tool,tabindex:6)
2026-01-29 08:32:34,674 [INFO] PluginManage:310 - Check plugin filemanager
2026-01-29 08:32:34,775 [INFO] PluginManage:359 - Loaded plugin filemanager (category:base,tabindex:10)
2026-01-29 08:32:34,776 [INFO] PluginManage:310 - Check plugin ipmanager
2026-01-29 08:32:34,779 [INFO] PluginManage:359 - Loaded plugin ipmanager (category:base,tabindex:5)
2026-01-29 08:32:34,779 [INFO] PluginManage:310 - Check plugin lpbam
2026-01-29 08:32:34,795 [INFO] PluginManage:359 - Loaded plugin lpbam (category:base,tabindex:0)
2026-01-29 08:32:34,795 [INFO] PluginManage:310 - Check plugin memorymap
2026-01-29 08:32:34,809 [INFO] PluginManage:359 - Loaded plugin memorymap (category:base,tabindex:4)
2026-01-29 08:32:34,809 [INFO] PluginManage:310 - Check plugin pinoutandconfiguration
2026-01-29 08:32:34,817 [INFO] PluginManage:359 - Loaded plugin pinoutandconfiguration (category:base,tabindex:1)
2026-01-29 08:32:34,818 [INFO] PluginManage:310 - Check plugin pinoutconfig
2026-01-29 08:32:34,889 [WARN] SupportedApi:132 - Cannot load RTOS API schema: s4s-elt-must-match.1: The content of 'definitions' must match (annotation?, (simpleType | complexType)?, (unique | key | keyref)*)). A problem was found starting at: attribute.
2026-01-29 08:32:34,997 [INFO] PluginManage:359 - Loaded plugin pinoutconfig (category:base,tabindex:0)
2026-01-29 08:32:34,997 [INFO] PluginManage:310 - Check plugin power
2026-01-29 08:32:35,005 [INFO] PluginManage:359 - Loaded plugin power (category:power,tabindex:4)
2026-01-29 08:32:35,005 [INFO] PluginManage:310 - Check plugin projectmanager
2026-01-29 08:32:35,018 [INFO] PluginManage:359 - Loaded plugin projectmanager (category:projectmanager,tabindex:4)
2026-01-29 08:32:35,018 [INFO] PluginManage:310 - Check plugin rif
2026-01-29 08:32:35,026 [INFO] PluginManage:359 - Loaded plugin rif (category:base,tabindex:3)
2026-01-29 08:32:35,026 [INFO] PluginManage:310 - Check plugin thirdparty
2026-01-29 08:32:35,128 [INFO] PluginManage:359 - Loaded plugin thirdparty (category:base,tabindex:-1)
2026-01-29 08:32:35,128 [WARN] IntegrityCheckThread:84 - waiting for thirdparty lock release [integrity check]
2026-01-29 08:32:35,128 [INFO] PluginManage:310 - Check plugin tools
2026-01-29 08:32:35,128 [INFO] IntegrityCheckThread:86 - entering critical section [integrity check]
2026-01-29 08:32:35,128 [INFO] ThirdPartyUpdaterWithRetryManager:70 - Updater plugin not ready yet. [1/15]
2026-01-29 08:32:35,131 [INFO] PluginManage:359 - Loaded plugin tools (category:base,tabindex:7)
2026-01-29 08:32:35,131 [INFO] PluginManage:310 - Check plugin tutovideos
2026-01-29 08:32:35,271 [INFO] PluginManage:359 - Loaded plugin tutovideos (category:base,tabindex:-1)
2026-01-29 08:32:35,271 [INFO] PluginManage:310 - Check plugin updater
2026-01-29 08:32:35,286 [INFO] PluginManage:359 - Loaded plugin updater (category:base,tabindex:12)
2026-01-29 08:32:35,286 [INFO] PluginManage:310 - Check plugin userauth
2026-01-29 08:32:35,290 [INFO] UserAuth:118 - Init User Auth plugin
2026-01-29 08:32:35,290 [INFO] PluginManage:359 - Loaded plugin userauth (category:base,tabindex:14)
2026-01-29 08:32:35,291 [INFO] PluginManage:283 - PluginManage : Loaded plugins [18]
2026-01-29 08:32:35,429 [INFO] PinOutPanel:1589 - setPackage(No Configuration,No Configuration)
2026-01-29 08:32:35,485 [INFO] CADModel:165 - CPN selected for project level
2026-01-29 08:32:35,485 [INFO] CADModel:114 - Register for checkConnection events
2026-01-29 08:32:35,493 [INFO] IPUIPlugin:80 - create IPUIPlugin
2026-01-29 08:32:35,494 [INFO] PluginManager:220 - loadIPPluginJar : add tsc
2026-01-29 08:32:35,497 [INFO] IPUIPlugin:80 - create IPUIPlugin
2026-01-29 08:32:35,498 [INFO] PluginManager:220 - loadIPPluginJar : add gpio
2026-01-29 08:32:35,503 [INFO] IPUIPlugin:80 - create IPUIPlugin
2026-01-29 08:32:35,503 [INFO] PluginManager:220 - loadIPPluginJar : add linkedlist
2026-01-29 08:32:35,510 [INFO] IPUIPlugin:80 - create IPUIPlugin
2026-01-29 08:32:35,511 [INFO] PluginManager:220 - loadIPPluginJar : add fmc
2026-01-29 08:32:35,516 [INFO] IPUIPlugin:80 - create IPUIPlugin
2026-01-29 08:32:35,518 [INFO] PluginManager:220 - loadIPPluginJar : add plateformsettings
2026-01-29 08:32:35,520 [INFO] IPUIPlugin:80 - create IPUIPlugin
2026-01-29 08:32:35,520 [INFO] PluginManager:220 - loadIPPluginJar : add cryp
2026-01-29 08:32:35,522 [INFO] IPUIPlugin:80 - create IPUIPlugin
2026-01-29 08:32:35,522 [INFO] PluginManager:220 - loadIPPluginJar : add i2c
2026-01-29 08:32:35,524 [INFO] IPUIPlugin:80 - create IPUIPlugin
2026-01-29 08:32:35,524 [INFO] PluginManager:220 - loadIPPluginJar : add lorawan
2026-01-29 08:32:35,526 [INFO] IPUIPlugin:80 - create IPUIPlugin
2026-01-29 08:32:35,526 [INFO] PluginManager:220 - loadIPPluginJar : add touchsensing
2026-01-29 08:32:35,527 [INFO] IPUIPlugin:80 - create IPUIPlugin
2026-01-29 08:32:35,527 [INFO] PluginManager:220 - loadIPPluginJar : add ltdc
2026-01-29 08:32:35,528 [INFO] IPUIPlugin:80 - create IPUIPlugin
2026-01-29 08:32:35,528 [INFO] PluginManager:220 - loadIPPluginJar : add i2s
2026-01-29 08:32:35,529 [INFO] IPUIPlugin:80 - create IPUIPlugin
2026-01-29 08:32:35,530 [INFO] PluginManager:220 - loadIPPluginJar : add fatfs
2026-01-29 08:32:35,534 [INFO] IPUIPlugin:80 - create IPUIPlugin
2026-01-29 08:32:35,534 [INFO] PluginManager:220 - loadIPPluginJar : add mdma
2026-01-29 08:32:35,536 [INFO] IPUIPlugin:80 - create IPUIPlugin
2026-01-29 08:32:35,536 [INFO] PluginManager:220 - loadIPPluginJar : add ts
2026-01-29 08:32:35,538 [INFO] IPUIPlugin:80 - create IPUIPlugin
2026-01-29 08:32:35,538 [INFO] PluginManager:220 - loadIPPluginJar : add ucpd
2026-01-29 08:32:35,540 [INFO] IPUIPlugin:80 - create IPUIPlugin
2026-01-29 08:32:35,541 [INFO] PluginManager:220 - loadIPPluginJar : add radio
2026-01-29 08:32:35,544 [INFO] IPUIPlugin:80 - create IPUIPlugin
2026-01-29 08:32:35,545 [INFO] PluginManager:220 - loadIPPluginJar : add ipddr
2026-01-29 08:32:35,549 [INFO] IPUIPlugin:80 - create IPUIPlugin
2026-01-29 08:32:35,549 [INFO] PluginManager:220 - loadIPPluginJar : add nvic
2026-01-29 08:32:35,552 [INFO] IPUIPlugin:80 - create IPUIPlugin
2026-01-29 08:32:35,552 [INFO] PluginManager:220 - loadIPPluginJar : add ddr_ctrl_phy
2026-01-29 08:32:35,556 [INFO] IPUIPlugin:80 - create IPUIPlugin
2026-01-29 08:32:35,556 [INFO] PluginManager:220 - loadIPPluginJar : add opamp
2026-01-29 08:32:35,559 [INFO] IPUIPlugin:80 - create IPUIPlugin
2026-01-29 08:32:35,559 [INFO] PluginManager:220 - loadIPPluginJar : add usart
2026-01-29 08:32:35,565 [INFO] IPUIPlugin:80 - create IPUIPlugin
2026-01-29 08:32:35,566 [INFO] PluginManager:220 - loadIPPluginJar : add freertos
2026-01-29 08:32:35,568 [INFO] IPUIPlugin:80 - create IPUIPlugin
2026-01-29 08:32:35,568 [INFO] PluginManager:220 - loadIPPluginJar : add usbx
2026-01-29 08:32:35,571 [INFO] IPUIPlugin:80 - create IPUIPlugin
2026-01-29 08:32:35,571 [INFO] PluginManager:220 - loadIPPluginJar : add sai
2026-01-29 08:32:35,574 [INFO] IPUIPlugin:80 - create IPUIPlugin
2026-01-29 08:32:35,574 [INFO] PluginManager:220 - loadIPPluginJar : add hash
2026-01-29 08:32:35,576 [INFO] IPUIPlugin:80 - create IPUIPlugin
2026-01-29 08:32:35,576 [INFO] PluginManager:220 - loadIPPluginJar : add openamp
2026-01-29 08:32:35,580 [INFO] IPUIPlugin:80 - create IPUIPlugin
2026-01-29 08:32:35,580 [INFO] PluginManager:220 - loadIPPluginJar : add gic
2026-01-29 08:32:35,582 [INFO] IPUIPlugin:80 - create IPUIPlugin
2026-01-29 08:32:35,582 [INFO] PluginManager:220 - loadIPPluginJar : add extmemmanager
2026-01-29 08:32:35,584 [INFO] IPUIPlugin:80 - create IPUIPlugin
2026-01-29 08:32:35,584 [INFO] PluginManager:220 - loadIPPluginJar : add pdm2pcm
2026-01-29 08:32:35,585 [INFO] IPUIPlugin:80 - create IPUIPlugin
2026-01-29 08:32:35,585 [INFO] PluginManager:220 - loadIPPluginJar : add tim
2026-01-29 08:32:35,587 [INFO] IPUIPlugin:80 - create IPUIPlugin
2026-01-29 08:32:35,587 [INFO] PluginManager:220 - loadIPPluginJar : add dma3
2026-01-29 08:32:35,592 [INFO] IPUIPlugin:80 - create IPUIPlugin
2026-01-29 08:32:35,592 [INFO] PluginManager:220 - loadIPPluginJar : add adc
2026-01-29 08:32:35,598 [INFO] IPUIPlugin:80 - create IPUIPlugin
2026-01-29 08:32:35,598 [INFO] PluginManager:220 - loadIPPluginJar : add stm32_wpan
2026-01-29 08:32:35,599 [INFO] IPUIPlugin:80 - create IPUIPlugin
2026-01-29 08:32:35,600 [INFO] PluginManager:220 - loadIPPluginJar : add tracer_emb
2026-01-29 08:32:35,601 [INFO] IPUIPlugin:80 - create IPUIPlugin
2026-01-29 08:32:35,601 [INFO] PluginManager:220 - loadIPPluginJar : add dfsdm
2026-01-29 08:32:35,603 [INFO] IPUIPlugin:80 - create IPUIPlugin
2026-01-29 08:32:35,603 [INFO] PluginManager:220 - loadIPPluginJar : add i3c
2026-01-29 08:32:35,606 [INFO] IPUIPlugin:80 - create IPUIPlugin
2026-01-29 08:32:35,606 [INFO] PluginManager:220 - loadIPPluginJar : add resmgrutility
2026-01-29 08:32:35,612 [INFO] IPUIPlugin:80 - create IPUIPlugin
2026-01-29 08:32:35,612 [INFO] PluginManager:220 - loadIPPluginJar : add dma
2026-01-29 08:32:35,614 [INFO] IPUIPlugin:80 - create IPUIPlugin
2026-01-29 08:32:35,615 [INFO] PluginManager:220 - loadIPPluginJar : add aes
2026-01-29 08:32:35,616 [INFO] IPUIPlugin:80 - create IPUIPlugin
2026-01-29 08:32:35,616 [INFO] PluginManager:220 - loadIPPluginJar : add quadspi
2026-01-29 08:32:35,618 [INFO] IPUIPlugin:80 - create IPUIPlugin
2026-01-29 08:32:35,618 [INFO] PluginManager:220 - loadIPPluginJar : add gtzc
2026-01-29 08:32:35,620 [INFO] IPUIPlugin:80 - create IPUIPlugin
2026-01-29 08:32:35,620 [INFO] PluginManager:220 - loadIPPluginJar : add spi
2026-01-29 08:32:35,622 [INFO] IPUIPlugin:80 - create IPUIPlugin
2026-01-29 08:32:35,622 [INFO] PluginManager:220 - loadIPPluginJar : add can
2026-01-29 08:32:35,623 [INFO] IPUIPlugin:80 - create IPUIPlugin
2026-01-29 08:32:35,623 [INFO] PluginManager:220 - loadIPPluginJar : add genericplugin
2026-01-29 08:32:35,624 [INFO] IPUIPlugin:80 - create IPUIPlugin
2026-01-29 08:32:35,624 [INFO] PluginManager:220 - loadIPPluginJar : add comp
2026-01-29 08:32:35,625 [INFO] IPUIPlugin:80 - create IPUIPlugin
2026-01-29 08:32:35,626 [INFO] PluginManager:220 - loadIPPluginJar : add gfxmmu
2026-01-29 08:32:35,730 [FATAL] Updater:351 - Updater called before beeing initialized
2026-01-29 08:32:35,755 [INFO] RulesReader:64 - Compatibility file has been processed (317 Rules)
2026-01-29 08:32:35,768 [INFO] RulesReader:64 - Compatibility file has been processed (317 Rules)
2026-01-29 08:32:35,778 [INFO] CADModel:165 - CPN selected for project level
2026-01-29 08:32:35,778 [INFO] CADModel:114 - Register for checkConnection events
2026-01-29 08:32:35,778 [FATAL] Updater:351 - Updater called before beeing initialized
2026-01-29 08:32:35,778 [ERROR] CADModel:125 - Updater not yet initialized, retry later 
2026-01-29 08:32:35,873 [FATAL] Updater:351 - Updater called before beeing initialized
2026-01-29 08:32:35,874 [INFO] CADModel:165 - CPN selected for project level
2026-01-29 08:32:35,874 [INFO] CADModel:114 - Register for checkConnection events
2026-01-29 08:32:35,874 [FATAL] Updater:351 - Updater called before beeing initialized
2026-01-29 08:32:35,874 [ERROR] CADModel:125 - Updater not yet initialized, retry later 
2026-01-29 08:32:35,877 [FATAL] Updater:351 - Updater called before beeing initialized
2026-01-29 08:32:35,931 [FATAL] Updater:351 - Updater called before beeing initialized
2026-01-29 08:32:35,934 [INFO] DbMcusAds:53 - JSON generation date=Thu Jan 08 21:27:51 IST 2026 (1767887871456)
2026-01-29 08:32:35,935 [FATAL] Updater:351 - Updater called before beeing initialized
2026-01-29 08:32:35,954 [WARN] DetailPanel:346 - Failed to get advertising image, set to default
2026-01-29 08:32:35,997 [FATAL] Updater:351 - Updater called before beeing initialized
2026-01-29 08:32:35,999 [FATAL] Updater:351 - Updater called before beeing initialized
2026-01-29 08:32:35,999 [FATAL] Updater:351 - Updater called before beeing initialized
2026-01-29 08:32:35,999 [WARN] DetailPanel:346 - Failed to get advertising image, set to default
2026-01-29 08:32:36,000 [FATAL] Updater:351 - Updater called before beeing initialized
2026-01-29 08:32:36,019 [ERROR] Updater:1198 - MainUpdater not yet initialized. External WinMGr cannot be set.
2026-01-29 08:32:36,020 [INFO] Updater:1134 - Updater Version found : 6.15.0
2026-01-29 08:32:36,032 [INFO] ApplicationProperties:184 - Using Application install path: /opt/st/stm32cubeide_1.19.0/plugins/com.st.stm32cube.common.mx_6.15.0.202507011659
2026-01-29 08:32:36,200 [INFO] MainUpdater:2872 - connection check result : 10
2026-01-29 08:32:36,201 [INFO] MainUpdater:289 - Updater Check For Update Now.
2026-01-29 08:32:36,201 [INFO] MicroXplorer:498 - Change Database Version : DB.6.0.150
2026-01-29 08:32:36,204 [INFO] McuFinderGlobals:63 - Set McuFinder mode to 2 (CubeIDE integrated)
2026-01-29 08:32:36,204 [INFO] UserAuth:171 - activating auth plugin
2026-01-29 08:32:36,206 [INFO] UserAuth:487 - Internet connection configuration mode: 1
2026-01-29 08:32:36,218 [INFO] JxBrowserEngine:152 - Initiate JxBrowser Engine with user profile folder
2026-01-29 08:32:36,377 [INFO] CheckServerUpdateThread:120 - End of CheckServer Thread
2026-01-29 08:32:36,618 [INFO] WebApp:169 - Instantiating new browser for Auth
2026-01-29 08:32:37,001 [INFO] WebApp:463 - Apply proxy settings
2026-01-29 08:32:37,001 [INFO] WebApp:548 - Chromium requires no authentication
2026-01-29 08:32:37,006 [INFO] WebApp:491 - Direct internet connection detected
2026-01-29 08:32:37,019 [INFO] WebApp:900 - Register for checkConnection events
2026-01-29 08:32:37,020 [INFO] WebApp:463 - Apply proxy settings
2026-01-29 08:32:37,020 [INFO] WebApp:548 - Chromium requires no authentication
2026-01-29 08:32:37,020 [INFO] WebApp:491 - Direct internet connection detected
2026-01-29 08:32:37,106 [INFO] WebApp:225 - Starting web application
2026-01-29 08:32:37,106 [INFO] WebApp:593 - Web application path used /opt/st/stm32cubeide_1.19.0/plugins/com.st.stm32cube.common.mx_6.15.0.202507011659/db/plugins/mcufinder/reactClient1/index.html
2026-01-29 08:32:37,593 [INFO] WebApp:191 - Connection restablished
2026-01-29 08:32:38,203 [WARN] PackLoader:240 - Cannot read IP mode file for STMicroelectronics.FP-SNS-MOTENVWB1.1.4.0
2026-01-29 08:32:38,220 [WARN] PackLoader:240 - Cannot read IP mode file for STMicroelectronics.FP-ATR-ASTRA1.2.0.2
2026-01-29 08:32:38,227 [WARN] PackLoader:240 - Cannot read IP mode file for STMicroelectronics.X-CUBE-SMBUS.2.1.0
2026-01-29 08:32:38,230 [WARN] PackLoader:240 - Cannot read IP mode file for STMicroelectronics.X-CUBE-ST60.1.0.0
2026-01-29 08:32:38,262 [WARN] PackLoader:240 - Cannot read IP mode file for STMicroelectronics.X-CUBE-AZRTOS-F7.1.1.0
2026-01-29 08:32:38,269 [WARN] PackLoader:240 - Cannot read IP mode file for Cesanta.I-CUBE-Mongoose.7.19.0
2026-01-29 08:32:38,273 [WARN] PackLoader:240 - Cannot read IP mode file for STMicroelectronics.FP-SNS-MOTENV1.5.1.0
2026-01-29 08:32:38,300 [WARN] PackLoader:240 - Cannot read IP mode file for WES.I-CUBE-Cesium.1.4.0
2026-01-29 08:32:38,333 [WARN] PackLoader:240 - Cannot read IP mode file for Infineon.AIROC-Wi-Fi-Bluetooth-STM32.1.7.1
2026-01-29 08:32:38,345 [WARN] PackLoader:240 - Cannot read IP mode file for STMicroelectronics.X-CUBE-DISPLAY.3.0.0
2026-01-29 08:32:38,352 [WARN] PackLoader:240 - Cannot read IP mode file for STMicroelectronics.X-CUBE-NFC10.1.0.0
2026-01-29 08:32:38,355 [WARN] PackLoader:240 - Cannot read IP mode file for STMicroelectronics.X-CUBE-ST60.1.1.0
2026-01-29 08:32:38,358 [WARN] PackLoader:240 - Cannot read IP mode file for emotas.I-CUBE-CANOPEN.1.3.0
2026-01-29 08:32:38,361 [WARN] PackLoader:240 - Cannot read IP mode file for STMicroelectronics.X-CUBE-GNSS1.7.1.0
2026-01-29 08:32:38,364 [WARN] PackLoader:240 - Cannot read IP mode file for STMicroelectronics.FP-SNS-SMARTAG2.1.2.0
2026-01-29 08:32:38,367 [WARN] PackLoader:240 - Cannot read IP mode file for STMicroelectronics.FP-SNS-FLIGHT1.5.1.0
2026-01-29 08:32:38,371 [INFO] LogOutputStream:77 - [STDOUT_REDIRECT] 1 : Invalid condition id : UX_CORESTACK_Condition cause : null
2026-01-29 08:32:38,372 [INFO] LogOutputStream:77 - [STDOUT_REDIRECT] 1 : Invalid condition id : UX_CORESTACK_Condition cause : null
2026-01-29 08:32:38,372 [INFO] LogOutputStream:77 - [STDOUT_REDIRECT] 1 : Invalid condition id : UX_CORESTACK_Condition cause : null
2026-01-29 08:32:38,372 [INFO] LogOutputStream:77 - [STDOUT_REDIRECT] 1 : Invalid condition id : UX_CORESTACK_Condition cause : null
2026-01-29 08:32:38,372 [INFO] LogOutputStream:77 - [STDOUT_REDIRECT] 1 : Invalid condition id : UX_CORESTACK_Condition cause : null
2026-01-29 08:32:38,374 [WARN] PackLoader:240 - Cannot read IP mode file for STMicroelectronics.X-CUBE-AZRTOS-WL.2.0.0
2026-01-29 08:32:38,377 [WARN] PackLoader:240 - Cannot read IP mode file for STMicroelectronics.FP-SNS-MOTENV1.5.0.0
2026-01-29 08:32:38,389 [WARN] PackLoader:240 - Cannot read IP mode file for STMicroelectronics.X-CUBE-AZRTOS-H7RS.1.2.0
2026-01-29 08:32:38,393 [WARN] PackLoader:240 - Cannot read IP mode file for STMicroelectronics.X-CUBE-BLE2.3.3.0
2026-01-29 08:32:38,404 [WARN] PackLoader:240 - Cannot read IP mode file for STMicroelectronics.X-CUBE-NFC9.1.0.0
2026-01-29 08:32:38,408 [WARN] PackLoader:240 - Cannot read IP mode file for STMicroelectronics.X-CUBE-BLE1.7.1.0
2026-01-29 08:32:38,410 [WARN] PackLoader:240 - Cannot read IP mode file for wolfSSL.I-CUBE-wolfMQTT.1.19.2
2026-01-29 08:32:38,413 [WARN] PackLoader:240 - Cannot read IP mode file for STMicroelectronics.X-CUBE-FREERTOS.1.4.0
2026-01-29 08:32:38,416 [WARN] PackLoader:240 - Cannot read IP mode file for STMicroelectronics.X-CUBE-ST67W61.1.1.0
2026-01-29 08:32:38,453 [WARN] PackLoader:240 - Cannot read IP mode file for STMicroelectronics.X-CUBE-MEMS1.12.0.0
2026-01-29 08:32:38,522 [WARN] PackLoader:240 - Cannot read IP mode file for STMicroelectronics.X-CUBE-AZRTOS-G0.1.1.0
2026-01-29 08:32:38,526 [WARN] PackLoader:240 - Cannot read IP mode file for STMicroelectronics.X-CUBE-SAFEA1.1.2.2
2026-01-29 08:32:38,530 [WARN] PackLoader:240 - Cannot read IP mode file for STMicroelectronics.X-CUBE-NFC4.3.0.0
2026-01-29 08:32:38,535 [WARN] PackLoader:240 - Cannot read IP mode file for EmbeddedOffice.I-CUBE-FS-RTOS.1.0.1
2026-01-29 08:32:38,540 [WARN] PackLoader:240 - Cannot read IP mode file for STMicroelectronics.X-CUBE-WB05N.2.0.0
2026-01-29 08:32:38,544 [WARN] PackLoader:240 - Cannot read IP mode file for wolfSSL.I-CUBE-wolfTPM.3.8.0
2026-01-29 08:32:38,548 [WARN] PackLoader:240 - Cannot read IP mode file for STMicroelectronics.X-CUBE-TCPP.4.2.0
2026-01-29 08:32:38,551 [WARN] PackLoader:240 - Cannot read IP mode file for RealThread.X-CUBE-RT-Thread_Nano.4.1.1
2026-01-29 08:32:38,553 [WARN] PackLoader:240 - Cannot read IP mode file for STMicroelectronics.FP-ATR-SIGFOX1.3.2.0
2026-01-29 08:32:38,557 [WARN] PackLoader:240 - Cannot read IP mode file for ITTIA_DB.I-CUBE-ITTIADB.8.9.0
2026-01-29 08:32:38,560 [WARN] PackLoader:240 - Cannot read IP mode file for STMicroelectronics.X-CUBE-NFC6.3.2.0
2026-01-29 08:32:38,565 [WARN] PackLoader:240 - Cannot read IP mode file for STMicroelectronics.X-CUBE-ST67W61.1.0.0
2026-01-29 08:32:38,588 [WARN] PackLoader:240 - Cannot read IP mode file for SEGGER.I-CUBE-embOS.1.3.1
2026-01-29 08:32:38,615 [WARN] PackLoader:240 - Cannot read IP mode file for STMicroelectronics.X-CUBE-ALGOBUILD.1.4.0
2026-01-29 08:32:38,643 [WARN] PackLoader:240 - Cannot read IP mode file for STMicroelectronics.X-CUBE-MEMS1.11.3.0
2026-01-29 08:32:38,718 [WARN] PackLoader:240 - Cannot read IP mode file for STMicroelectronics.X-CUBE-PM33A1.1.0.0
2026-01-29 08:32:38,732 [WARN] PackLoader:240 - Cannot read IP mode file for STMicroelectronics.X-CUBE-AZRTOS-F4.1.1.0
2026-01-29 08:32:38,736 [WARN] PackLoader:240 - Cannot read IP mode file for Avnet-IotConnect.X-CUBE-IoTC-DA16k-PMOD.1.0.0
2026-01-29 08:32:38,739 [WARN] PackLoader:240 - Cannot read IP mode file for STMicroelectronics.X-CUBE-ISPU.2.1.0
2026-01-29 08:32:38,750 [WARN] PackLoader:240 - Cannot read IP mode file for STMicroelectronics.X-CUBE-IPS.3.2.0
2026-01-29 08:32:38,768 [WARN] PackLoader:240 - Cannot read IP mode file for STMicroelectronics.X-CUBE-AZRTOS-L5.2.0.0
2026-01-29 08:32:38,792 [WARN] PackLoader:240 - Cannot read IP mode file for STMicroelectronics.X-CUBE-NFC6.3.1.0
2026-01-29 08:32:38,799 [WARN] PackLoader:240 - Cannot read IP mode file for STMicroelectronics.X-CUBE-FREERTOS.1.3.1
2026-01-29 08:32:38,803 [WARN] PackLoader:240 - Cannot read IP mode file for STMicroelectronics.X-CUBE-TOUCHGFX.4.26.0
2026-01-29 08:32:38,808 [WARN] PackLoader:240 - Cannot read IP mode file for STMicroelectronics.X-CUBE-DPower.1.3.0
2026-01-29 08:32:38,824 [WARN] ConditionMgr:438 - getConditionDescription Invalid condition id : LAN8742 Phy interface Condition cause : null
2026-01-29 08:32:38,825 [WARN] PackLoader:240 - Cannot read IP mode file for STMicroelectronics.X-CUBE-AZRTOS-L4.2.0.0
2026-01-29 08:32:38,826 [WARN] ConditionMgr:1044 - genDependencies : Invalid condition id : LAN8742 Phy interface Condition cause : null
2026-01-29 08:32:38,826 [WARN] ConditionMgr:1044 - genDependencies : Invalid condition id : LAN8742 Phy interface Condition cause : null
2026-01-29 08:32:38,827 [WARN] ConditionMgr:1044 - genDependencies : Invalid condition id : LAN8742 Phy interface Condition cause : null
2026-01-29 08:32:38,838 [WARN] PackLoader:240 - Cannot read IP mode file for STMicroelectronics.X-CUBE-SFXS2LP1.4.0.0
2026-01-29 08:32:38,843 [WARN] PackLoader:240 - Cannot read IP mode file for STMicroelectronics.X-CUBE-ST67W61.1.2.0
2026-01-29 08:32:38,851 [WARN] ConditionMgr:438 - getConditionDescription Invalid condition id : UX DEVICE CLASS RTOS Condition cause : null
2026-01-29 08:32:38,851 [WARN] ConditionMgr:438 - getConditionDescription Invalid condition id : UX DEVICE CLASS RTOS Condition cause : null
2026-01-29 08:32:38,853 [WARN] PackLoader:240 - Cannot read IP mode file for STMicroelectronics.X-CUBE-AZRTOS-WB.2.0.0
2026-01-29 08:32:38,853 [WARN] ConditionMgr:1044 - genDependencies : Invalid condition id : UX DEVICE CLASS RTOS Condition cause : null
2026-01-29 08:32:38,853 [WARN] ConditionMgr:1044 - genDependencies : Invalid condition id : UX DEVICE CLASS RTOS Condition cause : null
2026-01-29 08:32:38,854 [WARN] ConditionMgr:1044 - genDependencies : Invalid condition id : UX DEVICE CLASS RTOS Condition cause : null
2026-01-29 08:32:38,854 [WARN] ConditionMgr:1044 - genDependencies : Invalid condition id : UX DEVICE CLASS RTOS Condition cause : null
2026-01-29 08:32:38,854 [WARN] ConditionMgr:1044 - genDependencies : Invalid condition id : UX DEVICE CLASS RTOS Condition cause : null
2026-01-29 08:32:38,857 [WARN] PackLoader:240 - Cannot read IP mode file for STMicroelectronics.X-CUBE-GNSS1.7.0.1
2026-01-29 08:32:38,860 [WARN] PackLoader:240 - Cannot read IP mode file for STMicroelectronics.X-CUBE-TOUCHGFX.4.25.0
2026-01-29 08:32:38,861 [WARN] ConditionMgr:438 - getConditionDescription Invalid condition id : Cortex-A Device cause : null
2026-01-29 08:32:38,867 [WARN] ConditionMgr:1044 - genDependencies : Invalid condition id : Cortex-A Device cause : null
2026-01-29 08:32:38,867 [WARN] ConditionMgr:1044 - genDependencies : Invalid condition id : Cortex-A Device cause : null
2026-01-29 08:32:38,867 [WARN] ConditionMgr:1044 - genDependencies : Invalid condition id : Cortex-A Device cause : null
2026-01-29 08:32:38,872 [WARN] PackLoader:240 - Cannot read IP mode file for STMicroelectronics.X-CUBE-STSE01.2.0.0
2026-01-29 08:32:38,879 [WARN] PackLoader:240 - Cannot read IP mode file for STMicroelectronics.X-CUBE-SUBG2.5.0.0
2026-01-29 08:32:38,897 [WARN] PackLoader:240 - Cannot read IP mode file for STMicroelectronics.X-CUBE-AZRTOS-H7RS.1.1.0
2026-01-29 08:32:38,912 [WARN] PackLoader:240 - Cannot read IP mode file for STMicroelectronics.X-CUBE-AZRTOS-G4.2.0.0
2026-01-29 08:32:38,917 [WARN] PackLoader:240 - Cannot read IP mode file for wolfSSL.I-CUBE-wolfSSH.1.4.20
2026-01-29 08:32:38,921 [WARN] PackLoader:240 - Cannot read IP mode file for STMicroelectronics.X-CUBE-NFC7.2.0.0
2026-01-29 08:32:38,930 [WARN] PackLoader:240 - Cannot read IP mode file for STMicroelectronics.X-CUBE-IPS.3.1.0
2026-01-29 08:32:38,937 [WARN] PackLoader:240 - Cannot read IP mode file for STMicroelectronics.X-CUBE-ALS.1.0.2
2026-01-29 08:32:38,942 [WARN] PackLoader:240 - Cannot read IP mode file for STMicroelectronics.X-CUBE-STSE01.1.0.0
2026-01-29 08:32:38,951 [WARN] PackLoader:240 - Cannot read IP mode file for STMicroelectronics.X-CUBE-TOF1.3.4.3
2026-01-29 08:32:38,959 [INFO] ThirdParty:978 - Integrity check success = true
2026-01-29 08:32:38,960 [INFO] IntegrityCheckThread:100 - exiting critical section [integrity check]
2026-01-29 08:32:38,960 [INFO] IntegrityCheckThread:103 - End integrity checks thread
2026-01-29 08:37:36,480 [INFO] McuFinderGlobals:63 - Set McuFinder mode to 2 (CubeIDE integrated)
2026-01-29 08:37:36,483 [INFO] MainUpdater:2872 - connection check result : 10
2026-01-29 08:37:36,484 [INFO] MainUpdater:2872 - connection check result : 10
2026-01-29 08:37:36,525 [INFO] MicroXplorer:468 - Change Database Path : 
2026-01-29 08:37:36,526 [INFO] MicroXplorer:498 - Change Database Version : DB.6.0.150
2026-01-29 08:37:36,531 [WARN] ThirdParty:871 - waiting for thirdparty lock release [close project]
2026-01-29 08:37:36,531 [INFO] ThirdParty:873 - entering critical section [close project]
2026-01-29 08:37:36,532 [INFO] ThirdParty:883 - exiting critical section [close project]
2026-01-29 08:37:36,536 [INFO] PinOutPanel:1589 - setPackage(No Configuration,No Configuration)
2026-01-29 08:37:36,537 [INFO] UtilMem:75 - Begin LoadConfig() Used Memory: 807986016 Bytes (922746880)
2026-01-29 08:37:36,545 [INFO] MicroXplorer:468 - Change Database Path : /home/krushna/.stm32cubemx/databases/DB.6.0.130/db/
2026-01-29 08:37:36,545 [INFO] MicroXplorer:498 - Change Database Version : DB.6.0.130
2026-01-29 08:37:38,935 [INFO] OpenFileManager:355 - Change cursor
2026-01-29 08:37:38,982 [INFO] Mcu:2029 - Initializing MCU STM32F407V(E-G)Tx STM32F407VGTx STM32F407VGT6
2026-01-29 08:37:40,002 [INFO] Context:786 - Trying to add GPIOservice into a context  which must be forbidden
2026-01-29 08:37:40,312 [INFO] ImportTextPane:234 - (OptionalMessage_ERROR) Pin14 (VP_RIF_VS_RIF1) cannot be retrieved for this MCU
2026-01-29 08:37:40,422 [INFO] RtosManager:558 - Registered RTOS mode: class=CMSIS, group=RTOS, mode=CMSIS_V1, owner=FREERTOS
2026-01-29 08:37:40,422 [INFO] RtosManager:558 - Registered RTOS mode: class=CMSIS, group=RTOS2, mode=CMSIS_V2, owner=FREERTOS
2026-01-29 08:37:40,422 [INFO] RtosManager:558 - Registered RTOS mode: class=RTOS, group=Core, mode=CMSIS_V1, owner=FREERTOS
2026-01-29 08:37:40,422 [INFO] RtosManager:558 - Registered RTOS mode: class=RTOS, group=Core, mode=CMSIS_V2, owner=FREERTOS
2026-01-29 08:37:40,422 [WARN] ModelIntegratedComponent:184 - Missing modes for component STMicroelectronics:FreeRTOS:0.0.1:STMicroelectronics:RTOS:FreeRTOS:Core:::10.2.0:
2026-01-29 08:37:40,435 [WARN] ModelIntegratedComponent:63 - No mode defined for component null
2026-01-29 08:37:40,435 [WARN] ModelIntegratedComponent:63 - No mode defined for component null
2026-01-29 08:37:40,435 [WARN] ModelIntegratedComponent:63 - No mode defined for component null
2026-01-29 08:37:40,435 [WARN] ModelIntegratedComponent:63 - No mode defined for component null
2026-01-29 08:37:40,435 [WARN] ModelIntegratedComponent:63 - No mode defined for component null
2026-01-29 08:37:40,435 [WARN] ModelIntegratedComponent:63 - No mode defined for component null
2026-01-29 08:37:40,435 [WARN] ModelIntegratedComponent:63 - No mode defined for component null
2026-01-29 08:37:40,435 [WARN] ModelIntegratedComponent:63 - No mode defined for component null
2026-01-29 08:37:40,435 [WARN] ModelIntegratedComponent:63 - No mode defined for component null
2026-01-29 08:37:40,435 [WARN] ModelIntegratedComponent:63 - No mode defined for component null
2026-01-29 08:37:40,435 [WARN] ModelIntegratedComponent:63 - No mode defined for component null
2026-01-29 08:37:40,435 [WARN] ModelIntegratedComponent:63 - No mode defined for component null
2026-01-29 08:37:40,436 [WARN] ModelIntegratedComponent:63 - No mode defined for component null
2026-01-29 08:37:40,436 [WARN] ModelIntegratedComponent:63 - No mode defined for component null
2026-01-29 08:37:40,436 [WARN] ModelIntegratedComponent:63 - No mode defined for component null
2026-01-29 08:37:40,436 [WARN] ModelIntegratedComponent:63 - No mode defined for component null
2026-01-29 08:37:40,436 [WARN] ModelIntegratedComponent:63 - No mode defined for component null
2026-01-29 08:37:40,436 [WARN] ModelIntegratedComponent:63 - No mode defined for component null
2026-01-29 08:37:40,436 [WARN] ModelIntegratedComponent:63 - No mode defined for component null
2026-01-29 08:37:40,436 [WARN] ModelIntegratedComponent:63 - No mode defined for component null
2026-01-29 08:37:40,436 [WARN] ModelIntegratedComponent:63 - No mode defined for component null
2026-01-29 08:37:40,436 [WARN] ModelIntegratedComponent:63 - No mode defined for component null
2026-01-29 08:37:40,436 [WARN] ModelIntegratedComponent:63 - No mode defined for component null
2026-01-29 08:37:40,436 [WARN] ModelIntegratedComponent:63 - No mode defined for component null
2026-01-29 08:37:40,436 [WARN] ModelIntegratedComponent:63 - No mode defined for component null
2026-01-29 08:37:40,436 [WARN] ModelIntegratedComponent:63 - No mode defined for component null
2026-01-29 08:37:40,436 [WARN] ModelIntegratedComponent:63 - No mode defined for component null
2026-01-29 08:37:40,436 [WARN] ModelIntegratedComponent:63 - No mode defined for component null
2026-01-29 08:37:40,436 [WARN] ModelIntegratedComponent:63 - No mode defined for component null
2026-01-29 08:37:40,436 [WARN] ModelIntegratedComponent:63 - No mode defined for component null
2026-01-29 08:37:40,436 [WARN] ModelIntegratedComponent:63 - No mode defined for component null
2026-01-29 08:37:40,436 [WARN] ModelIntegratedComponent:63 - No mode defined for component null
2026-01-29 08:37:40,436 [WARN] ModelIntegratedComponent:63 - No mode defined for component null
2026-01-29 08:37:40,436 [WARN] ModelIntegratedComponent:63 - No mode defined for component null
2026-01-29 08:37:40,436 [WARN] ModelIntegratedComponent:63 - No mode defined for component null
2026-01-29 08:37:40,437 [WARN] ModelPack:524 - Component already loaded: STMicroelectronics:HAL Drivers:0.0.0:STMicroelectronics:Device:STMicro_Driver:XSPI:HAL::0.0.1:HAL_XSPI
2026-01-29 08:37:40,499 [INFO] ThirdPartyModel:298 - Start build external matchings
2026-01-29 08:37:40,794 [INFO] ThirdPartyModel:316 - End build external matchings
2026-01-29 08:37:40,811 [INFO] ImportTextPane:234 - (OptionalMessage_ERROR) IP (RCC) : Parameter (RTCHSEDivFreq_Value) has invalid value (4000000)
2026-01-29 08:37:41,018 [INFO] ApiDb:581 - Connected to CubeFinder SQLite database (/home/krushna/.stmcufinder/plugins/mcufinder/mcu/cube-finder-db.db)
2026-01-29 08:37:41,054 [INFO] ApiDb:668 - CubeFinder database Data Model version=2.1
2026-01-29 08:37:41,054 [INFO] ApiDb:669 - CubeFinder database Configuration version=3.0.39
2026-01-29 08:37:41,055 [INFO] ApiDb:670 - CubeFinder database generation date=2025-12-22 (1766407740)
2026-01-29 08:37:41,055 [INFO] ApiDb:671 - CubeFinder database FW Pack versions=[FP-ATR-ASTRA1_V2.0.0, FP-SNS-FLIGHT1_V5.1.0, FP-SNS-MOTENV1_V5.1.0, FP-SNS-MOTENVWB1_V1.4.0, FP-SNS-SMARTAG2_V1.2.0, FP-SNS-STBOX1_V2.1.0, STM32Cube_FW_C0_V1.4.0, STM32Cube_FW_F4_V1.28.3, STM32Cube_FW_F7_V1.17.4, STM32Cube_FW_G0_V1.6.2, STM32Cube_FW_G4_V1.6.1, STM32Cube_FW_H5_V1.5.1, STM32Cube_FW_H7RS_V1.3.0, STM32Cube_FW_H7_V1.12.1, STM32Cube_FW_L0_V1.12.2, STM32Cube_FW_L4_V1.18.1, STM32Cube_FW_L5_V1.6.0, STM32Cube_FW_N6_V1.3.0, STM32Cube_FW_U0_V1.3.0, STM32Cube_FW_U3_V1.2.1, STM32Cube_FW_U5_V1.8.0, STM32Cube_FW_WB0_V1.4.0, STM32Cube_FW_WBA_V1.8.0, STM32Cube_FW_WB_V1.24.0, STM32Cube_FW_WL3_V1.3.0, STM32Cube_FW_WL_V1.4.0, X-CUBE-ALGOBUILD_V1.4.0, X-CUBE-ALS_V1.0.2, X-CUBE-AZRTOS-F4_V1.1.0, X-CUBE-AZRTOS-F7_V1.1.0, X-CUBE-AZRTOS-G0_V1.1.0, X-CUBE-AZRTOS-G4_V2.0.0, X-CUBE-AZRTOS-H7RS_V1.1.0, X-CUBE-AZRTOS-H7_V3.4.0, X-CUBE-AZRTOS-L4_V2.0.0, X-CUBE-AZRTOS-L5_V2.0.0, X-CUBE-AZRTOS-WB_V2.0.0, X-CUBE-AZRTOS-WL_V2.0.0, X-CUBE-BLE1_V7.1.0, X-CUBE-BLE2_V3.3.0, X-CUBE-BLEMGR_V4.1.0, X-CUBE-EEPRMA1_V5.2.0, X-CUBE-FREERTOS_V1.3.1, X-CUBE-GNSS1_V6.0.0, X-CUBE-MEMS1_V12.0.0, X-CUBE-NFC4_V3.0.0, X-CUBE-NFC7_V2.0.0, X-CUBE-SFXS2LP1_V4.0.0, X-CUBE-ST67W61_V1.1.0, X-CUBE-SUBG2_V5.0.0, X-CUBE-TOF1_V3.4.3]
2026-01-29 08:37:41,131 [INFO] DbBoardsSqlite:226 - include board P-NUCLEO-WB55-NUCLEO as a kit item of type 'Nucleo-64'
2026-01-29 08:37:41,132 [INFO] DbBoardsSqlite:226 - include board P-NUCLEO-WB55-USBDONGLE as a kit item of type 'Nucleo USB Dongle'
2026-01-29 08:37:41,133 [INFO] DbBoardsSqlite:226 - include board STEVAL-IDP005V1 as a kit item of type 'Evaluation Board'
2026-01-29 08:37:41,133 [INFO] DbBoardsSqlite:226 - include board STEVAL-IDP005V2 as a kit item of type 'Evaluation Board'
2026-01-29 08:37:41,231 [INFO] ApiDb:240 - Found 880 in-development CPN: [B-G473E-ZEST1S, B-WB1M-WPAN1, B-WBA5M-WPAN, B-WL5M-SUBG1, NUCLEO-C031C6, NUCLEO-C051C8, NUCLEO-C071RB, NUCLEO-C092RC, NUCLEO-H503RB, NUCLEO-H533RE, NUCLEO-H563ZI, NUCLEO-H7S3L8, NUCLEO-N657X0-Q, NUCLEO-U031R8, NUCLEO-U083RC, NUCLEO-U385RG-Q, NUCLEO-U545RE-Q, NUCLEO-U5A5ZJ-Q, NUCLEO-WB05KZ, NUCLEO-WB07CC, NUCLEO-WB09KE, NUCLEO-WBA52CG, NUCLEO-WBA55CG, NUCLEO-WL33CC1, NUCLEO-WL33CC2, STEVAL-PROTEUS1, STEVAL-SMARTAG2, STEVAL-STWINBX1, STM320518-EVAL, STM32C0116-DK, STM32C011D6Y3TR, STM32C011D6Y6TR, STM32C011F4P3, STM32C011F4P6, STM32C011F4U3, STM32C011F4U6TR, STM32C011F6P3, STM32C011F6P6, STM32C011F6U3, STM32C011F6U6TR, STM32C011J4M3, STM32C011J4M6, STM32C011J6M3, STM32C011J6M6, STM32C0316-DK, STM32C031C4T3, STM32C031C4T6, STM32C031C4U3, STM32C031C4U6, STM32C031C6T3, STM32C031C6T6, STM32C031C6U3, STM32C031C6U6, STM32C031F4P3, STM32C031F4P6, STM32C031F6P3, STM32C031F6P6, STM32C031G4U3, STM32C031G4U6, STM32C031G6U3, STM32C031G6U6, STM32C031K4T3, STM32C031K4T6, STM32C031K4U3, STM32C031K4U6, STM32C031K6T3, STM32C031K6T6, STM32C031K6U3, STM32C031K6U6, STM32C051C6T6, STM32C051C6U6, STM32C051C8T6, STM32C051C8U6, STM32C051D8Y6TR, STM32C051F6P6, STM32C051F8P6, STM32C051G6U6, STM32C051G8U6, STM32C051K6T6, STM32C051K6U6, STM32C051K8T6, STM32C071C8T6, STM32C071C8T6N, STM32C071C8U6, STM32C071C8U6N, STM32C071CBT6, STM32C071CBT6N, STM32C071CBU6, STM32C071CBU6N, STM32C071F8P6, STM32C071F8P6N, STM32C071FBP6, STM32C071FBP6N, STM32C071FBY6TR, STM32C071G8U6, STM32C071G8U6N, STM32C071GBU6, STM32C071GBU6N, STM32C071K8T6, STM32C071K8T6N, STM32C071K8U6, STM32C071K8U6N, STM32C071KBT6, STM32C071KBT6N, STM32C071KBU6, STM32C071KBU6N, STM32C071R8T6, STM32C071R8T6N, STM32C071RBI6N, STM32C071RBT6, STM32C071RBT6N, STM32C091CBT6, STM32C091CBU6, STM32C091CCT6, STM32C091CCU6, STM32C091ECY6TR, STM32C091FBP6, STM32C091FCP6, STM32C091GBU6, STM32C091GCU6, STM32C091KBT6, STM32C091KBU6, STM32C091KCT6, STM32C091KCU6, STM32C091RBT6, STM32C091RCI6, STM32C091RCT6, STM32C092CBT6, STM32C092CBU6, STM32C092CCT6, STM32C092CCU6, STM32C092ECY6TR, STM32C092FBP6, STM32C092FCP6, STM32C092GBU6, STM32C092GCU6, STM32C092KBT6, STM32C092KBU6, STM32C092KCT6, STM32C092KCU6, STM32C092RBT6, STM32C092RCI6, STM32C092RCT6, STM32G071K8TXN, STM32G071K8UXN, STM32G081GBU6N, STM32G081KBT6N, STM32G081KBUXN, STM32G0B1CCT6N, STM32G0B1KCT6, STM32G0B1NEY6TR, STM32G0B1RCT6N, STM32G0C1CCT6, STM32G0C1CCT6N, STM32G0C1CCU6N, STM32G0C1CET6N, STM32G0C1CEU6N, STM32G0C1KCT6, STM32G0C1NEY6TR, STM32G0C1RCI6N, STM32G0C1RCT6N, STM32G0C1REI6N, STM32G0C1RET6N, STM32G0C1VCI6, STM32G0C1VEI6, STM32G411C6T3, STM32G411C6T6, STM32G411C6U3, STM32G411C6U6, STM32G411C8T3, STM32G411C8T6, STM32G411C8U3, STM32G411C8U6, STM32G411CBT3, STM32G411CBT6, STM32G411CBU3, STM32G411CBU6, STM32G411K6T3, STM32G411K6T6, STM32G411K6U3, STM32G411K6U6, STM32G411K8T3, STM32G411K8T6, STM32G411K8U3, STM32G411K8U6, STM32G411KBT3, STM32G411KBT6, STM32G411KBU3, STM32G411KBU6, STM32G411M6T3, STM32G411M6T6, STM32G411M8T3, STM32G411M8T6, STM32G411MBT3, STM32G411MBT6, STM32G411R6T3, STM32G411R6T6, STM32G411R8T3, STM32G411R8T6, STM32G411RBT3, STM32G411RBT6, STM32G414CBT3, STM32G414CBT6, STM32G414CBU3, STM32G414CBU6, STM32G414CCT3, STM32G414CCT6, STM32G414CCU3, STM32G414CCU6, STM32G414MBT3, STM32G414MBT6, STM32G414MCT3, STM32G414MCT6, STM32G414RBT3, STM32G414RBT6, STM32G414RCT3, STM32G414RCT6, STM32G414VBT3, STM32G414VBT6, STM32G414VCT3, STM32G414VCT6, STM32G431CBT3Z, STM32G431RBT3Z, STM32G471CCT6, STM32G471CCU6, STM32G471CET3, STM32G471CET6, STM32G471CEU3, STM32G471CEU6, STM32G471MCT6, STM32G471MET3, STM32G471MET6, STM32G471MEY6TR, STM32G471QCT6, STM32G471QET3, STM32G471RCT6, STM32G471RET3, STM32G471RET6, STM32G471VCH6, STM32G471VCI6, STM32G471VCT6, STM32G471VEH3, STM32G471VEH6, STM32G471VEI3, STM32G471VEI6, STM32G471VET3, STM32G471VET6, STM32G473QET3Z, STM32G473RET3Z, STM32G474CCT6, STM32G491RET3Z, STM32H503CBT6, STM32H503CBU6, STM32H503EBY6TR, STM32H503KBU6, STM32H503RBT6, STM32H523CCT6, STM32H523CCU6, STM32H523CET6, STM32H523CEU6, STM32H523HEY6TR, STM32H523RCT6, STM32H523RET6, STM32H523VCI6, STM32H523VCT6, STM32H523VEI6, STM32H523VET6, STM32H523ZCJ6, STM32H523ZCT6, STM32H523ZEJ6, STM32H523ZET6, STM32H533CET6, STM32H533CEU6, STM32H533HEY6TR, STM32H533RET6, STM32H533VEI6, STM32H533VET6, STM32H533ZEJ6, STM32H533ZET6, STM32H562AGI6, STM32H562AII6, STM32H562IGK6, STM32H562IGT6, STM32H562IIK6, STM32H562IIT6, STM32H562RGT6, STM32H562RGV6, STM32H562RIT6, STM32H562RIV6, STM32H562VGT6, STM32H562VIT6, STM32H562ZGT6, STM32H562ZIT6, STM32H563AGI6, STM32H563AII3Q, STM32H563AII6, STM32H563IGK6, STM32H563IGT6, STM32H563IIK3Q, STM32H563IIK6, STM32H563IIT3Q, STM32H563IIT6, STM32H563MIY3QTR, STM32H563RGT6, STM32H563RGV6, STM32H563RIT6, STM32H563RIV6, STM32H563VGT6, STM32H563VIT3Q, STM32H563VIT6, STM32H563ZGT6, STM32H563ZIT3Q, STM32H563ZIT6, STM32H573AII3Q, STM32H573AII6, STM32H573I-DK, STM32H573IIK3Q, STM32H573IIK6, STM32H573IIT3Q, STM32H573IIT6, STM32H573MIY3QTR, STM32H573RIT6, STM32H573RIV6, STM32H573VIT3Q, STM32H573VIT6, STM32H573ZIT3Q, STM32H573ZIT6, STM32H7R3A8I6, STM32H7R3I8K6, STM32H7R3I8T6, STM32H7R3L8H6, STM32H7R3L8H6H, STM32H7R3R8V6, STM32H7R3V8H6, STM32H7R3V8T6, STM32H7R3V8Y6TR, STM32H7R3Z8J6, STM32H7R3Z8T6, STM32H7R7A8I6, STM32H7R7I8K6, STM32H7R7I8T6, STM32H7R7L8H6, STM32H7R7L8H6H, STM32H7R7Z8J6, STM32H7S3A8I6, STM32H7S3I8K6, STM32H7S3I8T6, STM32H7S3L8H6, STM32H7S3L8H6H, STM32H7S3R8V6, STM32H7S3V8H6, STM32H7S3V8T6, STM32H7S3V8Y6TR, STM32H7S3Z8J6, STM32H7S3Z8T6, STM32H7S78-DK, STM32H7S7A8I6, STM32H7S7I8K6, STM32H7S7I8T6, STM32H7S7L8H6, STM32H7S7L8H6H, STM32H7S7Z8J6, STM32L4R5QGI6STR, STM32MP131AAE3, STM32MP131AAF3, STM32MP131AAG3, STM32MP131CAE3, STM32MP131CAF3, STM32MP131CAG3, STM32MP131DAE7, STM32MP131DAF7, STM32MP131DAG7, STM32MP131FAE7, STM32MP131FAF7, STM32MP131FAG7, STM32MP133AAE3, STM32MP133AAF3, STM32MP133AAG3, STM32MP133CAE3, STM32MP133CAF3, STM32MP133CAG3, STM32MP133DAE7, STM32MP133DAF7, STM32MP133DAG7, STM32MP133FAE7, STM32MP133FAF7, STM32MP133FAG7, STM32MP135AAE3, STM32MP135AAF3, STM32MP135AAG3, STM32MP135CAE3, STM32MP135CAF3, STM32MP135CAG3, STM32MP135DAE7, STM32MP135DAF7, STM32MP135DAG7, STM32MP135F-DK, STM32MP135FAE7, STM32MP135FAF7, STM32MP135FAF7T, STM32MP135FAF7U, STM32MP135FAG7, STM32MP211AAL3, STM32MP211AAM3, STM32MP211AAN3, STM32MP211AAO3, STM32MP211CAL3, STM32MP211CAM3, STM32MP211CAN3, STM32MP211CAO3, STM32MP211DAL3, STM32MP211DAM3, STM32MP211DAN3, STM32MP211DAO3, STM32MP211FAL3, STM32MP211FAM3, STM32MP211FAN3, STM32MP211FAO3, STM32MP213AAL3, STM32MP213AAM3, STM32MP213AAN3, STM32MP213AAO3, STM32MP213CAL3, STM32MP213CAM3, STM32MP213CAN3, STM32MP213CAO3, STM32MP213DAL3, STM32MP213DAM3, STM32MP213DAN3, STM32MP213DAO3, STM32MP213FAL3, STM32MP213FAM3, STM32MP213FAN3, STM32MP213FAO3, STM32MP215AAL3, STM32MP215AAM3, STM32MP215AAN3, STM32MP215AAO3, STM32MP215CAL3, STM32MP215CAM3, STM32MP215CAN3, STM32MP215CAO3, STM32MP215DAL3, STM32MP215DAM3, STM32MP215DAN3, STM32MP215DAO3, STM32MP215F-DK, STM32MP215FAL3, STM32MP215FAM3, STM32MP215FAN3, STM32MP215FAO3, STM32MP231AAJ3, STM32MP231AAK3, STM32MP231AAL3, STM32MP231CAJ3, STM32MP231CAK3, STM32MP231CAL3, STM32MP231DAJ3, STM32MP231DAK3, STM32MP231DAL3, STM32MP231FAJ3, STM32MP231FAK3, STM32MP231FAL3, STM32MP233AAJ3, STM32MP233AAK3, STM32MP233AAL3, STM32MP233CAJ3, STM32MP233CAK3, STM32MP233CAL3, STM32MP233DAJ3, STM32MP233DAK3, STM32MP233DAL3, STM32MP233FAJ3, STM32MP233FAK3, STM32MP233FAL3, STM32MP235AAJ3, STM32MP235AAK3, STM32MP235AAL3, STM32MP235CAJ3, STM32MP235CAK3, STM32MP235CAL3, STM32MP235DAJ3, STM32MP235DAK3, STM32MP235DAL3, STM32MP235FAJ3, STM32MP235FAK3, STM32MP235FAL3, STM32MP251AAI3, STM32MP251AAK3, STM32MP251AAL3, STM32MP251CAI3, STM32MP251CAK3, STM32MP251CAL3, STM32MP251DAI3, STM32MP251DAK3, STM32MP251DAL3, STM32MP251FAI3, STM32MP251FAK3, STM32MP251FAL3, STM32MP253AAI3, STM32MP253AAK3, STM32MP253AAL3, STM32MP253CAI3, STM32MP253CAK3, STM32MP253CAL3, STM32MP253DAI3, STM32MP253DAK3, STM32MP253DAL3, STM32MP253FAI3, STM32MP253FAK3, STM32MP253FAL3, STM32MP255AAI3, STM32MP255AAK3, STM32MP255AAL3, STM32MP255CAI3, STM32MP255CAK3, STM32MP255CAL3, STM32MP255DAI3, STM32MP255DAK3, STM32MP255DAL3, STM32MP255FAI3, STM32MP255FAK3, STM32MP255FAL3, STM32MP257AAI3, STM32MP257AAK3, STM32MP257AAL3, STM32MP257CAI3, STM32MP257CAK3, STM32MP257CAL3, STM32MP257DAI3, STM32MP257DAK3, STM32MP257DAL3, STM32MP257F-DK, STM32MP257F-EV1, STM32MP257FAI3, STM32MP257FAK3, STM32MP257FAL3, STM32N645A0H3Q, STM32N645B0H3Q, STM32N645I0H3Q, STM32N645L0H3Q, STM32N645X0H3Q, STM32N645Z0H3Q, STM32N647A0H3Q, STM32N647B0H3Q, STM32N647I0H3Q, STM32N647L0H3Q, STM32N647X0H3Q, STM32N647Z0H3Q, STM32N655A0H3Q, STM32N655B0H3Q, STM32N655I0H3Q, STM32N655L0H3Q, STM32N655X0H3Q, STM32N655Z0H3Q, STM32N6570-DK, STM32N657A0H3Q, STM32N657B0H3Q, STM32N657I0H3Q, STM32N657L0H3Q, STM32N657X0H3Q, STM32N657Z0H3Q, STM32U031C6T6, STM32U031C6U6, STM32U031C8T6, STM32U031C8U6, STM32U031F4P6, STM32U031F6P6, STM32U031F8P6, STM32U031G6Y6TR, STM32U031G8Y6TR, STM32U031K4U6, STM32U031K6U6, STM32U031K8U6, STM32U031R6I6, STM32U031R6T6, STM32U031R8I6, STM32U031R8T6, STM32U073C8T6, STM32U073C8U6, STM32U073CBT6, STM32U073CBU6, STM32U073CCT6, STM32U073CCU6, STM32U073H8Y6TR, STM32U073HBY6TR, STM32U073HCY6TR, STM32U073K8U6, STM32U073KBU6, STM32U073KCU6, STM32U073M8I6, STM32U073M8T6, STM32U073MBI6, STM32U073MBT6, STM32U073MCI6, STM32U073MCT6, STM32U073R8I6, STM32U073R8T6, STM32U073RBI6, STM32U073RBT6, STM32U073RCI6, STM32U073RCT6, STM32U083C-DK, STM32U083CCT6, STM32U083CCU6, STM32U083HCY6TR, STM32U083KCU6, STM32U083MCI6, STM32U083MCT6, STM32U083RCI6, STM32U083RCT6, STM32U375CET6, STM32U375CET6Q, STM32U375CEU6, STM32U375CEU6Q, STM32U375CEY6QTR, STM32U375CGT6, STM32U375CGT6Q, STM32U375CGU6, STM32U375CGU6Q, STM32U375CGY6QTR, STM32U375KEU6, STM32U375KGU6, STM32U375REI6, STM32U375REI6Q, STM32U375RET6, STM32U375RET6Q, STM32U375REY6GTR, STM32U375REY6QTR, STM32U375RGI6, STM32U375RGI6Q, STM32U375RGT6, STM32U375RGT6Q, STM32U375RGY6GTR, STM32U375RGY6QTR, STM32U375VEI6, STM32U375VEI6Q, STM32U375VET6, STM32U375VET6Q, STM32U375VGI6, STM32U375VGI6Q, STM32U375VGT6, STM32U375VGT6Q, STM32U385CGT6, STM32U385CGT6Q, STM32U385CGU6, STM32U385CGU6Q, STM32U385CGY6QTR, STM32U385KGU6, STM32U385RGI6, STM32U385RGI6Q, STM32U385RGT6, STM32U385RGT6Q, STM32U385RGY6GTR, STM32U385RGY6QTR, STM32U385VGI6, STM32U385VGI6Q, STM32U385VGT6, STM32U385VGT6Q, STM32U535CBT6, STM32U535CBT6Q, STM32U535CBU6, STM32U535CBU6Q, STM32U535CCT6, STM32U535CCT6Q, STM32U535CCU6, STM32U535CCU6Q, STM32U535CET6, STM32U535CET6Q, STM32U535CEU6, STM32U535CEU6Q, STM32U535JEY6QTR, STM32U535NCY6QTR, STM32U535NEY6QTR, STM32U535RBI6, STM32U535RBI6Q, STM32U535RBT6, STM32U535RBT6Q, STM32U535RCI6, STM32U535RCI6Q, STM32U535RCT6, STM32U535RCT6Q, STM32U535REI6, STM32U535REI6Q, STM32U535RET6, STM32U535RET6Q, STM32U535VCI6, STM32U535VCI6Q, STM32U535VCT6, STM32U535VCT6Q, STM32U535VEI6, STM32U535VEI6Q, STM32U535VET6, STM32U535VET6Q, STM32U545CET6, STM32U545CET6Q, STM32U545CEU6, STM32U545CEU6Q, STM32U545JEY6QTR, STM32U545NEY6QTR, STM32U545REI6, STM32U545REI6Q, STM32U545RET6, STM32U545RET6Q, STM32U545VEI6, STM32U545VEI6Q, STM32U545VET6, STM32U545VET6Q, STM32U595AIH6, STM32U595AIH6Q, STM32U595AJH6, STM32U595AJH6Q, STM32U595QII6, STM32U595QII6Q, STM32U595QJI6, STM32U595QJI6Q, STM32U595RIT6, STM32U595RIT6Q, STM32U595RJT6, STM32U595RJT6Q, STM32U595VIT6, STM32U595VIT6Q, STM32U595VJT6, STM32U595VJT6Q, STM32U595ZIT6, STM32U595ZIT6Q, STM32U595ZIY6QTR, STM32U595ZJT6, STM32U595ZJT6Q, STM32U595ZJY6QTR, STM32U599BJY6QTR, STM32U599NIH6Q, STM32U599NJH6Q, STM32U599VIT6Q, STM32U599VJT6, STM32U599VJT6Q, STM32U599ZIT6Q, STM32U599ZIY6QTR, STM32U599ZJT6Q, STM32U599ZJY6QTR, STM32U5A5AJH6, STM32U5A5AJH6Q, STM32U5A5QII3Q , STM32U5A5QJI6, STM32U5A5QJI6Q, STM32U5A5RJT6, STM32U5A5RJT6Q, STM32U5A5VJT6, STM32U5A5VJT6Q, STM32U5A5ZJT6, STM32U5A5ZJT6Q, STM32U5A5ZJY6QTR, STM32U5A9BJY6QTR, STM32U5A9J-DK, STM32U5A9NJH6Q, STM32U5A9VJT6Q, STM32U5A9ZJT6Q, STM32U5A9ZJY6QTR, STM32U5F7VIT6, STM32U5F7VIT6Q, STM32U5F7VJT6, STM32U5F7VJT6Q, STM32U5F9BJY6QTR, STM32U5F9NJH6Q, STM32U5F9VIT6Q, STM32U5F9VJT6Q, STM32U5F9ZIJ6QTR, STM32U5F9ZIT6Q, STM32U5F9ZJJ6QTR, STM32U5F9ZJT6Q, STM32U5G7VJT6, STM32U5G7VJT6Q, STM32U5G9BJY6QTR, STM32U5G9J-DK1, STM32U5G9J-DK2, STM32U5G9NJH6Q, STM32U5G9VJT6Q, STM32U5G9ZJJ6QTR, STM32U5G9ZJT6Q, STM32WB05KZV6TR, STM32WB05KZV7TR, STM32WB05TZF6TR, STM32WB05TZF7TR, STM32WB06CCF6TR, STM32WB06CCF7TR, STM32WB06CCV6TR, STM32WB06CCV7TR, STM32WB06KCV6TR, STM32WB06KCV7TR, STM32WB07CCF6TR, STM32WB07CCF7TR, STM32WB07CCV6TR, STM32WB07CCV7TR, STM32WB07KCV6TR, STM32WB07KCV7TR, STM32WB09KEV6TR, STM32WB09KEV7TR, STM32WB09TEF6TR, STM32WB09TEF7TR, STM32WB1MMCH6, STM32WBA50KGU6, STM32WBA50KGU6TR, STM32WBA52CEU6, STM32WBA52CEU6TR, STM32WBA52CEU7, STM32WBA52CEU7TR, STM32WBA52CGU6, STM32WBA52CGU6TR, STM32WBA52CGU6U, STM32WBA52CGU7, STM32WBA52CGU7TR, STM32WBA52KEU6, STM32WBA52KEU6TR, STM32WBA52KGU6, STM32WBA52KGU6TR, STM32WBA54CEU6, STM32WBA54CEU6TR, STM32WBA54CEU7, STM32WBA54CEU7TR, STM32WBA54CGU6, STM32WBA54CGU6TR, STM32WBA54CGU7, STM32WBA54CGU7TR, STM32WBA54KEU6, STM32WBA54KEU6TR, STM32WBA54KEU7, STM32WBA54KEU7TR, STM32WBA54KGU6, STM32WBA54KGU6TR, STM32WBA54KGU7, STM32WBA54KGU7TR, STM32WBA55CEU6, STM32WBA55CEU6TR, STM32WBA55CEU7, STM32WBA55CEU7TR, STM32WBA55CGU6, STM32WBA55CGU6TR, STM32WBA55CGU6U, STM32WBA55CGU7, STM32WBA55CGU7TR, STM32WBA55G-DK1, STM32WBA55HEF6, STM32WBA55HEF7, STM32WBA55HGF6, STM32WBA55HGF7, STM32WBA55UEI6, STM32WBA55UEI6TR, STM32WBA55UEI7, STM32WBA55UEI7TR, STM32WBA55UGI6, STM32WBA55UGI6TR, STM32WBA55UGI7, STM32WBA55UGI7TR, STM32WBA5MMGH6TR, STM32WBA62MGF6, STM32WBA62MIF6, STM32WBA65MGF7, STM32WBA65MIF6, STM32WBA65MIF7, STM32WL30K8V6, STM32WL30KBV6, STM32WL31C8V6, STM32WL31CBV6, STM32WL31K8V6, STM32WL31KBV6, STM32WL33C8V6, STM32WL33C8V6X, STM32WL33CBV6, STM32WL33CBV6X, STM32WL33CCV6, STM32WL33CCV6A, STM32WL33CCV6X, STM32WL33K8V7, STM32WL33K8V7X, STM32WL33KBV7 , STM32WL33KBV7X, STM32WL33KCV7, STM32WL33KCV7X, STM32WL5MOCH6, STM32WL5MOCH6TR]
2026-01-29 08:37:41,234 [INFO] ApiDb:668 - CubeFinder database Data Model version=2.1
2026-01-29 08:37:41,234 [INFO] ApiDb:669 - CubeFinder database Configuration version=3.0.39
2026-01-29 08:37:41,234 [INFO] ApiDb:670 - CubeFinder database generation date=2025-12-22 (1766407740)
2026-01-29 08:37:41,234 [INFO] ApiDb:671 - CubeFinder database FW Pack versions=[FP-ATR-ASTRA1_V2.0.0, FP-SNS-FLIGHT1_V5.1.0, FP-SNS-MOTENV1_V5.1.0, FP-SNS-MOTENVWB1_V1.4.0, FP-SNS-SMARTAG2_V1.2.0, FP-SNS-STBOX1_V2.1.0, STM32Cube_FW_C0_V1.4.0, STM32Cube_FW_F4_V1.28.3, STM32Cube_FW_F7_V1.17.4, STM32Cube_FW_G0_V1.6.2, STM32Cube_FW_G4_V1.6.1, STM32Cube_FW_H5_V1.5.1, STM32Cube_FW_H7RS_V1.3.0, STM32Cube_FW_H7_V1.12.1, STM32Cube_FW_L0_V1.12.2, STM32Cube_FW_L4_V1.18.1, STM32Cube_FW_L5_V1.6.0, STM32Cube_FW_N6_V1.3.0, STM32Cube_FW_U0_V1.3.0, STM32Cube_FW_U3_V1.2.1, STM32Cube_FW_U5_V1.8.0, STM32Cube_FW_WB0_V1.4.0, STM32Cube_FW_WBA_V1.8.0, STM32Cube_FW_WB_V1.24.0, STM32Cube_FW_WL3_V1.3.0, STM32Cube_FW_WL_V1.4.0, X-CUBE-ALGOBUILD_V1.4.0, X-CUBE-ALS_V1.0.2, X-CUBE-AZRTOS-F4_V1.1.0, X-CUBE-AZRTOS-F7_V1.1.0, X-CUBE-AZRTOS-G0_V1.1.0, X-CUBE-AZRTOS-G4_V2.0.0, X-CUBE-AZRTOS-H7RS_V1.1.0, X-CUBE-AZRTOS-H7_V3.4.0, X-CUBE-AZRTOS-L4_V2.0.0, X-CUBE-AZRTOS-L5_V2.0.0, X-CUBE-AZRTOS-WB_V2.0.0, X-CUBE-AZRTOS-WL_V2.0.0, X-CUBE-BLE1_V7.1.0, X-CUBE-BLE2_V3.3.0, X-CUBE-BLEMGR_V4.1.0, X-CUBE-EEPRMA1_V5.2.0, X-CUBE-FREERTOS_V1.3.1, X-CUBE-GNSS1_V6.0.0, X-CUBE-MEMS1_V12.0.0, X-CUBE-NFC4_V3.0.0, X-CUBE-NFC7_V2.0.0, X-CUBE-SFXS2LP1_V4.0.0, X-CUBE-ST67W61_V1.1.0, X-CUBE-SUBG2_V5.0.0, X-CUBE-TOF1_V3.4.3]
2026-01-29 08:37:43,036 [INFO] ApiDb:240 - Found 880 in-development CPN: [B-G473E-ZEST1S, B-WB1M-WPAN1, B-WBA5M-WPAN, B-WL5M-SUBG1, NUCLEO-C031C6, NUCLEO-C051C8, NUCLEO-C071RB, NUCLEO-C092RC, NUCLEO-H503RB, NUCLEO-H533RE, NUCLEO-H563ZI, NUCLEO-H7S3L8, NUCLEO-N657X0-Q, NUCLEO-U031R8, NUCLEO-U083RC, NUCLEO-U385RG-Q, NUCLEO-U545RE-Q, NUCLEO-U5A5ZJ-Q, NUCLEO-WB05KZ, NUCLEO-WB07CC, NUCLEO-WB09KE, NUCLEO-WBA52CG, NUCLEO-WBA55CG, NUCLEO-WL33CC1, NUCLEO-WL33CC2, STEVAL-PROTEUS1, STEVAL-SMARTAG2, STEVAL-STWINBX1, STM320518-EVAL, STM32C0116-DK, STM32C011D6Y3TR, STM32C011D6Y6TR, STM32C011F4P3, STM32C011F4P6, STM32C011F4U3, STM32C011F4U6TR, STM32C011F6P3, STM32C011F6P6, STM32C011F6U3, STM32C011F6U6TR, STM32C011J4M3, STM32C011J4M6, STM32C011J6M3, STM32C011J6M6, STM32C0316-DK, STM32C031C4T3, STM32C031C4T6, STM32C031C4U3, STM32C031C4U6, STM32C031C6T3, STM32C031C6T6, STM32C031C6U3, STM32C031C6U6, STM32C031F4P3, STM32C031F4P6, STM32C031F6P3, STM32C031F6P6, STM32C031G4U3, STM32C031G4U6, STM32C031G6U3, STM32C031G6U6, STM32C031K4T3, STM32C031K4T6, STM32C031K4U3, STM32C031K4U6, STM32C031K6T3, STM32C031K6T6, STM32C031K6U3, STM32C031K6U6, STM32C051C6T6, STM32C051C6U6, STM32C051C8T6, STM32C051C8U6, STM32C051D8Y6TR, STM32C051F6P6, STM32C051F8P6, STM32C051G6U6, STM32C051G8U6, STM32C051K6T6, STM32C051K6U6, STM32C051K8T6, STM32C071C8T6, STM32C071C8T6N, STM32C071C8U6, STM32C071C8U6N, STM32C071CBT6, STM32C071CBT6N, STM32C071CBU6, STM32C071CBU6N, STM32C071F8P6, STM32C071F8P6N, STM32C071FBP6, STM32C071FBP6N, STM32C071FBY6TR, STM32C071G8U6, STM32C071G8U6N, STM32C071GBU6, STM32C071GBU6N, STM32C071K8T6, STM32C071K8T6N, STM32C071K8U6, STM32C071K8U6N, STM32C071KBT6, STM32C071KBT6N, STM32C071KBU6, STM32C071KBU6N, STM32C071R8T6, STM32C071R8T6N, STM32C071RBI6N, STM32C071RBT6, STM32C071RBT6N, STM32C091CBT6, STM32C091CBU6, STM32C091CCT6, STM32C091CCU6, STM32C091ECY6TR, STM32C091FBP6, STM32C091FCP6, STM32C091GBU6, STM32C091GCU6, STM32C091KBT6, STM32C091KBU6, STM32C091KCT6, STM32C091KCU6, STM32C091RBT6, STM32C091RCI6, STM32C091RCT6, STM32C092CBT6, STM32C092CBU6, STM32C092CCT6, STM32C092CCU6, STM32C092ECY6TR, STM32C092FBP6, STM32C092FCP6, STM32C092GBU6, STM32C092GCU6, STM32C092KBT6, STM32C092KBU6, STM32C092KCT6, STM32C092KCU6, STM32C092RBT6, STM32C092RCI6, STM32C092RCT6, STM32G071K8TXN, STM32G071K8UXN, STM32G081GBU6N, STM32G081KBT6N, STM32G081KBUXN, STM32G0B1CCT6N, STM32G0B1KCT6, STM32G0B1NEY6TR, STM32G0B1RCT6N, STM32G0C1CCT6, STM32G0C1CCT6N, STM32G0C1CCU6N, STM32G0C1CET6N, STM32G0C1CEU6N, STM32G0C1KCT6, STM32G0C1NEY6TR, STM32G0C1RCI6N, STM32G0C1RCT6N, STM32G0C1REI6N, STM32G0C1RET6N, STM32G0C1VCI6, STM32G0C1VEI6, STM32G411C6T3, STM32G411C6T6, STM32G411C6U3, STM32G411C6U6, STM32G411C8T3, STM32G411C8T6, STM32G411C8U3, STM32G411C8U6, STM32G411CBT3, STM32G411CBT6, STM32G411CBU3, STM32G411CBU6, STM32G411K6T3, STM32G411K6T6, STM32G411K6U3, STM32G411K6U6, STM32G411K8T3, STM32G411K8T6, STM32G411K8U3, STM32G411K8U6, STM32G411KBT3, STM32G411KBT6, STM32G411KBU3, STM32G411KBU6, STM32G411M6T3, STM32G411M6T6, STM32G411M8T3, STM32G411M8T6, STM32G411MBT3, STM32G411MBT6, STM32G411R6T3, STM32G411R6T6, STM32G411R8T3, STM32G411R8T6, STM32G411RBT3, STM32G411RBT6, STM32G414CBT3, STM32G414CBT6, STM32G414CBU3, STM32G414CBU6, STM32G414CCT3, STM32G414CCT6, STM32G414CCU3, STM32G414CCU6, STM32G414MBT3, STM32G414MBT6, STM32G414MCT3, STM32G414MCT6, STM32G414RBT3, STM32G414RBT6, STM32G414RCT3, STM32G414RCT6, STM32G414VBT3, STM32G414VBT6, STM32G414VCT3, STM32G414VCT6, STM32G431CBT3Z, STM32G431RBT3Z, STM32G471CCT6, STM32G471CCU6, STM32G471CET3, STM32G471CET6, STM32G471CEU3, STM32G471CEU6, STM32G471MCT6, STM32G471MET3, STM32G471MET6, STM32G471MEY6TR, STM32G471QCT6, STM32G471QET3, STM32G471RCT6, STM32G471RET3, STM32G471RET6, STM32G471VCH6, STM32G471VCI6, STM32G471VCT6, STM32G471VEH3, STM32G471VEH6, STM32G471VEI3, STM32G471VEI6, STM32G471VET3, STM32G471VET6, STM32G473QET3Z, STM32G473RET3Z, STM32G474CCT6, STM32G491RET3Z, STM32H503CBT6, STM32H503CBU6, STM32H503EBY6TR, STM32H503KBU6, STM32H503RBT6, STM32H523CCT6, STM32H523CCU6, STM32H523CET6, STM32H523CEU6, STM32H523HEY6TR, STM32H523RCT6, STM32H523RET6, STM32H523VCI6, STM32H523VCT6, STM32H523VEI6, STM32H523VET6, STM32H523ZCJ6, STM32H523ZCT6, STM32H523ZEJ6, STM32H523ZET6, STM32H533CET6, STM32H533CEU6, STM32H533HEY6TR, STM32H533RET6, STM32H533VEI6, STM32H533VET6, STM32H533ZEJ6, STM32H533ZET6, STM32H562AGI6, STM32H562AII6, STM32H562IGK6, STM32H562IGT6, STM32H562IIK6, STM32H562IIT6, STM32H562RGT6, STM32H562RGV6, STM32H562RIT6, STM32H562RIV6, STM32H562VGT6, STM32H562VIT6, STM32H562ZGT6, STM32H562ZIT6, STM32H563AGI6, STM32H563AII3Q, STM32H563AII6, STM32H563IGK6, STM32H563IGT6, STM32H563IIK3Q, STM32H563IIK6, STM32H563IIT3Q, STM32H563IIT6, STM32H563MIY3QTR, STM32H563RGT6, STM32H563RGV6, STM32H563RIT6, STM32H563RIV6, STM32H563VGT6, STM32H563VIT3Q, STM32H563VIT6, STM32H563ZGT6, STM32H563ZIT3Q, STM32H563ZIT6, STM32H573AII3Q, STM32H573AII6, STM32H573I-DK, STM32H573IIK3Q, STM32H573IIK6, STM32H573IIT3Q, STM32H573IIT6, STM32H573MIY3QTR, STM32H573RIT6, STM32H573RIV6, STM32H573VIT3Q, STM32H573VIT6, STM32H573ZIT3Q, STM32H573ZIT6, STM32H7R3A8I6, STM32H7R3I8K6, STM32H7R3I8T6, STM32H7R3L8H6, STM32H7R3L8H6H, STM32H7R3R8V6, STM32H7R3V8H6, STM32H7R3V8T6, STM32H7R3V8Y6TR, STM32H7R3Z8J6, STM32H7R3Z8T6, STM32H7R7A8I6, STM32H7R7I8K6, STM32H7R7I8T6, STM32H7R7L8H6, STM32H7R7L8H6H, STM32H7R7Z8J6, STM32H7S3A8I6, STM32H7S3I8K6, STM32H7S3I8T6, STM32H7S3L8H6, STM32H7S3L8H6H, STM32H7S3R8V6, STM32H7S3V8H6, STM32H7S3V8T6, STM32H7S3V8Y6TR, STM32H7S3Z8J6, STM32H7S3Z8T6, STM32H7S78-DK, STM32H7S7A8I6, STM32H7S7I8K6, STM32H7S7I8T6, STM32H7S7L8H6, STM32H7S7L8H6H, STM32H7S7Z8J6, STM32L4R5QGI6STR, STM32MP131AAE3, STM32MP131AAF3, STM32MP131AAG3, STM32MP131CAE3, STM32MP131CAF3, STM32MP131CAG3, STM32MP131DAE7, STM32MP131DAF7, STM32MP131DAG7, STM32MP131FAE7, STM32MP131FAF7, STM32MP131FAG7, STM32MP133AAE3, STM32MP133AAF3, STM32MP133AAG3, STM32MP133CAE3, STM32MP133CAF3, STM32MP133CAG3, STM32MP133DAE7, STM32MP133DAF7, STM32MP133DAG7, STM32MP133FAE7, STM32MP133FAF7, STM32MP133FAG7, STM32MP135AAE3, STM32MP135AAF3, STM32MP135AAG3, STM32MP135CAE3, STM32MP135CAF3, STM32MP135CAG3, STM32MP135DAE7, STM32MP135DAF7, STM32MP135DAG7, STM32MP135F-DK, STM32MP135FAE7, STM32MP135FAF7, STM32MP135FAF7T, STM32MP135FAF7U, STM32MP135FAG7, STM32MP211AAL3, STM32MP211AAM3, STM32MP211AAN3, STM32MP211AAO3, STM32MP211CAL3, STM32MP211CAM3, STM32MP211CAN3, STM32MP211CAO3, STM32MP211DAL3, STM32MP211DAM3, STM32MP211DAN3, STM32MP211DAO3, STM32MP211FAL3, STM32MP211FAM3, STM32MP211FAN3, STM32MP211FAO3, STM32MP213AAL3, STM32MP213AAM3, STM32MP213AAN3, STM32MP213AAO3, STM32MP213CAL3, STM32MP213CAM3, STM32MP213CAN3, STM32MP213CAO3, STM32MP213DAL3, STM32MP213DAM3, STM32MP213DAN3, STM32MP213DAO3, STM32MP213FAL3, STM32MP213FAM3, STM32MP213FAN3, STM32MP213FAO3, STM32MP215AAL3, STM32MP215AAM3, STM32MP215AAN3, STM32MP215AAO3, STM32MP215CAL3, STM32MP215CAM3, STM32MP215CAN3, STM32MP215CAO3, STM32MP215DAL3, STM32MP215DAM3, STM32MP215DAN3, STM32MP215DAO3, STM32MP215F-DK, STM32MP215FAL3, STM32MP215FAM3, STM32MP215FAN3, STM32MP215FAO3, STM32MP231AAJ3, STM32MP231AAK3, STM32MP231AAL3, STM32MP231CAJ3, STM32MP231CAK3, STM32MP231CAL3, STM32MP231DAJ3, STM32MP231DAK3, STM32MP231DAL3, STM32MP231FAJ3, STM32MP231FAK3, STM32MP231FAL3, STM32MP233AAJ3, STM32MP233AAK3, STM32MP233AAL3, STM32MP233CAJ3, STM32MP233CAK3, STM32MP233CAL3, STM32MP233DAJ3, STM32MP233DAK3, STM32MP233DAL3, STM32MP233FAJ3, STM32MP233FAK3, STM32MP233FAL3, STM32MP235AAJ3, STM32MP235AAK3, STM32MP235AAL3, STM32MP235CAJ3, STM32MP235CAK3, STM32MP235CAL3, STM32MP235DAJ3, STM32MP235DAK3, STM32MP235DAL3, STM32MP235FAJ3, STM32MP235FAK3, STM32MP235FAL3, STM32MP251AAI3, STM32MP251AAK3, STM32MP251AAL3, STM32MP251CAI3, STM32MP251CAK3, STM32MP251CAL3, STM32MP251DAI3, STM32MP251DAK3, STM32MP251DAL3, STM32MP251FAI3, STM32MP251FAK3, STM32MP251FAL3, STM32MP253AAI3, STM32MP253AAK3, STM32MP253AAL3, STM32MP253CAI3, STM32MP253CAK3, STM32MP253CAL3, STM32MP253DAI3, STM32MP253DAK3, STM32MP253DAL3, STM32MP253FAI3, STM32MP253FAK3, STM32MP253FAL3, STM32MP255AAI3, STM32MP255AAK3, STM32MP255AAL3, STM32MP255CAI3, STM32MP255CAK3, STM32MP255CAL3, STM32MP255DAI3, STM32MP255DAK3, STM32MP255DAL3, STM32MP255FAI3, STM32MP255FAK3, STM32MP255FAL3, STM32MP257AAI3, STM32MP257AAK3, STM32MP257AAL3, STM32MP257CAI3, STM32MP257CAK3, STM32MP257CAL3, STM32MP257DAI3, STM32MP257DAK3, STM32MP257DAL3, STM32MP257F-DK, STM32MP257F-EV1, STM32MP257FAI3, STM32MP257FAK3, STM32MP257FAL3, STM32N645A0H3Q, STM32N645B0H3Q, STM32N645I0H3Q, STM32N645L0H3Q, STM32N645X0H3Q, STM32N645Z0H3Q, STM32N647A0H3Q, STM32N647B0H3Q, STM32N647I0H3Q, STM32N647L0H3Q, STM32N647X0H3Q, STM32N647Z0H3Q, STM32N655A0H3Q, STM32N655B0H3Q, STM32N655I0H3Q, STM32N655L0H3Q, STM32N655X0H3Q, STM32N655Z0H3Q, STM32N6570-DK, STM32N657A0H3Q, STM32N657B0H3Q, STM32N657I0H3Q, STM32N657L0H3Q, STM32N657X0H3Q, STM32N657Z0H3Q, STM32U031C6T6, STM32U031C6U6, STM32U031C8T6, STM32U031C8U6, STM32U031F4P6, STM32U031F6P6, STM32U031F8P6, STM32U031G6Y6TR, STM32U031G8Y6TR, STM32U031K4U6, STM32U031K6U6, STM32U031K8U6, STM32U031R6I6, STM32U031R6T6, STM32U031R8I6, STM32U031R8T6, STM32U073C8T6, STM32U073C8U6, STM32U073CBT6, STM32U073CBU6, STM32U073CCT6, STM32U073CCU6, STM32U073H8Y6TR, STM32U073HBY6TR, STM32U073HCY6TR, STM32U073K8U6, STM32U073KBU6, STM32U073KCU6, STM32U073M8I6, STM32U073M8T6, STM32U073MBI6, STM32U073MBT6, STM32U073MCI6, STM32U073MCT6, STM32U073R8I6, STM32U073R8T6, STM32U073RBI6, STM32U073RBT6, STM32U073RCI6, STM32U073RCT6, STM32U083C-DK, STM32U083CCT6, STM32U083CCU6, STM32U083HCY6TR, STM32U083KCU6, STM32U083MCI6, STM32U083MCT6, STM32U083RCI6, STM32U083RCT6, STM32U375CET6, STM32U375CET6Q, STM32U375CEU6, STM32U375CEU6Q, STM32U375CEY6QTR, STM32U375CGT6, STM32U375CGT6Q, STM32U375CGU6, STM32U375CGU6Q, STM32U375CGY6QTR, STM32U375KEU6, STM32U375KGU6, STM32U375REI6, STM32U375REI6Q, STM32U375RET6, STM32U375RET6Q, STM32U375REY6GTR, STM32U375REY6QTR, STM32U375RGI6, STM32U375RGI6Q, STM32U375RGT6, STM32U375RGT6Q, STM32U375RGY6GTR, STM32U375RGY6QTR, STM32U375VEI6, STM32U375VEI6Q, STM32U375VET6, STM32U375VET6Q, STM32U375VGI6, STM32U375VGI6Q, STM32U375VGT6, STM32U375VGT6Q, STM32U385CGT6, STM32U385CGT6Q, STM32U385CGU6, STM32U385CGU6Q, STM32U385CGY6QTR, STM32U385KGU6, STM32U385RGI6, STM32U385RGI6Q, STM32U385RGT6, STM32U385RGT6Q, STM32U385RGY6GTR, STM32U385RGY6QTR, STM32U385VGI6, STM32U385VGI6Q, STM32U385VGT6, STM32U385VGT6Q, STM32U535CBT6, STM32U535CBT6Q, STM32U535CBU6, STM32U535CBU6Q, STM32U535CCT6, STM32U535CCT6Q, STM32U535CCU6, STM32U535CCU6Q, STM32U535CET6, STM32U535CET6Q, STM32U535CEU6, STM32U535CEU6Q, STM32U535JEY6QTR, STM32U535NCY6QTR, STM32U535NEY6QTR, STM32U535RBI6, STM32U535RBI6Q, STM32U535RBT6, STM32U535RBT6Q, STM32U535RCI6, STM32U535RCI6Q, STM32U535RCT6, STM32U535RCT6Q, STM32U535REI6, STM32U535REI6Q, STM32U535RET6, STM32U535RET6Q, STM32U535VCI6, STM32U535VCI6Q, STM32U535VCT6, STM32U535VCT6Q, STM32U535VEI6, STM32U535VEI6Q, STM32U535VET6, STM32U535VET6Q, STM32U545CET6, STM32U545CET6Q, STM32U545CEU6, STM32U545CEU6Q, STM32U545JEY6QTR, STM32U545NEY6QTR, STM32U545REI6, STM32U545REI6Q, STM32U545RET6, STM32U545RET6Q, STM32U545VEI6, STM32U545VEI6Q, STM32U545VET6, STM32U545VET6Q, STM32U595AIH6, STM32U595AIH6Q, STM32U595AJH6, STM32U595AJH6Q, STM32U595QII6, STM32U595QII6Q, STM32U595QJI6, STM32U595QJI6Q, STM32U595RIT6, STM32U595RIT6Q, STM32U595RJT6, STM32U595RJT6Q, STM32U595VIT6, STM32U595VIT6Q, STM32U595VJT6, STM32U595VJT6Q, STM32U595ZIT6, STM32U595ZIT6Q, STM32U595ZIY6QTR, STM32U595ZJT6, STM32U595ZJT6Q, STM32U595ZJY6QTR, STM32U599BJY6QTR, STM32U599NIH6Q, STM32U599NJH6Q, STM32U599VIT6Q, STM32U599VJT6, STM32U599VJT6Q, STM32U599ZIT6Q, STM32U599ZIY6QTR, STM32U599ZJT6Q, STM32U599ZJY6QTR, STM32U5A5AJH6, STM32U5A5AJH6Q, STM32U5A5QII3Q , STM32U5A5QJI6, STM32U5A5QJI6Q, STM32U5A5RJT6, STM32U5A5RJT6Q, STM32U5A5VJT6, STM32U5A5VJT6Q, STM32U5A5ZJT6, STM32U5A5ZJT6Q, STM32U5A5ZJY6QTR, STM32U5A9BJY6QTR, STM32U5A9J-DK, STM32U5A9NJH6Q, STM32U5A9VJT6Q, STM32U5A9ZJT6Q, STM32U5A9ZJY6QTR, STM32U5F7VIT6, STM32U5F7VIT6Q, STM32U5F7VJT6, STM32U5F7VJT6Q, STM32U5F9BJY6QTR, STM32U5F9NJH6Q, STM32U5F9VIT6Q, STM32U5F9VJT6Q, STM32U5F9ZIJ6QTR, STM32U5F9ZIT6Q, STM32U5F9ZJJ6QTR, STM32U5F9ZJT6Q, STM32U5G7VJT6, STM32U5G7VJT6Q, STM32U5G9BJY6QTR, STM32U5G9J-DK1, STM32U5G9J-DK2, STM32U5G9NJH6Q, STM32U5G9VJT6Q, STM32U5G9ZJJ6QTR, STM32U5G9ZJT6Q, STM32WB05KZV6TR, STM32WB05KZV7TR, STM32WB05TZF6TR, STM32WB05TZF7TR, STM32WB06CCF6TR, STM32WB06CCF7TR, STM32WB06CCV6TR, STM32WB06CCV7TR, STM32WB06KCV6TR, STM32WB06KCV7TR, STM32WB07CCF6TR, STM32WB07CCF7TR, STM32WB07CCV6TR, STM32WB07CCV7TR, STM32WB07KCV6TR, STM32WB07KCV7TR, STM32WB09KEV6TR, STM32WB09KEV7TR, STM32WB09TEF6TR, STM32WB09TEF7TR, STM32WB1MMCH6, STM32WBA50KGU6, STM32WBA50KGU6TR, STM32WBA52CEU6, STM32WBA52CEU6TR, STM32WBA52CEU7, STM32WBA52CEU7TR, STM32WBA52CGU6, STM32WBA52CGU6TR, STM32WBA52CGU6U, STM32WBA52CGU7, STM32WBA52CGU7TR, STM32WBA52KEU6, STM32WBA52KEU6TR, STM32WBA52KGU6, STM32WBA52KGU6TR, STM32WBA54CEU6, STM32WBA54CEU6TR, STM32WBA54CEU7, STM32WBA54CEU7TR, STM32WBA54CGU6, STM32WBA54CGU6TR, STM32WBA54CGU7, STM32WBA54CGU7TR, STM32WBA54KEU6, STM32WBA54KEU6TR, STM32WBA54KEU7, STM32WBA54KEU7TR, STM32WBA54KGU6, STM32WBA54KGU6TR, STM32WBA54KGU7, STM32WBA54KGU7TR, STM32WBA55CEU6, STM32WBA55CEU6TR, STM32WBA55CEU7, STM32WBA55CEU7TR, STM32WBA55CGU6, STM32WBA55CGU6TR, STM32WBA55CGU6U, STM32WBA55CGU7, STM32WBA55CGU7TR, STM32WBA55G-DK1, STM32WBA55HEF6, STM32WBA55HEF7, STM32WBA55HGF6, STM32WBA55HGF7, STM32WBA55UEI6, STM32WBA55UEI6TR, STM32WBA55UEI7, STM32WBA55UEI7TR, STM32WBA55UGI6, STM32WBA55UGI6TR, STM32WBA55UGI7, STM32WBA55UGI7TR, STM32WBA5MMGH6TR, STM32WBA62MGF6, STM32WBA62MIF6, STM32WBA65MGF7, STM32WBA65MIF6, STM32WBA65MIF7, STM32WL30K8V6, STM32WL30KBV6, STM32WL31C8V6, STM32WL31CBV6, STM32WL31K8V6, STM32WL31KBV6, STM32WL33C8V6, STM32WL33C8V6X, STM32WL33CBV6, STM32WL33CBV6X, STM32WL33CCV6, STM32WL33CCV6A, STM32WL33CCV6X, STM32WL33K8V7, STM32WL33K8V7X, STM32WL33KBV7 , STM32WL33KBV7X, STM32WL33KCV7, STM32WL33KCV7X, STM32WL5MOCH6, STM32WL5MOCH6TR]
2026-01-29 08:37:43,041 [INFO] DbMcus:218 - Found 4876 MCUs, 4876 are supported
2026-01-29 08:37:43,041 [INFO] ApiDb:423 - Load user favorites file /home/krushna/.stm32cubeide/favorites.mcus.txt: 0 item(s)
2026-01-29 08:37:43,041 [INFO] ApiDb:427 - User favorites MCUs=[]
2026-01-29 08:37:43,042 [INFO] DbMcus:224 - Set 0 / 0 favorites MCUs
2026-01-29 08:37:43,382 [INFO] BoardInfo:889 - No configuration file found for board P-NUCLEO-WB55
2026-01-29 08:37:43,383 [INFO] DbBoards:161 - Kit is not supported: P-NUCLEO-WB55
2026-01-29 08:37:43,388 [INFO] BoardInfo:889 - No configuration file found for board STEVAL-BFA001V1B
2026-01-29 08:37:43,389 [INFO] DbBoards:161 - Kit is not supported: STEVAL-BFA001V1B
2026-01-29 08:37:43,390 [INFO] BoardInfo:889 - No configuration file found for board STEVAL-BFA001V2B
2026-01-29 08:37:43,390 [INFO] DbBoards:161 - Kit is not supported: STEVAL-BFA001V2B
2026-01-29 08:37:43,464 [INFO] DbBoards:168 - Found 212 boards, 209 are supported
2026-01-29 08:37:43,464 [INFO] DbBoards:169 - Found 212 boards, 43 of them is supported for  Bsp
2026-01-29 08:37:43,476 [INFO] ApiDb:423 - Load user favorites file /home/krushna/.stm32cubeide/favorites.boards.txt: 2 item(s)
2026-01-29 08:37:43,476 [INFO] ApiDb:427 - User favorites Boards=[NUCLEO-F446RE, STM32F407G-DISC1]
2026-01-29 08:37:43,476 [INFO] DbBoards:198 - Set 2 / 2 favorites Boards
2026-01-29 08:37:43,520 [INFO] UtilMem:75 - End LoadConfig() Used Memory: 910805440 Bytes (1073741824)
2026-01-29 08:37:43,609 [WARN] ThirdParty:833 - waiting for thirdparty lock release [change project]
2026-01-29 08:37:43,609 [INFO] ThirdParty:835 - entering critical section [change project]
2026-01-29 08:37:43,609 [INFO] ThirdParty:1030 - CMSIS Pack Vendor :STMicroelectronics X-CUBE-PM33A1 1.0.0
2026-01-29 08:37:43,609 [INFO] ThirdParty:1030 - CMSIS Pack Vendor :STMicroelectronics USBPD 4.1
2026-01-29 08:37:43,609 [INFO] ThirdParty:1030 - CMSIS Pack Vendor :STMicroelectronics X-CUBE-NFC9 1.0.0
2026-01-29 08:37:43,609 [INFO] ThirdParty:1030 - CMSIS Pack Vendor :STMicroelectronics USB_HOST 2.0.0
2026-01-29 08:37:43,609 [INFO] ThirdParty:1030 - CMSIS Pack Vendor :STMicroelectronics FP-SNS-MOTENVWB1 1.4.0
2026-01-29 08:37:43,609 [INFO] ThirdParty:1030 - CMSIS Pack Vendor :STMicroelectronics X-CUBE-AZRTOS-F4 1.1.0
2026-01-29 08:37:43,610 [INFO] ThirdParty:1030 - CMSIS Pack Vendor :STMicroelectronics LIBJPEG 8.0.0
2026-01-29 08:37:43,610 [INFO] ThirdParty:1030 - CMSIS Pack Vendor :STMicroelectronics FP-ATR-ASTRA1 2.0.2
2026-01-29 08:37:43,610 [INFO] ThirdParty:1030 - CMSIS Pack Vendor :STMicroelectronics X-CUBE-BLE1 7.1.0
2026-01-29 08:37:43,610 [INFO] ThirdParty:1030 - CMSIS Pack Vendor :Avnet-IotConnect X-CUBE-IoTC-DA16k-PMOD 1.0.0
2026-01-29 08:37:43,610 [INFO] ThirdParty:1030 - CMSIS Pack Vendor :STMicroelectronics X-CUBE-SMBUS 2.1.0
2026-01-29 08:37:43,610 [INFO] ThirdParty:1030 - CMSIS Pack Vendor :wolfSSL I-CUBE-wolfMQTT 1.19.2
2026-01-29 08:37:43,610 [INFO] ThirdParty:1030 - CMSIS Pack Vendor :STMicroelectronics USB_DEVICE 3.0.0
2026-01-29 08:37:43,610 [INFO] ThirdParty:1030 - CMSIS Pack Vendor :STMicroelectronics X-CUBE-ISPU 2.1.0
2026-01-29 08:37:43,610 [INFO] ThirdParty:1030 - CMSIS Pack Vendor :STMicroelectronics X-CUBE-FREERTOS 1.4.0
2026-01-29 08:37:43,610 [INFO] ThirdParty:1030 - CMSIS Pack Vendor :STMicroelectronics X-CUBE-IPS 3.2.0
2026-01-29 08:37:43,610 [INFO] ThirdParty:1030 - CMSIS Pack Vendor :STMicroelectronics X-CUBE-AZRTOS-WB 2.0.0
2026-01-29 08:37:43,610 [INFO] ThirdParty:1030 - CMSIS Pack Vendor :STMicroelectronics X-CUBE-ST60 1.0.0
2026-01-29 08:37:43,610 [INFO] ThirdParty:1030 - CMSIS Pack Vendor :STMicroelectronics X-CUBE-GNSS1 7.0.1
2026-01-29 08:37:43,610 [INFO] ThirdParty:1030 - CMSIS Pack Vendor :STMicroelectronics X-CUBE-AZRTOS-F7 1.1.0
2026-01-29 08:37:43,610 [INFO] ThirdParty:1030 - CMSIS Pack Vendor :STMicroelectronics X-CUBE-AZRTOS-L5 2.0.0
2026-01-29 08:37:43,610 [INFO] ThirdParty:1030 - CMSIS Pack Vendor :STMicroelectronics X-CUBE-TOUCHGFX 4.25.0
2026-01-29 08:37:43,610 [INFO] ThirdParty:1030 - CMSIS Pack Vendor :STMicroelectronics USB_DEVICE 2.0.0
2026-01-29 08:37:43,610 [INFO] ThirdParty:1030 - CMSIS Pack Vendor :STMicroelectronics X-CUBE-NFC6 3.1.0
2026-01-29 08:37:43,610 [INFO] ThirdParty:1030 - CMSIS Pack Vendor :STMicroelectronics X-CUBE-ST67W61 1.1.0
2026-01-29 08:37:43,610 [INFO] ThirdParty:1030 - CMSIS Pack Vendor :Cesanta I-CUBE-Mongoose 7.19.0
2026-01-29 08:37:43,610 [INFO] ThirdParty:1030 - CMSIS Pack Vendor :quantropi X-CUBE-qispace-sdk-base 2.1.0
2026-01-29 08:37:43,610 [INFO] ThirdParty:1030 - CMSIS Pack Vendor :STMicroelectronics X-CUBE-MEMS1 12.0.0
2026-01-29 08:37:43,610 [INFO] ThirdParty:1030 - CMSIS Pack Vendor :STMicroelectronics X-CUBE-STSE01 2.0.0
2026-01-29 08:37:43,610 [INFO] ThirdParty:1030 - CMSIS Pack Vendor :STMicroelectronics FP-SNS-MOTENV1 5.1.0
2026-01-29 08:37:43,610 [INFO] ThirdParty:1030 - CMSIS Pack Vendor :STMicroelectronics FreeRTOS 0.0.1
2026-01-29 08:37:43,610 [INFO] ThirdParty:1030 - CMSIS Pack Vendor :STMicroelectronics X-CUBE-AZRTOS-G0 1.1.0
2026-01-29 08:37:43,610 [INFO] ThirdParty:1030 - CMSIS Pack Vendor :STMicroelectronics X-CUBE-SAFEA1 1.2.2
2026-01-29 08:37:43,610 [INFO] ThirdParty:1030 - CMSIS Pack Vendor :STMicroelectronics X-CUBE-NFC4 3.0.0
2026-01-29 08:37:43,610 [INFO] ThirdParty:1030 - CMSIS Pack Vendor :STMicroelectronics X-CUBE-SUBG2 5.0.0
2026-01-29 08:37:43,611 [INFO] ThirdParty:1030 - CMSIS Pack Vendor :STMicroelectronics X-CUBE-AZRTOS-H7RS 1.1.0
2026-01-29 08:37:43,611 [INFO] ThirdParty:1030 - CMSIS Pack Vendor :STMicroelectronics STM32_WPAN 1.0.0
2026-01-29 08:37:43,611 [INFO] ThirdParty:1030 - CMSIS Pack Vendor :EmbeddedOffice I-CUBE-FS-RTOS 1.0.1
2026-01-29 08:37:43,611 [INFO] ThirdParty:1030 - CMSIS Pack Vendor :STMicroelectronics lwIP 2.0.3
2026-01-29 08:37:43,611 [INFO] ThirdParty:1030 - CMSIS Pack Vendor :WES I-CUBE-Cesium 1.4.0
2026-01-29 08:37:43,611 [INFO] ThirdParty:1030 - CMSIS Pack Vendor :STMicroelectronics USB_HOST 1.0.0
2026-01-29 08:37:43,611 [INFO] ThirdParty:1030 - CMSIS Pack Vendor :Infineon AIROC-Wi-Fi-Bluetooth-STM32 1.7.1
2026-01-29 08:37:43,611 [INFO] ThirdParty:1030 - CMSIS Pack Vendor :STMicroelectronics X-CUBE-AZRTOS-G4 2.0.0
2026-01-29 08:37:43,611 [INFO] ThirdParty:1030 - CMSIS Pack Vendor :STMicroelectronics X-CUBE-WB05N 2.0.0
2026-01-29 08:37:43,611 [INFO] ThirdParty:1030 - CMSIS Pack Vendor :STMicroelectronics PDM2PCM 3.1.0
2026-01-29 08:37:43,611 [INFO] ThirdParty:1030 - CMSIS Pack Vendor :STMicroelectronics PDM2PCM 3.3.0
2026-01-29 08:37:43,611 [INFO] ThirdParty:1030 - CMSIS Pack Vendor :wolfSSL I-CUBE-wolfTPM 3.8.0
2026-01-29 08:37:43,611 [INFO] ThirdParty:1030 - CMSIS Pack Vendor :STMicroelectronics X-CUBE-DISPLAY 3.0.0
2026-01-29 08:37:43,611 [INFO] ThirdParty:1030 - CMSIS Pack Vendor :wolfSSL I-CUBE-wolfSSH 1.4.20
2026-01-29 08:37:43,611 [INFO] ThirdParty:1030 - CMSIS Pack Vendor :STMicroelectronics X-CUBE-NFC7 2.0.0
2026-01-29 08:37:43,611 [INFO] ThirdParty:1030 - CMSIS Pack Vendor :STMicroelectronics X-CUBE-TCPP 4.2.0
2026-01-29 08:37:43,611 [INFO] ThirdParty:1030 - CMSIS Pack Vendor :RealThread X-CUBE-RT-Thread_Nano 4.1.1
2026-01-29 08:37:43,611 [INFO] ThirdParty:1030 - CMSIS Pack Vendor :STMicroelectronics FP-ATR-SIGFOX1 3.2.0
2026-01-29 08:37:43,611 [INFO] ThirdParty:1030 - CMSIS Pack Vendor :STMicroelectronics X-CUBE-NFC10 1.0.0
2026-01-29 08:37:43,611 [INFO] ThirdParty:1030 - CMSIS Pack Vendor :STMicroelectronics X-CUBE-FREERTOS 1.3.1
2026-01-29 08:37:43,611 [INFO] ThirdParty:1030 - CMSIS Pack Vendor :STMicroelectronics HAL Drivers 0.0.0
2026-01-29 08:37:43,611 [INFO] ThirdParty:1030 - CMSIS Pack Vendor :STMicroelectronics MBEDTLS 2.16.2
2026-01-29 08:37:43,611 [INFO] ThirdParty:1030 - CMSIS Pack Vendor :STMicroelectronics X-CUBE-ST60 1.1.0
2026-01-29 08:37:43,611 [INFO] ThirdParty:1030 - CMSIS Pack Vendor :STMicroelectronics X-CUBE-IPS 3.1.0
2026-01-29 08:37:43,611 [INFO] ThirdParty:1030 - CMSIS Pack Vendor :STMicroelectronics X-CUBE-ALS 1.0.2
2026-01-29 08:37:43,611 [INFO] ThirdParty:1030 - CMSIS Pack Vendor :emotas I-CUBE-CANOPEN 1.3.0
2026-01-29 08:37:43,611 [INFO] ThirdParty:1030 - CMSIS Pack Vendor :STMicroelectronics MBEDTLS 2.14.1
2026-01-29 08:37:43,611 [INFO] ThirdParty:1030 - CMSIS Pack Vendor :STMicroelectronics X-CUBE-GNSS1 7.1.0
2026-01-29 08:37:43,611 [INFO] ThirdParty:1030 - CMSIS Pack Vendor :ITTIA_DB I-CUBE-ITTIADB 8.9.0
2026-01-29 08:37:43,611 [INFO] ThirdParty:1030 - CMSIS Pack Vendor :STMicroelectronics X-CUBE-TOUCHGFX 4.26.0
2026-01-29 08:37:43,611 [INFO] ThirdParty:1030 - CMSIS Pack Vendor :STMicroelectronics X-CUBE-STSE01 1.0.0
2026-01-29 08:37:43,611 [INFO] ThirdParty:1030 - CMSIS Pack Vendor :STMicroelectronics X-CUBE-NFC6 3.2.0
2026-01-29 08:37:43,611 [INFO] ThirdParty:1030 - CMSIS Pack Vendor :STMicroelectronics X-CUBE-ST67W61 1.0.0
2026-01-29 08:37:43,611 [INFO] ThirdParty:1030 - CMSIS Pack Vendor :STMicroelectronics ThreadX 1.0.0
2026-01-29 08:37:43,611 [INFO] ThirdParty:1030 - CMSIS Pack Vendor :STMicroelectronics FP-SNS-SMARTAG2 1.2.0
2026-01-29 08:37:43,611 [INFO] ThirdParty:1030 - CMSIS Pack Vendor :STMicroelectronics FP-SNS-FLIGHT1 5.1.0
2026-01-29 08:37:43,611 [INFO] ThirdParty:1030 - CMSIS Pack Vendor :STMicroelectronics X-CUBE-AZRTOS-WL 2.0.0
2026-01-29 08:37:43,611 [INFO] ThirdParty:1030 - CMSIS Pack Vendor :SEGGER I-CUBE-embOS 1.3.1
2026-01-29 08:37:43,611 [INFO] ThirdParty:1030 - CMSIS Pack Vendor :STMicroelectronics X-CUBE-ALGOBUILD 1.4.0
2026-01-29 08:37:43,611 [INFO] ThirdParty:1030 - CMSIS Pack Vendor :STMicroelectronics X-CUBE-DPower 1.3.0
2026-01-29 08:37:43,611 [INFO] ThirdParty:1030 - CMSIS Pack Vendor :STMicroelectronics X-CUBE-MEMS1 11.3.0
2026-01-29 08:37:43,612 [INFO] ThirdParty:1030 - CMSIS Pack Vendor :STMicroelectronics FP-SNS-MOTENV1 5.0.0
2026-01-29 08:37:43,612 [INFO] ThirdParty:1030 - CMSIS Pack Vendor :STMicroelectronics USB_DEVICE 1.0.0
2026-01-29 08:37:43,612 [INFO] ThirdParty:1030 - CMSIS Pack Vendor :STMicroelectronics X-CUBE-AZRTOS-H7RS 1.2.0
2026-01-29 08:37:43,612 [INFO] ThirdParty:1030 - CMSIS Pack Vendor :STMicroelectronics X-CUBE-AZRTOS-L4 2.0.0
2026-01-29 08:37:43,612 [INFO] ThirdParty:1030 - CMSIS Pack Vendor :STMicroelectronics ThreadX 0.0.2
2026-01-29 08:37:43,612 [INFO] ThirdParty:1030 - CMSIS Pack Vendor :STMicroelectronics lwIP 2.1.2
2026-01-29 08:37:43,612 [INFO] ThirdParty:1030 - CMSIS Pack Vendor :STMicroelectronics X-CUBE-SFXS2LP1 4.0.0
2026-01-29 08:37:43,612 [INFO] ThirdParty:1030 - CMSIS Pack Vendor :STMicroelectronics X-CUBE-BLE2 3.3.0
2026-01-29 08:37:43,612 [INFO] ThirdParty:1030 - CMSIS Pack Vendor :Avnet-IOTCONNECT X-CUBE-iotc-st67-sdk 1.0.0
2026-01-29 08:37:43,612 [INFO] ThirdParty:1030 - CMSIS Pack Vendor :STMicroelectronics X-CUBE-TOF1 3.4.3
2026-01-29 08:37:43,612 [INFO] ThirdParty:1030 - CMSIS Pack Vendor :STMicroelectronics PDM2PCM 3.2.0
2026-01-29 08:37:43,612 [INFO] ThirdParty:1030 - CMSIS Pack Vendor :STMicroelectronics X-CUBE-ST67W61 1.2.0
2026-01-29 08:37:43,612 [INFO] ThirdParty:841 - exiting critical section [change project]
2026-01-29 08:37:44,156 [INFO] PinOutPanel:1589 - setPackage(No Configuration,No Configuration)
2026-01-29 08:37:44,158 [INFO] PinOutPanel:1589 - setPackage(STM32F407VGTx,LQFP100)
2026-01-29 08:37:44,636 [INFO] UtilMem:75 - Before build in PCC Used Memory: 901933408 Bytes (1073741824)
2026-01-29 08:37:45,175 [INFO] UtilMem:75 - After build in PCC Used Memory: 687447760 Bytes (1073741824)
2026-01-29 08:37:45,207 [INFO] IPUIPlugin:80 - create IPUIPlugin
2026-01-29 08:37:45,207 [INFO] IPUIPlugin:80 - create IPUIPlugin
2026-01-29 08:37:45,207 [INFO] IPUIPlugin:80 - create IPUIPlugin
2026-01-29 08:37:45,207 [INFO] IPUIPlugin:80 - create IPUIPlugin
2026-01-29 08:37:45,207 [INFO] IPUIPlugin:80 - create IPUIPlugin
2026-01-29 08:37:45,208 [INFO] IPUIPlugin:80 - create IPUIPlugin
2026-01-29 08:37:45,208 [INFO] IPUIPlugin:80 - create IPUIPlugin
2026-01-29 08:37:45,208 [INFO] IPUIPlugin:80 - create IPUIPlugin
2026-01-29 08:37:45,208 [INFO] IPUIPlugin:80 - create IPUIPlugin
2026-01-29 08:37:45,208 [INFO] IPUIPlugin:80 - create IPUIPlugin
2026-01-29 08:37:45,208 [INFO] IPUIPlugin:80 - create IPUIPlugin
2026-01-29 08:37:45,208 [INFO] IPUIPlugin:80 - create IPUIPlugin
2026-01-29 08:37:45,209 [INFO] IPUIPlugin:80 - create IPUIPlugin
2026-01-29 08:37:45,209 [INFO] IPUIPlugin:80 - create IPUIPlugin
2026-01-29 08:37:45,209 [INFO] IPUIPlugin:80 - create IPUIPlugin
2026-01-29 08:37:45,209 [INFO] IPUIPlugin:80 - create IPUIPlugin
2026-01-29 08:37:45,209 [INFO] IPUIPlugin:80 - create IPUIPlugin
2026-01-29 08:37:45,209 [INFO] IPUIPlugin:80 - create IPUIPlugin
2026-01-29 08:37:45,209 [INFO] IPUIPlugin:80 - create IPUIPlugin
2026-01-29 08:37:45,209 [INFO] IPUIPlugin:80 - create IPUIPlugin
2026-01-29 08:37:45,209 [INFO] IPUIPlugin:80 - create IPUIPlugin
2026-01-29 08:37:45,210 [INFO] IPUIPlugin:80 - create IPUIPlugin
2026-01-29 08:37:45,210 [INFO] IPUIPlugin:80 - create IPUIPlugin
2026-01-29 08:37:45,210 [INFO] IPUIPlugin:80 - create IPUIPlugin
2026-01-29 08:37:45,210 [INFO] IPUIPlugin:80 - create IPUIPlugin
2026-01-29 08:37:45,210 [INFO] IPUIPlugin:80 - create IPUIPlugin
2026-01-29 08:37:45,211 [INFO] IPUIPlugin:80 - create IPUIPlugin
2026-01-29 08:37:45,211 [INFO] IPUIPlugin:80 - create IPUIPlugin
2026-01-29 08:37:45,211 [INFO] IPUIPlugin:80 - create IPUIPlugin
2026-01-29 08:37:45,211 [INFO] IPUIPlugin:80 - create IPUIPlugin
2026-01-29 08:37:45,211 [INFO] IPUIPlugin:80 - create IPUIPlugin
2026-01-29 08:37:45,211 [INFO] IPUIPlugin:80 - create IPUIPlugin
2026-01-29 08:37:45,211 [INFO] IPUIPlugin:80 - create IPUIPlugin
2026-01-29 08:37:45,211 [INFO] IPUIPlugin:80 - create IPUIPlugin
2026-01-29 08:37:45,212 [INFO] IPUIPlugin:80 - create IPUIPlugin
2026-01-29 08:37:45,212 [INFO] IPUIPlugin:80 - create IPUIPlugin
2026-01-29 08:37:45,212 [INFO] IPUIPlugin:80 - create IPUIPlugin
2026-01-29 08:37:45,212 [INFO] IPUIPlugin:80 - create IPUIPlugin
2026-01-29 08:37:45,212 [INFO] IPUIPlugin:80 - create IPUIPlugin
2026-01-29 08:37:45,212 [INFO] IPUIPlugin:80 - create IPUIPlugin
2026-01-29 08:37:45,212 [INFO] IPUIPlugin:80 - create IPUIPlugin
2026-01-29 08:37:45,212 [INFO] IPUIPlugin:80 - create IPUIPlugin
2026-01-29 08:37:45,212 [INFO] IPUIPlugin:80 - create IPUIPlugin
2026-01-29 08:37:45,212 [INFO] IPUIPlugin:80 - create IPUIPlugin
2026-01-29 08:37:45,212 [INFO] IPUIPlugin:80 - create IPUIPlugin
2026-01-29 08:37:45,213 [INFO] IPUIPlugin:80 - create IPUIPlugin
2026-01-29 08:37:45,213 [INFO] IPUIPlugin:80 - create IPUIPlugin
2026-01-29 08:37:45,213 [INFO] IPUIPlugin:80 - create IPUIPlugin
2026-01-29 08:37:45,213 [INFO] IPUIPlugin:80 - create IPUIPlugin
2026-01-29 08:37:45,213 [INFO] IPUIPlugin:80 - create IPUIPlugin
2026-01-29 08:37:45,213 [INFO] IPUIPlugin:80 - create IPUIPlugin
2026-01-29 08:37:45,213 [INFO] IPUIPlugin:80 - create IPUIPlugin
2026-01-29 08:37:45,213 [INFO] IPUIPlugin:80 - create IPUIPlugin
2026-01-29 08:37:45,213 [INFO] IPUIPlugin:80 - create IPUIPlugin
2026-01-29 08:37:45,214 [INFO] IPUIPlugin:80 - create IPUIPlugin
2026-01-29 08:37:45,214 [INFO] IPUIPlugin:80 - create IPUIPlugin
2026-01-29 08:37:45,214 [INFO] IPUIPlugin:80 - create IPUIPlugin
2026-01-29 08:37:45,214 [INFO] IPUIPlugin:80 - create IPUIPlugin
2026-01-29 08:37:45,239 [INFO] ApiDbMcu:532 - Load IP Config File for PDM2PCM
2026-01-29 08:37:45,246 [INFO] Can:71 - Can Add PropertyChangeListener com.st.microxplorer.plugins.ip.can.Can@65ca5a14
2026-01-29 08:37:45,394 [INFO] CADModel:165 - CPN selected for project levelSTM32F407VGT6
2026-01-29 08:37:45,394 [INFO] CADModel:114 - Register for checkConnection events
2026-01-29 08:37:45,433 [INFO] OpenFileManager:386 - Restore cursor
2026-01-29 08:38:21,264 [INFO] WebApp:194 - Connection lost
2026-01-29 08:38:21,834 [INFO] WebApp:191 - Connection restablished
2026-01-29 09:01:08,328 [INFO] UtilMem:75 - End SaveConfig() Used Memory: 556791088 Bytes (751828992)
2026-01-29 09:01:09,863 [INFO] UtilMem:75 - End SaveConfig() Used Memory: 584530976 Bytes (751828992)
2026-01-29 09:01:12,042 [INFO] UtilMem:75 - End SaveConfig() Used Memory: 271557536 Bytes (751828992)
2026-01-29 09:01:12,487 [INFO] BlockDiagram:2775 - set Specific Code input for plugin: CAN
2026-01-29 09:01:12,488 [INFO] BlockDiagram:2775 - set Specific Code input for plugin: TIM1_8
2026-01-29 09:01:12,488 [INFO] BlockDiagram:2775 - set Specific Code input for plugin: SYS
2026-01-29 09:01:12,488 [INFO] BlockDiagram:2775 - set Specific Code input for plugin: RCC
2026-01-29 09:01:12,488 [INFO] BlockDiagram:2775 - set Specific Code input for plugin: NVIC
2026-01-29 09:01:12,488 [INFO] BlockDiagram:2775 - set Specific Code input for plugin: USART
2026-01-29 09:01:12,488 [INFO] BlockDiagram:2775 - set Specific Code input for plugin: USART
2026-01-29 09:01:12,489 [INFO] BlockDiagram:2775 - set Specific Code input for plugin: GPIO
2026-01-29 09:01:12,491 [INFO] CodeGenerator:892 - code generatio: config db path: /home/krushna/.stm32cubemx/databases/DB.6.0.130/db/
2026-01-29 09:01:12,635 [INFO] CodeEngine:265 - oldGeneratedFile, /home/krushna/CDAC_Project/HAL_CAN_RX/MXTmpFiles/license.tmp_save
2026-01-29 09:01:12,954 [INFO] CodeEngine:289 - Generated code: /home/krushna/CDAC_Project/HAL_CAN_RX/MXTmpFiles/license.tmp
2026-01-29 09:01:13,039 [INFO] CodeEngine:265 - oldGeneratedFile, /home/krushna/CDAC_Project/HAL_CAN_RX/MXTmpFiles/gpio.tmp_save
2026-01-29 09:01:13,169 [INFO] CodeEngine:289 - Generated code: /home/krushna/CDAC_Project/HAL_CAN_RX/MXTmpFiles/gpio.tmp
2026-01-29 09:01:13,372 [INFO] CodeEngine:265 - oldGeneratedFile, /home/krushna/CDAC_Project/HAL_CAN_RX/Core/Src/stm32f4xx_it.c_save
2026-01-29 09:01:13,508 [INFO] CodeEngine:289 - Generated code: /home/krushna/CDAC_Project/HAL_CAN_RX/Core/Src/stm32f4xx_it.c
2026-01-29 09:01:13,510 [INFO] CodeEngine:265 - oldGeneratedFile, /home/krushna/CDAC_Project/HAL_CAN_RX/Core/Inc/stm32f4xx_it.h_save
2026-01-29 09:01:13,586 [INFO] CodeEngine:289 - Generated code: /home/krushna/CDAC_Project/HAL_CAN_RX/Core/Inc/stm32f4xx_it.h
2026-01-29 09:01:13,592 [INFO] CodeEngine:265 - oldGeneratedFile, /home/krushna/CDAC_Project/HAL_CAN_RX/Core/Src/stm32f4xx_hal_msp.c_save
2026-01-29 09:01:13,710 [INFO] CodeEngine:289 - Generated code: /home/krushna/CDAC_Project/HAL_CAN_RX/Core/Src/stm32f4xx_hal_msp.c
2026-01-29 09:01:13,711 [INFO] CodeEngine:265 - oldGeneratedFile, /home/krushna/CDAC_Project/HAL_CAN_RX/MXTmpFiles/system.tmp_save
2026-01-29 09:01:13,759 [INFO] CodeEngine:289 - Generated code: /home/krushna/CDAC_Project/HAL_CAN_RX/MXTmpFiles/system.tmp
2026-01-29 09:01:13,765 [INFO] CodeEngine:321 - oldGeneratedFile, /home/krushna/CDAC_Project/HAL_CAN_RX/Core/Inc/stm32f4xx_hal_conf.h_save
2026-01-29 09:01:13,832 [INFO] CodeEngine:345 - Generated code: /home/krushna/CDAC_Project/HAL_CAN_RX/Core/Inc/stm32f4xx_hal_conf.h
2026-01-29 09:01:13,855 [INFO] ApiDbMcu:532 - Load IP Config File for CAN1
2026-01-29 09:01:13,863 [INFO] ApiDbMcu:532 - Load IP Config File for TIM1
2026-01-29 09:01:13,866 [INFO] ApiDbMcu:532 - Load IP Config File for USART2
2026-01-29 09:01:13,870 [INFO] ApiDbMcu:532 - Load IP Config File for USART3
2026-01-29 09:01:13,873 [INFO] ApiDbMcu:532 - Load IP Config File for RCC
2026-01-29 09:01:13,876 [WARN] IPConfigManager:3811 - IP not found : TIM
2026-01-29 09:01:13,877 [WARN] CodeGenerator:4259 - IP not found : null
2026-01-29 09:01:13,880 [INFO] CodeEngine:265 - oldGeneratedFile, /home/krushna/CDAC_Project/HAL_CAN_RX/Core/Inc/main.h_save
2026-01-29 09:01:13,947 [INFO] CodeEngine:289 - Generated code: /home/krushna/CDAC_Project/HAL_CAN_RX/Core/Inc/main.h
2026-01-29 09:01:13,949 [INFO] CodeEngine:265 - oldGeneratedFile, /home/krushna/CDAC_Project/HAL_CAN_RX/Core/Src/main.c_save
2026-01-29 09:01:14,102 [INFO] CodeEngine:289 - Generated code: /home/krushna/CDAC_Project/HAL_CAN_RX/Core/Src/main.c
2026-01-29 09:01:14,302 [INFO] ProjectBuilder:3606 - Time for Copy HAL[1] : 40mS.
2026-01-29 09:01:14,306 [INFO] ProjectBuilder:5216 - Project Generator version: 4.7.0-B52
2026-01-29 09:01:14,375 [INFO] ConfigFileManager:1595 - The Die is : DIE413
2026-01-29 09:01:14,383 [INFO] ApiDbMcu:532 - Load IP Config File for FATFS
2026-01-29 09:01:14,388 [INFO] ApiDbMcu:532 - Load IP Config File for FREERTOS
2026-01-29 09:01:14,390 [INFO] ApiDbMcu:532 - Load IP Config File for LIBJPEG
2026-01-29 09:01:14,394 [INFO] ApiDbMcu:532 - Load IP Config File for LWIP
2026-01-29 09:01:14,400 [INFO] ApiDbMcu:532 - Load IP Config File for MBEDTLS
2026-01-29 09:01:14,406 [INFO] ApiDbMcu:532 - Load IP Config File for USB_DEVICE
2026-01-29 09:01:14,410 [INFO] ApiDbMcu:532 - Load IP Config File for USB_HOST
2026-01-29 09:01:14,646 [INFO] LogOutputStream:77 - [STDOUT_REDIRECT] 
2026-01-29 09:01:15,518 [INFO] ProjectBuilder:5496 - Time for Generating toolchain IDE Files: 1212mS.
2026-01-29 09:01:15,520 [INFO] ProjectBuilder:3463 - Time for Copy CMSIS : 0mS.
2026-01-29 09:01:15,521 [INFO] ProjectBuilder:3463 - Time for Copy CMSIS : 0mS.
2026-01-29 10:06:59,132 [INFO] WebApp:194 - Connection lost
2026-01-29 10:07:22,123 [INFO] WebApp:191 - Connection restablished
2026-01-29 10:20:43,037 [INFO] WebApp:194 - Connection lost
2026-01-29 10:43:14,977 [INFO] WebApp:191 - Connection restablished
2026-01-29 10:43:15,724 [INFO] WebApp:194 - Connection lost
2026-01-29 10:43:15,945 [INFO] WebApp:191 - Connection restablished
2026-01-29 10:49:39,410 [INFO] WebApp:194 - Connection lost
2026-01-29 10:49:40,212 [INFO] WebApp:191 - Connection restablished
2026-01-29 10:56:00,260 [INFO] MainUpdater:2872 - connection check result : 10
2026-01-29 10:56:00,261 [INFO] MainUpdater:2872 - connection check result : 10
2026-01-29 10:56:00,368 [INFO] MicroXplorer:468 - Change Database Path : 
2026-01-29 10:56:00,369 [INFO] MicroXplorer:498 - Change Database Version : DB.6.0.150
2026-01-29 10:56:00,399 [ERROR] ProjectManagerView:395 - 
java.lang.NullPointerException: Cannot invoke "javax.swing.JTextField.getText()" because the return value of "java.util.List.get(int)" is null
	at com.st.microxplorer.plugins.projectmanager.gui.ProjectChoiceTab$9.caretUpdate(ProjectChoiceTab.java:2706) ~[filemanager.jar:?]
	at javax.swing.text.JTextComponent.fireCaretUpdate(JTextComponent.java:408) ~[?:?]
	at javax.swing.text.JTextComponent$MutableCaretEvent.fire(JTextComponent.java:4484) ~[?:?]
	at javax.swing.text.JTextComponent$MutableCaretEvent.stateChanged(JTextComponent.java:4506) ~[?:?]
	at javax.swing.text.DefaultCaret.fireStateChanged(DefaultCaret.java:857) ~[?:?]
	at javax.swing.text.DefaultCaret.changeCaretPosition(DefaultCaret.java:1343) ~[?:?]
	at javax.swing.text.DefaultCaret.handleSetDot(DefaultCaret.java:1242) ~[?:?]
	at javax.swing.text.DefaultCaret.setDot(DefaultCaret.java:1223) ~[?:?]
	at javax.swing.text.DefaultCaret$Handler.insertUpdate(DefaultCaret.java:1819) ~[?:?]
	at javax.swing.text.AbstractDocument.fireInsertUpdate(AbstractDocument.java:227) ~[?:?]
	at javax.swing.text.AbstractDocument.handleInsertString(AbstractDocument.java:781) ~[?:?]
	at javax.swing.text.AbstractDocument.insertString(AbstractDocument.java:740) ~[?:?]
	at javax.swing.text.PlainDocument.insertString(PlainDocument.java:131) ~[?:?]
	at javax.swing.text.AbstractDocument.replace(AbstractDocument.java:699) ~[?:?]
	at javax.swing.text.JTextComponent.setText(JTextComponent.java:1725) ~[?:?]
	at com.st.microxplorer.plugins.projectmanager.gui.ProjectChoiceTab.createHeapStackFields(ProjectChoiceTab.java:993) ~[filemanager.jar:?]
	at com.st.microxplorer.plugins.projectmanager.gui.ProjectChoiceTab.buildLinkSettingsPanel(ProjectChoiceTab.java:3813) ~[filemanager.jar:?]
	at com.st.microxplorer.plugins.projectmanager.gui.ProjectChoiceTab.defineWindowsFields(ProjectChoiceTab.java:1987) ~[filemanager.jar:?]
	at com.st.microxplorer.plugins.projectmanager.gui.ProjectChoiceTab.updateSettings(ProjectChoiceTab.java:558) ~[filemanager.jar:?]
	at com.st.microxplorer.plugins.projectmanager.gui.ProjectSettingsPanel.UpdateDialog(ProjectSettingsPanel.java:247) ~[filemanager.jar:?]
	at com.st.microxplorer.plugins.projectmanager.ProjectManagerView.propertyChange(ProjectManagerView.java:392) ~[filemanager.jar:?]
	at java.beans.PropertyChangeSupport.fire(PropertyChangeSupport.java:343) ~[?:?]
	at java.beans.PropertyChangeSupport.firePropertyChange(PropertyChangeSupport.java:335) ~[?:?]
	at java.beans.PropertyChangeSupport.firePropertyChange(PropertyChangeSupport.java:268) ~[?:?]
	at com.st.microxplorer.util.MXPropertyChangeSupport.firePropertyChange(MXPropertyChangeSupport.java:54) ~[STM32CubeMX.jar:?]
	at com.st.microxplorer.mxsystem.MxSystem.closeConfig(MxSystem.java:899) ~[STM32CubeMX.jar:?]
	at com.st.microxplorer.maingui.MainPanel.closeConfig(MainPanel.java:792) ~[STM32CubeMX.jar:?]
	at com.st.microxplorer.plugins.filemanager.engine.OpenFileManager.loadConfigurationFile(OpenFileManager.java:288) ~[filemanager.jar:?]
	at com.st.microxplorer.plugins.filemanager.engine.MainFileManager.userLoadConfig(MainFileManager.java:364) ~[filemanager.jar:?]
	at com.st.microxplorer.plugins.filemanager.engine.MainFileManager.userLoadConfig(MainFileManager.java:342) ~[filemanager.jar:?]
	at com.st.microxplorer.plugins.filemanager.FileManagerView.getSpecificTask(FileManagerView.java:264) ~[filemanager.jar:?]
	at com.st.stm32cube.common.mx.editor.CubeMxEditor.getMxTabbedPaneInstance(CubeMxEditor.java:1198) ~[com.st.stm32cube.common.mx_6.15.0.202507011659/:?]
	at com.st.stm32cube.common.mx.editor.CubeMxEditor$12$1.createSwingComponent(CubeMxEditor.java:1068) ~[com.st.stm32cube.common.mx_6.15.0.202507011659/:?]
	at com.st.stm32cube.common.mx.oss.core.awtswtbridge.EmbeddedSwingComposite.doComponentCreation(EmbeddedSwingComposite.java:492) ~[com.st.stm32cube.common.mx.oss_6.15.0.202507011659/:?]
	at com.st.stm32cube.common.mx.oss.core.awtswtbridge.EmbeddedSwingComposite$4.run(EmbeddedSwingComposite.java:291) ~[com.st.stm32cube.common.mx.oss_6.15.0.202507011659/:?]
	at com.st.stm32cube.common.mx.oss.core.awtswtbridge.AwtEnvironment$2.run(AwtEnvironment.java:166) ~[com.st.stm32cube.common.mx.oss_6.15.0.202507011659/:?]
	at java.awt.event.InvocationEvent.dispatch(InvocationEvent.java:318) ~[?:?]
	at java.awt.EventQueue.dispatchEventImpl(EventQueue.java:773) ~[?:?]
	at java.awt.EventQueue$4.run(EventQueue.java:720) ~[?:?]
	at java.awt.EventQueue$4.run(EventQueue.java:714) ~[?:?]
	at java.security.AccessController.doPrivileged(AccessController.java:400) ~[?:?]
	at java.security.ProtectionDomain$JavaSecurityAccessImpl.doIntersectionPrivilege(ProtectionDomain.java:87) ~[?:?]
	at java.awt.EventQueue.dispatchEvent(EventQueue.java:742) ~[?:?]
	at java.awt.EventDispatchThread.pumpOneEventForFilters(EventDispatchThread.java:203) ~[?:?]
	at java.awt.EventDispatchThread.pumpEventsForFilter(EventDispatchThread.java:124) ~[?:?]
	at java.awt.EventDispatchThread.pumpEventsForHierarchy(EventDispatchThread.java:113) ~[?:?]
	at java.awt.EventDispatchThread.pumpEvents(EventDispatchThread.java:109) ~[?:?]
	at java.awt.EventDispatchThread.pumpEvents(EventDispatchThread.java:101) ~[?:?]
	at java.awt.EventDispatchThread.run(EventDispatchThread.java:90) ~[?:?]
2026-01-29 10:56:00,410 [WARN] ThirdParty:871 - waiting for thirdparty lock release [close project]
2026-01-29 10:56:00,411 [INFO] ThirdParty:873 - entering critical section [close project]
2026-01-29 10:56:00,411 [INFO] ThirdParty:883 - exiting critical section [close project]
2026-01-29 10:56:00,414 [INFO] PinOutPanel:1589 - setPackage(No Configuration,No Configuration)
2026-01-29 10:56:00,425 [WARN] IpParametersView:155 - Warning: This peripheral hasn't parameters
2026-01-29 10:56:00,436 [WARN] MainPanel:289 - <html><b><center>Warning: This peripheral has no parameters to be configured<br></b></html>
2026-01-29 10:56:00,444 [INFO] UtilMem:75 - Begin LoadConfig() Used Memory: 351936888 Bytes (807403520)
2026-01-29 10:56:00,450 [INFO] MicroXplorer:468 - Change Database Path : /home/krushna/.stm32cubemx/databases/DB.6.0.130/db/
2026-01-29 10:56:00,450 [INFO] MicroXplorer:498 - Change Database Version : DB.6.0.130
2026-01-29 10:56:02,317 [INFO] OpenFileManager:355 - Change cursor
2026-01-29 10:56:02,361 [INFO] RulesReader:64 - Compatibility file has been processed (297 Rules)
2026-01-29 10:56:02,368 [INFO] Mcu:2029 - Initializing MCU STM32F407V(E-G)Tx STM32F407VGTx STM32F407VGT6
2026-01-29 10:56:03,280 [INFO] Context:786 - Trying to add GPIOservice into a context  which must be forbidden
2026-01-29 10:56:03,629 [INFO] ImportTextPane:234 - (OptionalMessage_ERROR) Pin17 (VP_RIF_VS_RIF1) cannot be retrieved for this MCU
2026-01-29 10:56:03,822 [INFO] RtosManager:558 - Registered RTOS mode: class=CMSIS, group=RTOS, mode=CMSIS_V1, owner=FREERTOS
2026-01-29 10:56:03,822 [INFO] RtosManager:558 - Registered RTOS mode: class=CMSIS, group=RTOS2, mode=CMSIS_V2, owner=FREERTOS
2026-01-29 10:56:03,823 [INFO] RtosManager:558 - Registered RTOS mode: class=RTOS, group=Core, mode=CMSIS_V1, owner=FREERTOS
2026-01-29 10:56:03,823 [INFO] RtosManager:558 - Registered RTOS mode: class=RTOS, group=Core, mode=CMSIS_V2, owner=FREERTOS
2026-01-29 10:56:03,823 [WARN] ModelIntegratedComponent:184 - Missing modes for component STMicroelectronics:FreeRTOS:0.0.1:STMicroelectronics:RTOS:FreeRTOS:Core:::10.2.0:
2026-01-29 10:56:03,837 [WARN] ModelIntegratedComponent:63 - No mode defined for component null
2026-01-29 10:56:03,837 [WARN] ModelIntegratedComponent:63 - No mode defined for component null
2026-01-29 10:56:03,837 [WARN] ModelIntegratedComponent:63 - No mode defined for component null
2026-01-29 10:56:03,838 [WARN] ModelIntegratedComponent:63 - No mode defined for component null
2026-01-29 10:56:03,838 [WARN] ModelIntegratedComponent:63 - No mode defined for component null
2026-01-29 10:56:03,838 [WARN] ModelIntegratedComponent:63 - No mode defined for component null
2026-01-29 10:56:03,838 [WARN] ModelIntegratedComponent:63 - No mode defined for component null
2026-01-29 10:56:03,838 [WARN] ModelIntegratedComponent:63 - No mode defined for component null
2026-01-29 10:56:03,838 [WARN] ModelIntegratedComponent:63 - No mode defined for component null
2026-01-29 10:56:03,838 [WARN] ModelIntegratedComponent:63 - No mode defined for component null
2026-01-29 10:56:03,838 [WARN] ModelIntegratedComponent:63 - No mode defined for component null
2026-01-29 10:56:03,839 [WARN] ModelIntegratedComponent:63 - No mode defined for component null
2026-01-29 10:56:03,839 [WARN] ModelIntegratedComponent:63 - No mode defined for component null
2026-01-29 10:56:03,839 [WARN] ModelIntegratedComponent:63 - No mode defined for component null
2026-01-29 10:56:03,839 [WARN] ModelIntegratedComponent:63 - No mode defined for component null
2026-01-29 10:56:03,839 [WARN] ModelIntegratedComponent:63 - No mode defined for component null
2026-01-29 10:56:03,839 [WARN] ModelIntegratedComponent:63 - No mode defined for component null
2026-01-29 10:56:03,839 [WARN] ModelIntegratedComponent:63 - No mode defined for component null
2026-01-29 10:56:03,839 [WARN] ModelIntegratedComponent:63 - No mode defined for component null
2026-01-29 10:56:03,840 [WARN] ModelIntegratedComponent:63 - No mode defined for component null
2026-01-29 10:56:03,840 [WARN] ModelIntegratedComponent:63 - No mode defined for component null
2026-01-29 10:56:03,840 [WARN] ModelIntegratedComponent:63 - No mode defined for component null
2026-01-29 10:56:03,840 [WARN] ModelIntegratedComponent:63 - No mode defined for component null
2026-01-29 10:56:03,840 [WARN] ModelIntegratedComponent:63 - No mode defined for component null
2026-01-29 10:56:03,840 [WARN] ModelIntegratedComponent:63 - No mode defined for component null
2026-01-29 10:56:03,840 [WARN] ModelIntegratedComponent:63 - No mode defined for component null
2026-01-29 10:56:03,840 [WARN] ModelIntegratedComponent:63 - No mode defined for component null
2026-01-29 10:56:03,840 [WARN] ModelIntegratedComponent:63 - No mode defined for component null
2026-01-29 10:56:03,840 [WARN] ModelIntegratedComponent:63 - No mode defined for component null
2026-01-29 10:56:03,840 [WARN] ModelIntegratedComponent:63 - No mode defined for component null
2026-01-29 10:56:03,841 [WARN] ModelIntegratedComponent:63 - No mode defined for component null
2026-01-29 10:56:03,841 [WARN] ModelIntegratedComponent:63 - No mode defined for component null
2026-01-29 10:56:03,841 [WARN] ModelIntegratedComponent:63 - No mode defined for component null
2026-01-29 10:56:03,841 [WARN] ModelIntegratedComponent:63 - No mode defined for component null
2026-01-29 10:56:03,841 [WARN] ModelIntegratedComponent:63 - No mode defined for component null
2026-01-29 10:56:03,841 [WARN] ModelPack:524 - Component already loaded: STMicroelectronics:HAL Drivers:0.0.0:STMicroelectronics:Device:STMicro_Driver:XSPI:HAL::0.0.1:HAL_XSPI
2026-01-29 10:56:03,929 [INFO] ThirdPartyModel:298 - Start build external matchings
2026-01-29 10:56:04,368 [INFO] ThirdPartyModel:316 - End build external matchings
2026-01-29 10:56:04,386 [INFO] ImportTextPane:234 - (OptionalMessage_ERROR) IP (RCC) : Parameter (RTCHSEDivFreq_Value) has invalid value (4000000)
2026-01-29 10:56:04,536 [INFO] UtilMem:75 - End LoadConfig() Used Memory: 601537776 Bytes (807403520)
2026-01-29 10:56:04,549 [WARN] ThirdParty:833 - waiting for thirdparty lock release [change project]
2026-01-29 10:56:04,550 [INFO] ThirdParty:835 - entering critical section [change project]
2026-01-29 10:56:04,550 [INFO] ThirdParty:1030 - CMSIS Pack Vendor :STMicroelectronics X-CUBE-PM33A1 1.0.0
2026-01-29 10:56:04,550 [INFO] ThirdParty:1030 - CMSIS Pack Vendor :STMicroelectronics USBPD 4.1
2026-01-29 10:56:04,550 [INFO] ThirdParty:1030 - CMSIS Pack Vendor :STMicroelectronics X-CUBE-NFC9 1.0.0
2026-01-29 10:56:04,550 [INFO] ThirdParty:1030 - CMSIS Pack Vendor :STMicroelectronics USB_HOST 2.0.0
2026-01-29 10:56:04,550 [INFO] ThirdParty:1030 - CMSIS Pack Vendor :STMicroelectronics FP-SNS-MOTENVWB1 1.4.0
2026-01-29 10:56:04,550 [INFO] ThirdParty:1030 - CMSIS Pack Vendor :STMicroelectronics X-CUBE-AZRTOS-F4 1.1.0
2026-01-29 10:56:04,550 [INFO] ThirdParty:1030 - CMSIS Pack Vendor :STMicroelectronics LIBJPEG 8.0.0
2026-01-29 10:56:04,550 [INFO] ThirdParty:1030 - CMSIS Pack Vendor :STMicroelectronics FP-ATR-ASTRA1 2.0.2
2026-01-29 10:56:04,550 [INFO] ThirdParty:1030 - CMSIS Pack Vendor :STMicroelectronics X-CUBE-BLE1 7.1.0
2026-01-29 10:56:04,550 [INFO] ThirdParty:1030 - CMSIS Pack Vendor :Avnet-IotConnect X-CUBE-IoTC-DA16k-PMOD 1.0.0
2026-01-29 10:56:04,550 [INFO] ThirdParty:1030 - CMSIS Pack Vendor :STMicroelectronics X-CUBE-SMBUS 2.1.0
2026-01-29 10:56:04,550 [INFO] ThirdParty:1030 - CMSIS Pack Vendor :wolfSSL I-CUBE-wolfMQTT 1.19.2
2026-01-29 10:56:04,550 [INFO] ThirdParty:1030 - CMSIS Pack Vendor :STMicroelectronics USB_DEVICE 3.0.0
2026-01-29 10:56:04,551 [INFO] ThirdParty:1030 - CMSIS Pack Vendor :STMicroelectronics X-CUBE-ISPU 2.1.0
2026-01-29 10:56:04,551 [INFO] ThirdParty:1030 - CMSIS Pack Vendor :STMicroelectronics X-CUBE-FREERTOS 1.4.0
2026-01-29 10:56:04,551 [INFO] ThirdParty:1030 - CMSIS Pack Vendor :STMicroelectronics X-CUBE-IPS 3.2.0
2026-01-29 10:56:04,551 [INFO] ThirdParty:1030 - CMSIS Pack Vendor :STMicroelectronics X-CUBE-AZRTOS-WB 2.0.0
2026-01-29 10:56:04,551 [INFO] ThirdParty:1030 - CMSIS Pack Vendor :STMicroelectronics X-CUBE-ST60 1.0.0
2026-01-29 10:56:04,551 [INFO] ThirdParty:1030 - CMSIS Pack Vendor :STMicroelectronics X-CUBE-GNSS1 7.0.1
2026-01-29 10:56:04,551 [INFO] ThirdParty:1030 - CMSIS Pack Vendor :STMicroelectronics X-CUBE-AZRTOS-F7 1.1.0
2026-01-29 10:56:04,551 [INFO] ThirdParty:1030 - CMSIS Pack Vendor :STMicroelectronics X-CUBE-AZRTOS-L5 2.0.0
2026-01-29 10:56:04,551 [INFO] ThirdParty:1030 - CMSIS Pack Vendor :STMicroelectronics X-CUBE-TOUCHGFX 4.25.0
2026-01-29 10:56:04,551 [INFO] ThirdParty:1030 - CMSIS Pack Vendor :STMicroelectronics USB_DEVICE 2.0.0
2026-01-29 10:56:04,551 [INFO] ThirdParty:1030 - CMSIS Pack Vendor :STMicroelectronics X-CUBE-NFC6 3.1.0
2026-01-29 10:56:04,551 [INFO] ThirdParty:1030 - CMSIS Pack Vendor :STMicroelectronics X-CUBE-ST67W61 1.1.0
2026-01-29 10:56:04,551 [INFO] ThirdParty:1030 - CMSIS Pack Vendor :Cesanta I-CUBE-Mongoose 7.19.0
2026-01-29 10:56:04,551 [INFO] ThirdParty:1030 - CMSIS Pack Vendor :quantropi X-CUBE-qispace-sdk-base 2.1.0
2026-01-29 10:56:04,551 [INFO] ThirdParty:1030 - CMSIS Pack Vendor :STMicroelectronics X-CUBE-MEMS1 12.0.0
2026-01-29 10:56:04,551 [INFO] ThirdParty:1030 - CMSIS Pack Vendor :STMicroelectronics X-CUBE-STSE01 2.0.0
2026-01-29 10:56:04,551 [INFO] ThirdParty:1030 - CMSIS Pack Vendor :STMicroelectronics FP-SNS-MOTENV1 5.1.0
2026-01-29 10:56:04,552 [INFO] ThirdParty:1030 - CMSIS Pack Vendor :STMicroelectronics FreeRTOS 0.0.1
2026-01-29 10:56:04,552 [INFO] ThirdParty:1030 - CMSIS Pack Vendor :STMicroelectronics X-CUBE-AZRTOS-G0 1.1.0
2026-01-29 10:56:04,552 [INFO] ThirdParty:1030 - CMSIS Pack Vendor :STMicroelectronics X-CUBE-SAFEA1 1.2.2
2026-01-29 10:56:04,552 [INFO] ThirdParty:1030 - CMSIS Pack Vendor :STMicroelectronics X-CUBE-NFC4 3.0.0
2026-01-29 10:56:04,552 [INFO] ThirdParty:1030 - CMSIS Pack Vendor :STMicroelectronics X-CUBE-SUBG2 5.0.0
2026-01-29 10:56:04,552 [INFO] ThirdParty:1030 - CMSIS Pack Vendor :STMicroelectronics X-CUBE-AZRTOS-H7RS 1.1.0
2026-01-29 10:56:04,552 [INFO] ThirdParty:1030 - CMSIS Pack Vendor :STMicroelectronics STM32_WPAN 1.0.0
2026-01-29 10:56:04,552 [INFO] ThirdParty:1030 - CMSIS Pack Vendor :EmbeddedOffice I-CUBE-FS-RTOS 1.0.1
2026-01-29 10:56:04,552 [INFO] ThirdParty:1030 - CMSIS Pack Vendor :STMicroelectronics lwIP 2.0.3
2026-01-29 10:56:04,552 [INFO] ThirdParty:1030 - CMSIS Pack Vendor :WES I-CUBE-Cesium 1.4.0
2026-01-29 10:56:04,552 [INFO] ThirdParty:1030 - CMSIS Pack Vendor :STMicroelectronics USB_HOST 1.0.0
2026-01-29 10:56:04,552 [INFO] ThirdParty:1030 - CMSIS Pack Vendor :Infineon AIROC-Wi-Fi-Bluetooth-STM32 1.7.1
2026-01-29 10:56:04,552 [INFO] ThirdParty:1030 - CMSIS Pack Vendor :STMicroelectronics X-CUBE-AZRTOS-G4 2.0.0
2026-01-29 10:56:04,552 [INFO] ThirdParty:1030 - CMSIS Pack Vendor :STMicroelectronics X-CUBE-WB05N 2.0.0
2026-01-29 10:56:04,552 [INFO] ThirdParty:1030 - CMSIS Pack Vendor :STMicroelectronics PDM2PCM 3.1.0
2026-01-29 10:56:04,552 [INFO] ThirdParty:1030 - CMSIS Pack Vendor :STMicroelectronics PDM2PCM 3.3.0
2026-01-29 10:56:04,552 [INFO] ThirdParty:1030 - CMSIS Pack Vendor :wolfSSL I-CUBE-wolfTPM 3.8.0
2026-01-29 10:56:04,552 [INFO] ThirdParty:1030 - CMSIS Pack Vendor :STMicroelectronics X-CUBE-DISPLAY 3.0.0
2026-01-29 10:56:04,552 [INFO] ThirdParty:1030 - CMSIS Pack Vendor :wolfSSL I-CUBE-wolfSSH 1.4.20
2026-01-29 10:56:04,552 [INFO] ThirdParty:1030 - CMSIS Pack Vendor :STMicroelectronics X-CUBE-NFC7 2.0.0
2026-01-29 10:56:04,553 [INFO] ThirdParty:1030 - CMSIS Pack Vendor :STMicroelectronics X-CUBE-TCPP 4.2.0
2026-01-29 10:56:04,553 [INFO] ThirdParty:1030 - CMSIS Pack Vendor :RealThread X-CUBE-RT-Thread_Nano 4.1.1
2026-01-29 10:56:04,553 [INFO] ThirdParty:1030 - CMSIS Pack Vendor :STMicroelectronics FP-ATR-SIGFOX1 3.2.0
2026-01-29 10:56:04,553 [INFO] ThirdParty:1030 - CMSIS Pack Vendor :STMicroelectronics X-CUBE-NFC10 1.0.0
2026-01-29 10:56:04,553 [INFO] ThirdParty:1030 - CMSIS Pack Vendor :STMicroelectronics X-CUBE-FREERTOS 1.3.1
2026-01-29 10:56:04,553 [INFO] ThirdParty:1030 - CMSIS Pack Vendor :STMicroelectronics HAL Drivers 0.0.0
2026-01-29 10:56:04,553 [INFO] ThirdParty:1030 - CMSIS Pack Vendor :STMicroelectronics MBEDTLS 2.16.2
2026-01-29 10:56:04,553 [INFO] ThirdParty:1030 - CMSIS Pack Vendor :STMicroelectronics X-CUBE-ST60 1.1.0
2026-01-29 10:56:04,553 [INFO] ThirdParty:1030 - CMSIS Pack Vendor :STMicroelectronics X-CUBE-IPS 3.1.0
2026-01-29 10:56:04,553 [INFO] ThirdParty:1030 - CMSIS Pack Vendor :STMicroelectronics X-CUBE-ALS 1.0.2
2026-01-29 10:56:04,553 [INFO] ThirdParty:1030 - CMSIS Pack Vendor :emotas I-CUBE-CANOPEN 1.3.0
2026-01-29 10:56:04,553 [INFO] ThirdParty:1030 - CMSIS Pack Vendor :STMicroelectronics MBEDTLS 2.14.1
2026-01-29 10:56:04,553 [INFO] ThirdParty:1030 - CMSIS Pack Vendor :STMicroelectronics X-CUBE-GNSS1 7.1.0
2026-01-29 10:56:04,553 [INFO] ThirdParty:1030 - CMSIS Pack Vendor :ITTIA_DB I-CUBE-ITTIADB 8.9.0
2026-01-29 10:56:04,553 [INFO] ThirdParty:1030 - CMSIS Pack Vendor :STMicroelectronics X-CUBE-TOUCHGFX 4.26.0
2026-01-29 10:56:04,553 [INFO] ThirdParty:1030 - CMSIS Pack Vendor :STMicroelectronics X-CUBE-STSE01 1.0.0
2026-01-29 10:56:04,553 [INFO] ThirdParty:1030 - CMSIS Pack Vendor :STMicroelectronics X-CUBE-NFC6 3.2.0
2026-01-29 10:56:04,553 [INFO] ThirdParty:1030 - CMSIS Pack Vendor :STMicroelectronics X-CUBE-ST67W61 1.0.0
2026-01-29 10:56:04,553 [INFO] ThirdParty:1030 - CMSIS Pack Vendor :STMicroelectronics ThreadX 1.0.0
2026-01-29 10:56:04,553 [INFO] ThirdParty:1030 - CMSIS Pack Vendor :STMicroelectronics FP-SNS-SMARTAG2 1.2.0
2026-01-29 10:56:04,553 [INFO] ThirdParty:1030 - CMSIS Pack Vendor :STMicroelectronics FP-SNS-FLIGHT1 5.1.0
2026-01-29 10:56:04,553 [INFO] ThirdParty:1030 - CMSIS Pack Vendor :STMicroelectronics X-CUBE-AZRTOS-WL 2.0.0
2026-01-29 10:56:04,554 [INFO] ThirdParty:1030 - CMSIS Pack Vendor :SEGGER I-CUBE-embOS 1.3.1
2026-01-29 10:56:04,554 [INFO] ThirdParty:1030 - CMSIS Pack Vendor :STMicroelectronics X-CUBE-ALGOBUILD 1.4.0
2026-01-29 10:56:04,554 [INFO] ThirdParty:1030 - CMSIS Pack Vendor :STMicroelectronics X-CUBE-DPower 1.3.0
2026-01-29 10:56:04,554 [INFO] ThirdParty:1030 - CMSIS Pack Vendor :STMicroelectronics X-CUBE-MEMS1 11.3.0
2026-01-29 10:56:04,554 [INFO] ThirdParty:1030 - CMSIS Pack Vendor :STMicroelectronics FP-SNS-MOTENV1 5.0.0
2026-01-29 10:56:04,554 [INFO] ThirdParty:1030 - CMSIS Pack Vendor :STMicroelectronics USB_DEVICE 1.0.0
2026-01-29 10:56:04,554 [INFO] ThirdParty:1030 - CMSIS Pack Vendor :STMicroelectronics X-CUBE-AZRTOS-H7RS 1.2.0
2026-01-29 10:56:04,554 [INFO] ThirdParty:1030 - CMSIS Pack Vendor :STMicroelectronics X-CUBE-AZRTOS-L4 2.0.0
2026-01-29 10:56:04,554 [INFO] ThirdParty:1030 - CMSIS Pack Vendor :STMicroelectronics ThreadX 0.0.2
2026-01-29 10:56:04,554 [INFO] ThirdParty:1030 - CMSIS Pack Vendor :STMicroelectronics lwIP 2.1.2
2026-01-29 10:56:04,554 [INFO] ThirdParty:1030 - CMSIS Pack Vendor :STMicroelectronics X-CUBE-SFXS2LP1 4.0.0
2026-01-29 10:56:04,554 [INFO] ThirdParty:1030 - CMSIS Pack Vendor :STMicroelectronics X-CUBE-BLE2 3.3.0
2026-01-29 10:56:04,554 [INFO] ThirdParty:1030 - CMSIS Pack Vendor :Avnet-IOTCONNECT X-CUBE-iotc-st67-sdk 1.0.0
2026-01-29 10:56:04,554 [INFO] ThirdParty:1030 - CMSIS Pack Vendor :STMicroelectronics X-CUBE-TOF1 3.4.3
2026-01-29 10:56:04,554 [INFO] ThirdParty:1030 - CMSIS Pack Vendor :STMicroelectronics PDM2PCM 3.2.0
2026-01-29 10:56:04,554 [INFO] ThirdParty:1030 - CMSIS Pack Vendor :STMicroelectronics X-CUBE-ST67W61 1.2.0
2026-01-29 10:56:04,555 [INFO] ThirdParty:841 - exiting critical section [change project]
2026-01-29 10:56:04,992 [INFO] PinOutPanel:1589 - setPackage(No Configuration,No Configuration)
2026-01-29 10:56:04,993 [INFO] PinOutPanel:1589 - setPackage(STM32F407VGTx,LQFP100)
2026-01-29 10:56:05,244 [INFO] UtilMem:75 - Before build in PCC Used Memory: 429199872 Bytes (807403520)
2026-01-29 10:56:05,428 [INFO] UtilMem:75 - After build in PCC Used Memory: 477956608 Bytes (807403520)
2026-01-29 10:56:05,449 [INFO] IPUIPlugin:80 - create IPUIPlugin
2026-01-29 10:56:05,449 [INFO] IPUIPlugin:80 - create IPUIPlugin
2026-01-29 10:56:05,449 [INFO] IPUIPlugin:80 - create IPUIPlugin
2026-01-29 10:56:05,449 [INFO] IPUIPlugin:80 - create IPUIPlugin
2026-01-29 10:56:05,449 [INFO] IPUIPlugin:80 - create IPUIPlugin
2026-01-29 10:56:05,450 [INFO] IPUIPlugin:80 - create IPUIPlugin
2026-01-29 10:56:05,450 [INFO] IPUIPlugin:80 - create IPUIPlugin
2026-01-29 10:56:05,450 [INFO] IPUIPlugin:80 - create IPUIPlugin
2026-01-29 10:56:05,450 [INFO] IPUIPlugin:80 - create IPUIPlugin
2026-01-29 10:56:05,450 [INFO] IPUIPlugin:80 - create IPUIPlugin
2026-01-29 10:56:05,450 [INFO] IPUIPlugin:80 - create IPUIPlugin
2026-01-29 10:56:05,451 [INFO] IPUIPlugin:80 - create IPUIPlugin
2026-01-29 10:56:05,451 [INFO] IPUIPlugin:80 - create IPUIPlugin
2026-01-29 10:56:05,451 [INFO] IPUIPlugin:80 - create IPUIPlugin
2026-01-29 10:56:05,451 [INFO] IPUIPlugin:80 - create IPUIPlugin
2026-01-29 10:56:05,451 [INFO] IPUIPlugin:80 - create IPUIPlugin
2026-01-29 10:56:05,451 [INFO] IPUIPlugin:80 - create IPUIPlugin
2026-01-29 10:56:05,451 [INFO] IPUIPlugin:80 - create IPUIPlugin
2026-01-29 10:56:05,451 [INFO] IPUIPlugin:80 - create IPUIPlugin
2026-01-29 10:56:05,451 [INFO] IPUIPlugin:80 - create IPUIPlugin
2026-01-29 10:56:05,451 [INFO] IPUIPlugin:80 - create IPUIPlugin
2026-01-29 10:56:05,452 [INFO] IPUIPlugin:80 - create IPUIPlugin
2026-01-29 10:56:05,452 [INFO] IPUIPlugin:80 - create IPUIPlugin
2026-01-29 10:56:05,452 [INFO] IPUIPlugin:80 - create IPUIPlugin
2026-01-29 10:56:05,452 [INFO] IPUIPlugin:80 - create IPUIPlugin
2026-01-29 10:56:05,452 [INFO] IPUIPlugin:80 - create IPUIPlugin
2026-01-29 10:56:05,453 [INFO] IPUIPlugin:80 - create IPUIPlugin
2026-01-29 10:56:05,453 [INFO] IPUIPlugin:80 - create IPUIPlugin
2026-01-29 10:56:05,453 [INFO] IPUIPlugin:80 - create IPUIPlugin
2026-01-29 10:56:05,453 [INFO] IPUIPlugin:80 - create IPUIPlugin
2026-01-29 10:56:05,453 [INFO] IPUIPlugin:80 - create IPUIPlugin
2026-01-29 10:56:05,453 [INFO] IPUIPlugin:80 - create IPUIPlugin
2026-01-29 10:56:05,454 [INFO] IPUIPlugin:80 - create IPUIPlugin
2026-01-29 10:56:05,454 [INFO] IPUIPlugin:80 - create IPUIPlugin
2026-01-29 10:56:05,454 [INFO] IPUIPlugin:80 - create IPUIPlugin
2026-01-29 10:56:05,454 [INFO] IPUIPlugin:80 - create IPUIPlugin
2026-01-29 10:56:05,454 [INFO] IPUIPlugin:80 - create IPUIPlugin
2026-01-29 10:56:05,454 [INFO] IPUIPlugin:80 - create IPUIPlugin
2026-01-29 10:56:05,454 [INFO] IPUIPlugin:80 - create IPUIPlugin
2026-01-29 10:56:05,455 [INFO] IPUIPlugin:80 - create IPUIPlugin
2026-01-29 10:56:05,455 [INFO] IPUIPlugin:80 - create IPUIPlugin
2026-01-29 10:56:05,455 [INFO] IPUIPlugin:80 - create IPUIPlugin
2026-01-29 10:56:05,455 [INFO] IPUIPlugin:80 - create IPUIPlugin
2026-01-29 10:56:05,455 [INFO] IPUIPlugin:80 - create IPUIPlugin
2026-01-29 10:56:05,455 [INFO] IPUIPlugin:80 - create IPUIPlugin
2026-01-29 10:56:05,455 [INFO] IPUIPlugin:80 - create IPUIPlugin
2026-01-29 10:56:05,456 [INFO] IPUIPlugin:80 - create IPUIPlugin
2026-01-29 10:56:05,456 [INFO] IPUIPlugin:80 - create IPUIPlugin
2026-01-29 10:56:05,456 [INFO] IPUIPlugin:80 - create IPUIPlugin
2026-01-29 10:56:05,456 [INFO] IPUIPlugin:80 - create IPUIPlugin
2026-01-29 10:56:05,456 [INFO] IPUIPlugin:80 - create IPUIPlugin
2026-01-29 10:56:05,456 [INFO] IPUIPlugin:80 - create IPUIPlugin
2026-01-29 10:56:05,457 [INFO] IPUIPlugin:80 - create IPUIPlugin
2026-01-29 10:56:05,457 [INFO] IPUIPlugin:80 - create IPUIPlugin
2026-01-29 10:56:05,457 [INFO] IPUIPlugin:80 - create IPUIPlugin
2026-01-29 10:56:05,457 [INFO] IPUIPlugin:80 - create IPUIPlugin
2026-01-29 10:56:05,458 [INFO] IPUIPlugin:80 - create IPUIPlugin
2026-01-29 10:56:05,458 [INFO] IPUIPlugin:80 - create IPUIPlugin
2026-01-29 10:56:05,460 [INFO] ApiDbMcu:532 - Load IP Config File for PDM2PCM
2026-01-29 10:56:05,465 [INFO] Can:71 - Can Add PropertyChangeListener com.st.microxplorer.plugins.ip.can.Can@1492f12d
2026-01-29 10:56:05,468 [WARN] IP:2250 - I2C_Coeff_DF not found: check if there is a RefParameter without a condition.
2026-01-29 10:56:05,468 [WARN] IP:2250 - Analog_Filter not found: check if there is a RefParameter without a condition.
2026-01-29 10:56:05,536 [INFO] CADModel:165 - CPN selected for project levelSTM32F407VGT6
2026-01-29 10:56:05,536 [INFO] CADModel:114 - Register for checkConnection events
2026-01-29 10:56:05,576 [INFO] OpenFileManager:386 - Restore cursor
2026-01-29 10:56:05,781 [WARN] IP:2250 - I2C_Coeff_DF not found: check if there is a RefParameter without a condition.
2026-01-29 10:56:05,781 [WARN] IP:2250 - Analog_Filter not found: check if there is a RefParameter without a condition.
2026-01-29 10:56:05,781 [WARN] IP:2250 - I2C_Coeff_DF not found: check if there is a RefParameter without a condition.
2026-01-29 10:56:05,781 [WARN] IP:2250 - Analog_Filter not found: check if there is a RefParameter without a condition.
2026-01-29 11:16:46,934 [INFO] MainUpdater:2872 - connection check result : 10
2026-01-29 11:16:46,935 [INFO] MainUpdater:2872 - connection check result : 10
2026-01-29 11:16:46,997 [INFO] MicroXplorer:468 - Change Database Path : 
2026-01-29 11:16:46,997 [INFO] MicroXplorer:498 - Change Database Version : DB.6.0.150
2026-01-29 11:16:47,013 [ERROR] ProjectManagerView:395 - 
java.lang.NullPointerException: Cannot invoke "javax.swing.JTextField.getText()" because the return value of "java.util.List.get(int)" is null
	at com.st.microxplorer.plugins.projectmanager.gui.ProjectChoiceTab$9.caretUpdate(ProjectChoiceTab.java:2706) ~[filemanager.jar:?]
	at javax.swing.text.JTextComponent.fireCaretUpdate(JTextComponent.java:408) ~[?:?]
	at javax.swing.text.JTextComponent$MutableCaretEvent.fire(JTextComponent.java:4484) ~[?:?]
	at javax.swing.text.JTextComponent$MutableCaretEvent.stateChanged(JTextComponent.java:4506) ~[?:?]
	at javax.swing.text.DefaultCaret.fireStateChanged(DefaultCaret.java:857) ~[?:?]
	at javax.swing.text.DefaultCaret.changeCaretPosition(DefaultCaret.java:1343) ~[?:?]
	at javax.swing.text.DefaultCaret.handleSetDot(DefaultCaret.java:1242) ~[?:?]
	at javax.swing.text.DefaultCaret.setDot(DefaultCaret.java:1223) ~[?:?]
	at javax.swing.text.DefaultCaret$Handler.insertUpdate(DefaultCaret.java:1819) ~[?:?]
	at javax.swing.text.AbstractDocument.fireInsertUpdate(AbstractDocument.java:227) ~[?:?]
	at javax.swing.text.AbstractDocument.handleInsertString(AbstractDocument.java:781) ~[?:?]
	at javax.swing.text.AbstractDocument.insertString(AbstractDocument.java:740) ~[?:?]
	at javax.swing.text.PlainDocument.insertString(PlainDocument.java:131) ~[?:?]
	at javax.swing.text.AbstractDocument.replace(AbstractDocument.java:699) ~[?:?]
	at javax.swing.text.JTextComponent.setText(JTextComponent.java:1725) ~[?:?]
	at com.st.microxplorer.plugins.projectmanager.gui.ProjectChoiceTab.createHeapStackFields(ProjectChoiceTab.java:993) ~[filemanager.jar:?]
	at com.st.microxplorer.plugins.projectmanager.gui.ProjectChoiceTab.buildLinkSettingsPanel(ProjectChoiceTab.java:3813) ~[filemanager.jar:?]
	at com.st.microxplorer.plugins.projectmanager.gui.ProjectChoiceTab.defineWindowsFields(ProjectChoiceTab.java:1987) ~[filemanager.jar:?]
	at com.st.microxplorer.plugins.projectmanager.gui.ProjectChoiceTab.updateSettings(ProjectChoiceTab.java:558) ~[filemanager.jar:?]
	at com.st.microxplorer.plugins.projectmanager.gui.ProjectSettingsPanel.UpdateDialog(ProjectSettingsPanel.java:247) ~[filemanager.jar:?]
	at com.st.microxplorer.plugins.projectmanager.ProjectManagerView.propertyChange(ProjectManagerView.java:392) ~[filemanager.jar:?]
	at java.beans.PropertyChangeSupport.fire(PropertyChangeSupport.java:343) ~[?:?]
	at java.beans.PropertyChangeSupport.firePropertyChange(PropertyChangeSupport.java:335) ~[?:?]
	at java.beans.PropertyChangeSupport.firePropertyChange(PropertyChangeSupport.java:268) ~[?:?]
	at com.st.microxplorer.util.MXPropertyChangeSupport.firePropertyChange(MXPropertyChangeSupport.java:54) ~[STM32CubeMX.jar:?]
	at com.st.microxplorer.mxsystem.MxSystem.closeConfig(MxSystem.java:899) ~[STM32CubeMX.jar:?]
	at com.st.microxplorer.maingui.MainPanel.closeConfig(MainPanel.java:792) ~[STM32CubeMX.jar:?]
	at com.st.microxplorer.plugins.filemanager.engine.OpenFileManager.loadConfigurationFile(OpenFileManager.java:288) ~[filemanager.jar:?]
	at com.st.microxplorer.plugins.filemanager.engine.MainFileManager.userLoadConfig(MainFileManager.java:364) ~[filemanager.jar:?]
	at com.st.microxplorer.plugins.filemanager.engine.MainFileManager.userLoadConfig(MainFileManager.java:342) ~[filemanager.jar:?]
	at com.st.microxplorer.plugins.filemanager.FileManagerView.getSpecificTask(FileManagerView.java:264) ~[filemanager.jar:?]
	at com.st.stm32cube.common.mx.editor.CubeMxEditor.getMxTabbedPaneInstance(CubeMxEditor.java:1198) ~[com.st.stm32cube.common.mx_6.15.0.202507011659/:?]
	at com.st.stm32cube.common.mx.editor.CubeMxEditor$12$1.createSwingComponent(CubeMxEditor.java:1068) ~[com.st.stm32cube.common.mx_6.15.0.202507011659/:?]
	at com.st.stm32cube.common.mx.oss.core.awtswtbridge.EmbeddedSwingComposite.doComponentCreation(EmbeddedSwingComposite.java:492) ~[com.st.stm32cube.common.mx.oss_6.15.0.202507011659/:?]
	at com.st.stm32cube.common.mx.oss.core.awtswtbridge.EmbeddedSwingComposite$4.run(EmbeddedSwingComposite.java:291) ~[com.st.stm32cube.common.mx.oss_6.15.0.202507011659/:?]
	at com.st.stm32cube.common.mx.oss.core.awtswtbridge.AwtEnvironment$2.run(AwtEnvironment.java:166) ~[com.st.stm32cube.common.mx.oss_6.15.0.202507011659/:?]
	at java.awt.event.InvocationEvent.dispatch(InvocationEvent.java:318) ~[?:?]
	at java.awt.EventQueue.dispatchEventImpl(EventQueue.java:773) ~[?:?]
	at java.awt.EventQueue$4.run(EventQueue.java:720) ~[?:?]
	at java.awt.EventQueue$4.run(EventQueue.java:714) ~[?:?]
	at java.security.AccessController.doPrivileged(AccessController.java:400) ~[?:?]
	at java.security.ProtectionDomain$JavaSecurityAccessImpl.doIntersectionPrivilege(ProtectionDomain.java:87) ~[?:?]
	at java.awt.EventQueue.dispatchEvent(EventQueue.java:742) ~[?:?]
	at java.awt.EventDispatchThread.pumpOneEventForFilters(EventDispatchThread.java:203) ~[?:?]
	at java.awt.EventDispatchThread.pumpEventsForFilter(EventDispatchThread.java:124) ~[?:?]
	at java.awt.EventDispatchThread.pumpEventsForHierarchy(EventDispatchThread.java:113) ~[?:?]
	at java.awt.EventDispatchThread.pumpEvents(EventDispatchThread.java:109) ~[?:?]
	at java.awt.EventDispatchThread.pumpEvents(EventDispatchThread.java:101) ~[?:?]
	at java.awt.EventDispatchThread.run(EventDispatchThread.java:90) ~[?:?]
2026-01-29 11:16:47,014 [WARN] ThirdParty:871 - waiting for thirdparty lock release [close project]
2026-01-29 11:16:47,015 [INFO] ThirdParty:873 - entering critical section [close project]
2026-01-29 11:16:47,015 [INFO] ThirdParty:883 - exiting critical section [close project]
2026-01-29 11:16:47,017 [INFO] PinOutPanel:1589 - setPackage(No Configuration,No Configuration)
2026-01-29 11:16:47,023 [WARN] IpParametersView:155 - Warning: This peripheral hasn't parameters
2026-01-29 11:16:47,028 [WARN] MainPanel:289 - <html><b><center>Warning: This peripheral has no parameters to be configured<br></b></html>
2026-01-29 11:16:47,032 [INFO] UtilMem:75 - Begin LoadConfig() Used Memory: 553411744 Bytes (807403520)
2026-01-29 11:16:47,040 [INFO] MicroXplorer:468 - Change Database Path : /home/krushna/.stm32cubemx/databases/DB.6.0.130/db/
2026-01-29 11:16:47,040 [INFO] MicroXplorer:498 - Change Database Version : DB.6.0.130
2026-01-29 11:16:49,376 [INFO] OpenFileManager:355 - Change cursor
2026-01-29 11:16:49,395 [INFO] Mcu:2029 - Initializing MCU STM32F407V(E-G)Tx STM32F407VGTx STM32F407VGT6
2026-01-29 11:16:50,293 [INFO] Context:786 - Trying to add GPIOservice into a context  which must be forbidden
2026-01-29 11:16:50,511 [INFO] ImportTextPane:234 - (OptionalMessage_ERROR) Pin16 (VP_RIF_VS_RIF1) cannot be retrieved for this MCU
2026-01-29 11:16:50,614 [INFO] RtosManager:558 - Registered RTOS mode: class=CMSIS, group=RTOS, mode=CMSIS_V1, owner=FREERTOS
2026-01-29 11:16:50,614 [INFO] RtosManager:558 - Registered RTOS mode: class=CMSIS, group=RTOS2, mode=CMSIS_V2, owner=FREERTOS
2026-01-29 11:16:50,614 [INFO] RtosManager:558 - Registered RTOS mode: class=RTOS, group=Core, mode=CMSIS_V1, owner=FREERTOS
2026-01-29 11:16:50,614 [INFO] RtosManager:558 - Registered RTOS mode: class=RTOS, group=Core, mode=CMSIS_V2, owner=FREERTOS
2026-01-29 11:16:50,614 [WARN] ModelIntegratedComponent:184 - Missing modes for component STMicroelectronics:FreeRTOS:0.0.1:STMicroelectronics:RTOS:FreeRTOS:Core:::10.2.0:
2026-01-29 11:16:50,624 [WARN] ModelIntegratedComponent:63 - No mode defined for component null
2026-01-29 11:16:50,624 [WARN] ModelIntegratedComponent:63 - No mode defined for component null
2026-01-29 11:16:50,624 [WARN] ModelIntegratedComponent:63 - No mode defined for component null
2026-01-29 11:16:50,624 [WARN] ModelIntegratedComponent:63 - No mode defined for component null
2026-01-29 11:16:50,624 [WARN] ModelIntegratedComponent:63 - No mode defined for component null
2026-01-29 11:16:50,624 [WARN] ModelIntegratedComponent:63 - No mode defined for component null
2026-01-29 11:16:50,624 [WARN] ModelIntegratedComponent:63 - No mode defined for component null
2026-01-29 11:16:50,624 [WARN] ModelIntegratedComponent:63 - No mode defined for component null
2026-01-29 11:16:50,624 [WARN] ModelIntegratedComponent:63 - No mode defined for component null
2026-01-29 11:16:50,624 [WARN] ModelIntegratedComponent:63 - No mode defined for component null
2026-01-29 11:16:50,624 [WARN] ModelIntegratedComponent:63 - No mode defined for component null
2026-01-29 11:16:50,625 [WARN] ModelIntegratedComponent:63 - No mode defined for component null
2026-01-29 11:16:50,625 [WARN] ModelIntegratedComponent:63 - No mode defined for component null
2026-01-29 11:16:50,625 [WARN] ModelIntegratedComponent:63 - No mode defined for component null
2026-01-29 11:16:50,625 [WARN] ModelIntegratedComponent:63 - No mode defined for component null
2026-01-29 11:16:50,625 [WARN] ModelIntegratedComponent:63 - No mode defined for component null
2026-01-29 11:16:50,625 [WARN] ModelIntegratedComponent:63 - No mode defined for component null
2026-01-29 11:16:50,625 [WARN] ModelIntegratedComponent:63 - No mode defined for component null
2026-01-29 11:16:50,625 [WARN] ModelIntegratedComponent:63 - No mode defined for component null
2026-01-29 11:16:50,625 [WARN] ModelIntegratedComponent:63 - No mode defined for component null
2026-01-29 11:16:50,625 [WARN] ModelIntegratedComponent:63 - No mode defined for component null
2026-01-29 11:16:50,625 [WARN] ModelIntegratedComponent:63 - No mode defined for component null
2026-01-29 11:16:50,625 [WARN] ModelIntegratedComponent:63 - No mode defined for component null
2026-01-29 11:16:50,625 [WARN] ModelIntegratedComponent:63 - No mode defined for component null
2026-01-29 11:16:50,625 [WARN] ModelIntegratedComponent:63 - No mode defined for component null
2026-01-29 11:16:50,625 [WARN] ModelIntegratedComponent:63 - No mode defined for component null
2026-01-29 11:16:50,625 [WARN] ModelIntegratedComponent:63 - No mode defined for component null
2026-01-29 11:16:50,625 [WARN] ModelIntegratedComponent:63 - No mode defined for component null
2026-01-29 11:16:50,625 [WARN] ModelIntegratedComponent:63 - No mode defined for component null
2026-01-29 11:16:50,626 [WARN] ModelIntegratedComponent:63 - No mode defined for component null
2026-01-29 11:16:50,626 [WARN] ModelIntegratedComponent:63 - No mode defined for component null
2026-01-29 11:16:50,626 [WARN] ModelIntegratedComponent:63 - No mode defined for component null
2026-01-29 11:16:50,626 [WARN] ModelIntegratedComponent:63 - No mode defined for component null
2026-01-29 11:16:50,626 [WARN] ModelIntegratedComponent:63 - No mode defined for component null
2026-01-29 11:16:50,626 [WARN] ModelIntegratedComponent:63 - No mode defined for component null
2026-01-29 11:16:50,626 [WARN] ModelPack:524 - Component already loaded: STMicroelectronics:HAL Drivers:0.0.0:STMicroelectronics:Device:STMicro_Driver:XSPI:HAL::0.0.1:HAL_XSPI
2026-01-29 11:16:50,710 [INFO] ThirdPartyModel:298 - Start build external matchings
2026-01-29 11:16:51,169 [INFO] ThirdPartyModel:316 - End build external matchings
2026-01-29 11:16:51,185 [INFO] ImportTextPane:234 - (OptionalMessage_ERROR) IP (RCC) : Parameter (RTCHSEDivFreq_Value) has invalid value (4000000)
2026-01-29 11:16:51,334 [INFO] UtilMem:75 - End LoadConfig() Used Memory: 574906376 Bytes (807403520)
2026-01-29 11:16:51,340 [WARN] ThirdParty:833 - waiting for thirdparty lock release [change project]
2026-01-29 11:16:51,340 [INFO] ThirdParty:835 - entering critical section [change project]
2026-01-29 11:16:51,340 [INFO] ThirdParty:1030 - CMSIS Pack Vendor :STMicroelectronics X-CUBE-PM33A1 1.0.0
2026-01-29 11:16:51,340 [INFO] ThirdParty:1030 - CMSIS Pack Vendor :STMicroelectronics USBPD 4.1
2026-01-29 11:16:51,340 [INFO] ThirdParty:1030 - CMSIS Pack Vendor :STMicroelectronics X-CUBE-NFC9 1.0.0
2026-01-29 11:16:51,340 [INFO] ThirdParty:1030 - CMSIS Pack Vendor :STMicroelectronics USB_HOST 2.0.0
2026-01-29 11:16:51,340 [INFO] ThirdParty:1030 - CMSIS Pack Vendor :STMicroelectronics FP-SNS-MOTENVWB1 1.4.0
2026-01-29 11:16:51,341 [INFO] ThirdParty:1030 - CMSIS Pack Vendor :STMicroelectronics X-CUBE-AZRTOS-F4 1.1.0
2026-01-29 11:16:51,341 [INFO] ThirdParty:1030 - CMSIS Pack Vendor :STMicroelectronics LIBJPEG 8.0.0
2026-01-29 11:16:51,341 [INFO] ThirdParty:1030 - CMSIS Pack Vendor :STMicroelectronics FP-ATR-ASTRA1 2.0.2
2026-01-29 11:16:51,341 [INFO] ThirdParty:1030 - CMSIS Pack Vendor :STMicroelectronics X-CUBE-BLE1 7.1.0
2026-01-29 11:16:51,341 [INFO] ThirdParty:1030 - CMSIS Pack Vendor :Avnet-IotConnect X-CUBE-IoTC-DA16k-PMOD 1.0.0
2026-01-29 11:16:51,341 [INFO] ThirdParty:1030 - CMSIS Pack Vendor :STMicroelectronics X-CUBE-SMBUS 2.1.0
2026-01-29 11:16:51,341 [INFO] ThirdParty:1030 - CMSIS Pack Vendor :wolfSSL I-CUBE-wolfMQTT 1.19.2
2026-01-29 11:16:51,341 [INFO] ThirdParty:1030 - CMSIS Pack Vendor :STMicroelectronics USB_DEVICE 3.0.0
2026-01-29 11:16:51,341 [INFO] ThirdParty:1030 - CMSIS Pack Vendor :STMicroelectronics X-CUBE-ISPU 2.1.0
2026-01-29 11:16:51,341 [INFO] ThirdParty:1030 - CMSIS Pack Vendor :STMicroelectronics X-CUBE-FREERTOS 1.4.0
2026-01-29 11:16:51,341 [INFO] ThirdParty:1030 - CMSIS Pack Vendor :STMicroelectronics X-CUBE-IPS 3.2.0
2026-01-29 11:16:51,341 [INFO] ThirdParty:1030 - CMSIS Pack Vendor :STMicroelectronics X-CUBE-AZRTOS-WB 2.0.0
2026-01-29 11:16:51,341 [INFO] ThirdParty:1030 - CMSIS Pack Vendor :STMicroelectronics X-CUBE-ST60 1.0.0
2026-01-29 11:16:51,341 [INFO] ThirdParty:1030 - CMSIS Pack Vendor :STMicroelectronics X-CUBE-GNSS1 7.0.1
2026-01-29 11:16:51,341 [INFO] ThirdParty:1030 - CMSIS Pack Vendor :STMicroelectronics X-CUBE-AZRTOS-F7 1.1.0
2026-01-29 11:16:51,341 [INFO] ThirdParty:1030 - CMSIS Pack Vendor :STMicroelectronics X-CUBE-AZRTOS-L5 2.0.0
2026-01-29 11:16:51,341 [INFO] ThirdParty:1030 - CMSIS Pack Vendor :STMicroelectronics X-CUBE-TOUCHGFX 4.25.0
2026-01-29 11:16:51,341 [INFO] ThirdParty:1030 - CMSIS Pack Vendor :STMicroelectronics USB_DEVICE 2.0.0
2026-01-29 11:16:51,341 [INFO] ThirdParty:1030 - CMSIS Pack Vendor :STMicroelectronics X-CUBE-NFC6 3.1.0
2026-01-29 11:16:51,341 [INFO] ThirdParty:1030 - CMSIS Pack Vendor :STMicroelectronics X-CUBE-ST67W61 1.1.0
2026-01-29 11:16:51,341 [INFO] ThirdParty:1030 - CMSIS Pack Vendor :Cesanta I-CUBE-Mongoose 7.19.0
2026-01-29 11:16:51,341 [INFO] ThirdParty:1030 - CMSIS Pack Vendor :quantropi X-CUBE-qispace-sdk-base 2.1.0
2026-01-29 11:16:51,341 [INFO] ThirdParty:1030 - CMSIS Pack Vendor :STMicroelectronics X-CUBE-MEMS1 12.0.0
2026-01-29 11:16:51,341 [INFO] ThirdParty:1030 - CMSIS Pack Vendor :STMicroelectronics X-CUBE-STSE01 2.0.0
2026-01-29 11:16:51,341 [INFO] ThirdParty:1030 - CMSIS Pack Vendor :STMicroelectronics FP-SNS-MOTENV1 5.1.0
2026-01-29 11:16:51,341 [INFO] ThirdParty:1030 - CMSIS Pack Vendor :STMicroelectronics FreeRTOS 0.0.1
2026-01-29 11:16:51,341 [INFO] ThirdParty:1030 - CMSIS Pack Vendor :STMicroelectronics X-CUBE-AZRTOS-G0 1.1.0
2026-01-29 11:16:51,341 [INFO] ThirdParty:1030 - CMSIS Pack Vendor :STMicroelectronics X-CUBE-SAFEA1 1.2.2
2026-01-29 11:16:51,341 [INFO] ThirdParty:1030 - CMSIS Pack Vendor :STMicroelectronics X-CUBE-NFC4 3.0.0
2026-01-29 11:16:51,341 [INFO] ThirdParty:1030 - CMSIS Pack Vendor :STMicroelectronics X-CUBE-SUBG2 5.0.0
2026-01-29 11:16:51,341 [INFO] ThirdParty:1030 - CMSIS Pack Vendor :STMicroelectronics X-CUBE-AZRTOS-H7RS 1.1.0
2026-01-29 11:16:51,341 [INFO] ThirdParty:1030 - CMSIS Pack Vendor :STMicroelectronics STM32_WPAN 1.0.0
2026-01-29 11:16:51,341 [INFO] ThirdParty:1030 - CMSIS Pack Vendor :EmbeddedOffice I-CUBE-FS-RTOS 1.0.1
2026-01-29 11:16:51,341 [INFO] ThirdParty:1030 - CMSIS Pack Vendor :STMicroelectronics lwIP 2.0.3
2026-01-29 11:16:51,341 [INFO] ThirdParty:1030 - CMSIS Pack Vendor :WES I-CUBE-Cesium 1.4.0
2026-01-29 11:16:51,341 [INFO] ThirdParty:1030 - CMSIS Pack Vendor :STMicroelectronics USB_HOST 1.0.0
2026-01-29 11:16:51,341 [INFO] ThirdParty:1030 - CMSIS Pack Vendor :Infineon AIROC-Wi-Fi-Bluetooth-STM32 1.7.1
2026-01-29 11:16:51,341 [INFO] ThirdParty:1030 - CMSIS Pack Vendor :STMicroelectronics X-CUBE-AZRTOS-G4 2.0.0
2026-01-29 11:16:51,341 [INFO] ThirdParty:1030 - CMSIS Pack Vendor :STMicroelectronics X-CUBE-WB05N 2.0.0
2026-01-29 11:16:51,341 [INFO] ThirdParty:1030 - CMSIS Pack Vendor :STMicroelectronics PDM2PCM 3.1.0
2026-01-29 11:16:51,341 [INFO] ThirdParty:1030 - CMSIS Pack Vendor :STMicroelectronics PDM2PCM 3.3.0
2026-01-29 11:16:51,341 [INFO] ThirdParty:1030 - CMSIS Pack Vendor :wolfSSL I-CUBE-wolfTPM 3.8.0
2026-01-29 11:16:51,341 [INFO] ThirdParty:1030 - CMSIS Pack Vendor :STMicroelectronics X-CUBE-DISPLAY 3.0.0
2026-01-29 11:16:51,341 [INFO] ThirdParty:1030 - CMSIS Pack Vendor :wolfSSL I-CUBE-wolfSSH 1.4.20
2026-01-29 11:16:51,341 [INFO] ThirdParty:1030 - CMSIS Pack Vendor :STMicroelectronics X-CUBE-NFC7 2.0.0
2026-01-29 11:16:51,341 [INFO] ThirdParty:1030 - CMSIS Pack Vendor :STMicroelectronics X-CUBE-TCPP 4.2.0
2026-01-29 11:16:51,342 [INFO] ThirdParty:1030 - CMSIS Pack Vendor :RealThread X-CUBE-RT-Thread_Nano 4.1.1
2026-01-29 11:16:51,342 [INFO] ThirdParty:1030 - CMSIS Pack Vendor :STMicroelectronics FP-ATR-SIGFOX1 3.2.0
2026-01-29 11:16:51,342 [INFO] ThirdParty:1030 - CMSIS Pack Vendor :STMicroelectronics X-CUBE-NFC10 1.0.0
2026-01-29 11:16:51,342 [INFO] ThirdParty:1030 - CMSIS Pack Vendor :STMicroelectronics X-CUBE-FREERTOS 1.3.1
2026-01-29 11:16:51,342 [INFO] ThirdParty:1030 - CMSIS Pack Vendor :STMicroelectronics HAL Drivers 0.0.0
2026-01-29 11:16:51,342 [INFO] ThirdParty:1030 - CMSIS Pack Vendor :STMicroelectronics MBEDTLS 2.16.2
2026-01-29 11:16:51,342 [INFO] ThirdParty:1030 - CMSIS Pack Vendor :STMicroelectronics X-CUBE-ST60 1.1.0
2026-01-29 11:16:51,342 [INFO] ThirdParty:1030 - CMSIS Pack Vendor :STMicroelectronics X-CUBE-IPS 3.1.0
2026-01-29 11:16:51,342 [INFO] ThirdParty:1030 - CMSIS Pack Vendor :STMicroelectronics X-CUBE-ALS 1.0.2
2026-01-29 11:16:51,342 [INFO] ThirdParty:1030 - CMSIS Pack Vendor :emotas I-CUBE-CANOPEN 1.3.0
2026-01-29 11:16:51,342 [INFO] ThirdParty:1030 - CMSIS Pack Vendor :STMicroelectronics MBEDTLS 2.14.1
2026-01-29 11:16:51,342 [INFO] ThirdParty:1030 - CMSIS Pack Vendor :STMicroelectronics X-CUBE-GNSS1 7.1.0
2026-01-29 11:16:51,342 [INFO] ThirdParty:1030 - CMSIS Pack Vendor :ITTIA_DB I-CUBE-ITTIADB 8.9.0
2026-01-29 11:16:51,342 [INFO] ThirdParty:1030 - CMSIS Pack Vendor :STMicroelectronics X-CUBE-TOUCHGFX 4.26.0
2026-01-29 11:16:51,342 [INFO] ThirdParty:1030 - CMSIS Pack Vendor :STMicroelectronics X-CUBE-STSE01 1.0.0
2026-01-29 11:16:51,342 [INFO] ThirdParty:1030 - CMSIS Pack Vendor :STMicroelectronics X-CUBE-NFC6 3.2.0
2026-01-29 11:16:51,342 [INFO] ThirdParty:1030 - CMSIS Pack Vendor :STMicroelectronics X-CUBE-ST67W61 1.0.0
2026-01-29 11:16:51,342 [INFO] ThirdParty:1030 - CMSIS Pack Vendor :STMicroelectronics ThreadX 1.0.0
2026-01-29 11:16:51,342 [INFO] ThirdParty:1030 - CMSIS Pack Vendor :STMicroelectronics FP-SNS-SMARTAG2 1.2.0
2026-01-29 11:16:51,342 [INFO] ThirdParty:1030 - CMSIS Pack Vendor :STMicroelectronics FP-SNS-FLIGHT1 5.1.0
2026-01-29 11:16:51,342 [INFO] ThirdParty:1030 - CMSIS Pack Vendor :STMicroelectronics X-CUBE-AZRTOS-WL 2.0.0
2026-01-29 11:16:51,342 [INFO] ThirdParty:1030 - CMSIS Pack Vendor :SEGGER I-CUBE-embOS 1.3.1
2026-01-29 11:16:51,342 [INFO] ThirdParty:1030 - CMSIS Pack Vendor :STMicroelectronics X-CUBE-ALGOBUILD 1.4.0
2026-01-29 11:16:51,342 [INFO] ThirdParty:1030 - CMSIS Pack Vendor :STMicroelectronics X-CUBE-DPower 1.3.0
2026-01-29 11:16:51,342 [INFO] ThirdParty:1030 - CMSIS Pack Vendor :STMicroelectronics X-CUBE-MEMS1 11.3.0
2026-01-29 11:16:51,342 [INFO] ThirdParty:1030 - CMSIS Pack Vendor :STMicroelectronics FP-SNS-MOTENV1 5.0.0
2026-01-29 11:16:51,342 [INFO] ThirdParty:1030 - CMSIS Pack Vendor :STMicroelectronics USB_DEVICE 1.0.0
2026-01-29 11:16:51,342 [INFO] ThirdParty:1030 - CMSIS Pack Vendor :STMicroelectronics X-CUBE-AZRTOS-H7RS 1.2.0
2026-01-29 11:16:51,342 [INFO] ThirdParty:1030 - CMSIS Pack Vendor :STMicroelectronics X-CUBE-AZRTOS-L4 2.0.0
2026-01-29 11:16:51,342 [INFO] ThirdParty:1030 - CMSIS Pack Vendor :STMicroelectronics ThreadX 0.0.2
2026-01-29 11:16:51,342 [INFO] ThirdParty:1030 - CMSIS Pack Vendor :STMicroelectronics lwIP 2.1.2
2026-01-29 11:16:51,342 [INFO] ThirdParty:1030 - CMSIS Pack Vendor :STMicroelectronics X-CUBE-SFXS2LP1 4.0.0
2026-01-29 11:16:51,342 [INFO] ThirdParty:1030 - CMSIS Pack Vendor :STMicroelectronics X-CUBE-BLE2 3.3.0
2026-01-29 11:16:51,342 [INFO] ThirdParty:1030 - CMSIS Pack Vendor :Avnet-IOTCONNECT X-CUBE-iotc-st67-sdk 1.0.0
2026-01-29 11:16:51,342 [INFO] ThirdParty:1030 - CMSIS Pack Vendor :STMicroelectronics X-CUBE-TOF1 3.4.3
2026-01-29 11:16:51,342 [INFO] ThirdParty:1030 - CMSIS Pack Vendor :STMicroelectronics PDM2PCM 3.2.0
2026-01-29 11:16:51,342 [INFO] ThirdParty:1030 - CMSIS Pack Vendor :STMicroelectronics X-CUBE-ST67W61 1.2.0
2026-01-29 11:16:51,342 [INFO] ThirdParty:841 - exiting critical section [change project]
2026-01-29 11:16:51,624 [INFO] PinOutPanel:1589 - setPackage(No Configuration,No Configuration)
2026-01-29 11:16:51,625 [INFO] PinOutPanel:1589 - setPackage(STM32F407VGTx,LQFP100)
2026-01-29 11:16:51,886 [INFO] UtilMem:75 - Before build in PCC Used Memory: 436545584 Bytes (807403520)
2026-01-29 11:16:52,088 [INFO] UtilMem:75 - After build in PCC Used Memory: 482160688 Bytes (807403520)
2026-01-29 11:16:52,117 [INFO] IPUIPlugin:80 - create IPUIPlugin
2026-01-29 11:16:52,118 [INFO] IPUIPlugin:80 - create IPUIPlugin
2026-01-29 11:16:52,118 [INFO] IPUIPlugin:80 - create IPUIPlugin
2026-01-29 11:16:52,118 [INFO] IPUIPlugin:80 - create IPUIPlugin
2026-01-29 11:16:52,118 [INFO] IPUIPlugin:80 - create IPUIPlugin
2026-01-29 11:16:52,118 [INFO] IPUIPlugin:80 - create IPUIPlugin
2026-01-29 11:16:52,118 [INFO] IPUIPlugin:80 - create IPUIPlugin
2026-01-29 11:16:52,119 [INFO] IPUIPlugin:80 - create IPUIPlugin
2026-01-29 11:16:52,119 [INFO] IPUIPlugin:80 - create IPUIPlugin
2026-01-29 11:16:52,119 [INFO] IPUIPlugin:80 - create IPUIPlugin
2026-01-29 11:16:52,119 [INFO] IPUIPlugin:80 - create IPUIPlugin
2026-01-29 11:16:52,119 [INFO] IPUIPlugin:80 - create IPUIPlugin
2026-01-29 11:16:52,119 [INFO] IPUIPlugin:80 - create IPUIPlugin
2026-01-29 11:16:52,119 [INFO] IPUIPlugin:80 - create IPUIPlugin
2026-01-29 11:16:52,119 [INFO] IPUIPlugin:80 - create IPUIPlugin
2026-01-29 11:16:52,119 [INFO] IPUIPlugin:80 - create IPUIPlugin
2026-01-29 11:16:52,119 [INFO] IPUIPlugin:80 - create IPUIPlugin
2026-01-29 11:16:52,120 [INFO] IPUIPlugin:80 - create IPUIPlugin
2026-01-29 11:16:52,120 [INFO] IPUIPlugin:80 - create IPUIPlugin
2026-01-29 11:16:52,120 [INFO] IPUIPlugin:80 - create IPUIPlugin
2026-01-29 11:16:52,120 [INFO] IPUIPlugin:80 - create IPUIPlugin
2026-01-29 11:16:52,120 [INFO] IPUIPlugin:80 - create IPUIPlugin
2026-01-29 11:16:52,120 [INFO] IPUIPlugin:80 - create IPUIPlugin
2026-01-29 11:16:52,121 [INFO] IPUIPlugin:80 - create IPUIPlugin
2026-01-29 11:16:52,121 [INFO] IPUIPlugin:80 - create IPUIPlugin
2026-01-29 11:16:52,121 [INFO] IPUIPlugin:80 - create IPUIPlugin
2026-01-29 11:16:52,121 [INFO] IPUIPlugin:80 - create IPUIPlugin
2026-01-29 11:16:52,122 [INFO] IPUIPlugin:80 - create IPUIPlugin
2026-01-29 11:16:52,122 [INFO] IPUIPlugin:80 - create IPUIPlugin
2026-01-29 11:16:52,122 [INFO] IPUIPlugin:80 - create IPUIPlugin
2026-01-29 11:16:52,122 [INFO] IPUIPlugin:80 - create IPUIPlugin
2026-01-29 11:16:52,123 [INFO] IPUIPlugin:80 - create IPUIPlugin
2026-01-29 11:16:52,123 [INFO] IPUIPlugin:80 - create IPUIPlugin
2026-01-29 11:16:52,123 [INFO] IPUIPlugin:80 - create IPUIPlugin
2026-01-29 11:16:52,123 [INFO] IPUIPlugin:80 - create IPUIPlugin
2026-01-29 11:16:52,124 [INFO] IPUIPlugin:80 - create IPUIPlugin
2026-01-29 11:16:52,124 [INFO] IPUIPlugin:80 - create IPUIPlugin
2026-01-29 11:16:52,124 [INFO] IPUIPlugin:80 - create IPUIPlugin
2026-01-29 11:16:52,124 [INFO] IPUIPlugin:80 - create IPUIPlugin
2026-01-29 11:16:52,124 [INFO] IPUIPlugin:80 - create IPUIPlugin
2026-01-29 11:16:52,125 [INFO] IPUIPlugin:80 - create IPUIPlugin
2026-01-29 11:16:52,125 [INFO] IPUIPlugin:80 - create IPUIPlugin
2026-01-29 11:16:52,125 [INFO] IPUIPlugin:80 - create IPUIPlugin
2026-01-29 11:16:52,125 [INFO] IPUIPlugin:80 - create IPUIPlugin
2026-01-29 11:16:52,126 [INFO] IPUIPlugin:80 - create IPUIPlugin
2026-01-29 11:16:52,126 [INFO] IPUIPlugin:80 - create IPUIPlugin
2026-01-29 11:16:52,126 [INFO] IPUIPlugin:80 - create IPUIPlugin
2026-01-29 11:16:52,126 [INFO] IPUIPlugin:80 - create IPUIPlugin
2026-01-29 11:16:52,127 [INFO] IPUIPlugin:80 - create IPUIPlugin
2026-01-29 11:16:52,127 [INFO] IPUIPlugin:80 - create IPUIPlugin
2026-01-29 11:16:52,127 [INFO] IPUIPlugin:80 - create IPUIPlugin
2026-01-29 11:16:52,127 [INFO] IPUIPlugin:80 - create IPUIPlugin
2026-01-29 11:16:52,127 [INFO] IPUIPlugin:80 - create IPUIPlugin
2026-01-29 11:16:52,128 [INFO] IPUIPlugin:80 - create IPUIPlugin
2026-01-29 11:16:52,128 [INFO] IPUIPlugin:80 - create IPUIPlugin
2026-01-29 11:16:52,129 [INFO] IPUIPlugin:80 - create IPUIPlugin
2026-01-29 11:16:52,129 [INFO] IPUIPlugin:80 - create IPUIPlugin
2026-01-29 11:16:52,130 [INFO] IPUIPlugin:80 - create IPUIPlugin
2026-01-29 11:16:52,133 [INFO] ApiDbMcu:532 - Load IP Config File for PDM2PCM
2026-01-29 11:16:52,135 [INFO] Can:71 - Can Add PropertyChangeListener com.st.microxplorer.plugins.ip.can.Can@25904daf
2026-01-29 11:16:52,205 [INFO] CADModel:165 - CPN selected for project levelSTM32F407VGT6
2026-01-29 11:16:52,205 [INFO] CADModel:114 - Register for checkConnection events
2026-01-29 11:16:52,243 [INFO] OpenFileManager:386 - Restore cursor
2026-01-29 11:43:02,211 [INFO] UtilMem:75 - End SaveConfig() Used Memory: 382366488 Bytes (807403520)
2026-01-29 11:43:04,422 [INFO] UtilMem:75 - End SaveConfig() Used Memory: 410155800 Bytes (807403520)
2026-01-29 11:43:06,200 [INFO] UtilMem:75 - End SaveConfig() Used Memory: 501904152 Bytes (807403520)
2026-01-29 11:43:06,321 [INFO] BlockDiagram:2775 - set Specific Code input for plugin: CAN
2026-01-29 11:43:06,321 [INFO] BlockDiagram:2775 - set Specific Code input for plugin: TIM1_8
2026-01-29 11:43:06,321 [INFO] BlockDiagram:2775 - set Specific Code input for plugin: SYS
2026-01-29 11:43:06,321 [INFO] BlockDiagram:2775 - set Specific Code input for plugin: RCC
2026-01-29 11:43:06,321 [INFO] BlockDiagram:2775 - set Specific Code input for plugin: NVIC
2026-01-29 11:43:06,321 [INFO] BlockDiagram:2775 - set Specific Code input for plugin: USART
2026-01-29 11:43:06,321 [INFO] BlockDiagram:2775 - set Specific Code input for plugin: USART
2026-01-29 11:43:06,321 [INFO] BlockDiagram:2775 - set Specific Code input for plugin: USART
2026-01-29 11:43:06,322 [INFO] BlockDiagram:2775 - set Specific Code input for plugin: GPIO
2026-01-29 11:43:06,323 [INFO] CodeGenerator:892 - code generatio: config db path: /home/krushna/.stm32cubemx/databases/DB.6.0.130/db/
2026-01-29 11:43:06,425 [INFO] CodeEngine:265 - oldGeneratedFile, /home/krushna/CDAC_Project/HAL_CAN_RX/MXTmpFiles/license.tmp_save
2026-01-29 11:43:06,758 [INFO] CodeEngine:289 - Generated code: /home/krushna/CDAC_Project/HAL_CAN_RX/MXTmpFiles/license.tmp
2026-01-29 11:43:06,844 [INFO] CodeEngine:265 - oldGeneratedFile, /home/krushna/CDAC_Project/HAL_CAN_RX/MXTmpFiles/gpio.tmp_save
2026-01-29 11:43:06,980 [INFO] CodeEngine:289 - Generated code: /home/krushna/CDAC_Project/HAL_CAN_RX/MXTmpFiles/gpio.tmp
2026-01-29 11:43:07,249 [INFO] CodeEngine:265 - oldGeneratedFile, /home/krushna/CDAC_Project/HAL_CAN_RX/Core/Src/stm32f4xx_it.c_save
2026-01-29 11:43:07,533 [INFO] CodeEngine:289 - Generated code: /home/krushna/CDAC_Project/HAL_CAN_RX/Core/Src/stm32f4xx_it.c
2026-01-29 11:43:07,536 [INFO] CodeEngine:265 - oldGeneratedFile, /home/krushna/CDAC_Project/HAL_CAN_RX/Core/Inc/stm32f4xx_it.h_save
2026-01-29 11:43:07,596 [INFO] CodeEngine:289 - Generated code: /home/krushna/CDAC_Project/HAL_CAN_RX/Core/Inc/stm32f4xx_it.h
2026-01-29 11:43:07,603 [INFO] CodeEngine:265 - oldGeneratedFile, /home/krushna/CDAC_Project/HAL_CAN_RX/Core/Src/stm32f4xx_hal_msp.c_save
2026-01-29 11:43:07,750 [INFO] CodeEngine:289 - Generated code: /home/krushna/CDAC_Project/HAL_CAN_RX/Core/Src/stm32f4xx_hal_msp.c
2026-01-29 11:43:07,752 [INFO] CodeEngine:265 - oldGeneratedFile, /home/krushna/CDAC_Project/HAL_CAN_RX/MXTmpFiles/system.tmp_save
2026-01-29 11:43:07,825 [INFO] CodeEngine:289 - Generated code: /home/krushna/CDAC_Project/HAL_CAN_RX/MXTmpFiles/system.tmp
2026-01-29 11:43:07,829 [INFO] CodeEngine:321 - oldGeneratedFile, /home/krushna/CDAC_Project/HAL_CAN_RX/Core/Inc/stm32f4xx_hal_conf.h_save
2026-01-29 11:43:07,893 [INFO] CodeEngine:345 - Generated code: /home/krushna/CDAC_Project/HAL_CAN_RX/Core/Inc/stm32f4xx_hal_conf.h
2026-01-29 11:43:07,912 [INFO] ApiDbMcu:532 - Load IP Config File for CAN1
2026-01-29 11:43:07,923 [INFO] ApiDbMcu:532 - Load IP Config File for TIM1
2026-01-29 11:43:07,926 [INFO] ApiDbMcu:532 - Load IP Config File for USART1
2026-01-29 11:43:07,929 [INFO] ApiDbMcu:532 - Load IP Config File for USART2
2026-01-29 11:43:07,932 [INFO] ApiDbMcu:532 - Load IP Config File for USART3
2026-01-29 11:43:07,935 [INFO] ApiDbMcu:532 - Load IP Config File for RCC
2026-01-29 11:43:07,938 [WARN] IPConfigManager:3811 - IP not found : TIM
2026-01-29 11:43:07,938 [WARN] CodeGenerator:4259 - IP not found : null
2026-01-29 11:43:07,942 [INFO] CodeEngine:265 - oldGeneratedFile, /home/krushna/CDAC_Project/HAL_CAN_RX/Core/Inc/main.h_save
2026-01-29 11:43:08,092 [INFO] CodeEngine:289 - Generated code: /home/krushna/CDAC_Project/HAL_CAN_RX/Core/Inc/main.h
2026-01-29 11:43:08,095 [INFO] CodeEngine:265 - oldGeneratedFile, /home/krushna/CDAC_Project/HAL_CAN_RX/Core/Src/main.c_save
2026-01-29 11:43:08,237 [INFO] CodeEngine:289 - Generated code: /home/krushna/CDAC_Project/HAL_CAN_RX/Core/Src/main.c
2026-01-29 11:43:08,456 [INFO] ProjectBuilder:3606 - Time for Copy HAL[1] : 44mS.
2026-01-29 11:43:08,458 [INFO] ProjectBuilder:5216 - Project Generator version: 4.7.0-B52
2026-01-29 11:43:08,541 [INFO] ConfigFileManager:1595 - The Die is : DIE413
2026-01-29 11:43:08,543 [INFO] ApiDbMcu:532 - Load IP Config File for FATFS
2026-01-29 11:43:08,547 [INFO] ApiDbMcu:532 - Load IP Config File for FREERTOS
2026-01-29 11:43:08,549 [INFO] ApiDbMcu:532 - Load IP Config File for LIBJPEG
2026-01-29 11:43:08,554 [INFO] ApiDbMcu:532 - Load IP Config File for LWIP
2026-01-29 11:43:08,558 [INFO] ApiDbMcu:532 - Load IP Config File for MBEDTLS
2026-01-29 11:43:08,564 [INFO] ApiDbMcu:532 - Load IP Config File for USB_DEVICE
2026-01-29 11:43:08,567 [INFO] ApiDbMcu:532 - Load IP Config File for USB_HOST
2026-01-29 11:43:09,565 [INFO] ProjectBuilder:5496 - Time for Generating toolchain IDE Files: 1108mS.
2026-01-29 11:43:09,566 [INFO] ProjectBuilder:3463 - Time for Copy CMSIS : 0mS.
2026-01-29 11:43:09,567 [INFO] ProjectBuilder:3463 - Time for Copy CMSIS : 0mS.
2026-01-29 11:45:29,158 [INFO] UtilMem:75 - End SaveConfig() Used Memory: 605544544 Bytes (811597824)
2026-01-29 11:45:30,946 [INFO] UtilMem:75 - End SaveConfig() Used Memory: 536479232 Bytes (811597824)
2026-01-29 11:45:32,652 [INFO] UtilMem:75 - End SaveConfig() Used Memory: 609879552 Bytes (811597824)
2026-01-29 11:45:32,734 [INFO] BlockDiagram:2775 - set Specific Code input for plugin: CAN
2026-01-29 11:45:32,734 [INFO] BlockDiagram:2775 - set Specific Code input for plugin: TIM1_8
2026-01-29 11:45:32,734 [INFO] BlockDiagram:2775 - set Specific Code input for plugin: SYS
2026-01-29 11:45:32,734 [INFO] BlockDiagram:2775 - set Specific Code input for plugin: RCC
2026-01-29 11:45:32,734 [INFO] BlockDiagram:2775 - set Specific Code input for plugin: NVIC
2026-01-29 11:45:32,734 [INFO] BlockDiagram:2775 - set Specific Code input for plugin: USART
2026-01-29 11:45:32,734 [INFO] BlockDiagram:2775 - set Specific Code input for plugin: USART
2026-01-29 11:45:32,734 [INFO] BlockDiagram:2775 - set Specific Code input for plugin: USART
2026-01-29 11:45:32,735 [INFO] BlockDiagram:2775 - set Specific Code input for plugin: GPIO
2026-01-29 11:45:32,735 [INFO] CodeGenerator:892 - code generatio: config db path: /home/krushna/.stm32cubemx/databases/DB.6.0.130/db/
2026-01-29 11:45:32,808 [INFO] CodeEngine:265 - oldGeneratedFile, /home/krushna/CDAC_Project/HAL_CAN_RX/MXTmpFiles/license.tmp_save
2026-01-29 11:45:32,878 [INFO] CodeEngine:289 - Generated code: /home/krushna/CDAC_Project/HAL_CAN_RX/MXTmpFiles/license.tmp
2026-01-29 11:45:32,895 [INFO] CodeEngine:265 - oldGeneratedFile, /home/krushna/CDAC_Project/HAL_CAN_RX/MXTmpFiles/gpio.tmp_save
2026-01-29 11:45:32,977 [INFO] CodeEngine:289 - Generated code: /home/krushna/CDAC_Project/HAL_CAN_RX/MXTmpFiles/gpio.tmp
2026-01-29 11:45:33,172 [INFO] CodeEngine:265 - oldGeneratedFile, /home/krushna/CDAC_Project/HAL_CAN_RX/Core/Src/stm32f4xx_it.c_save
2026-01-29 11:45:33,277 [INFO] CodeEngine:289 - Generated code: /home/krushna/CDAC_Project/HAL_CAN_RX/Core/Src/stm32f4xx_it.c
2026-01-29 11:45:33,279 [INFO] CodeEngine:265 - oldGeneratedFile, /home/krushna/CDAC_Project/HAL_CAN_RX/Core/Inc/stm32f4xx_it.h_save
2026-01-29 11:45:33,344 [INFO] CodeEngine:289 - Generated code: /home/krushna/CDAC_Project/HAL_CAN_RX/Core/Inc/stm32f4xx_it.h
2026-01-29 11:45:33,350 [INFO] CodeEngine:265 - oldGeneratedFile, /home/krushna/CDAC_Project/HAL_CAN_RX/Core/Src/stm32f4xx_hal_msp.c_save
2026-01-29 11:45:33,441 [INFO] CodeEngine:289 - Generated code: /home/krushna/CDAC_Project/HAL_CAN_RX/Core/Src/stm32f4xx_hal_msp.c
2026-01-29 11:45:33,443 [INFO] CodeEngine:265 - oldGeneratedFile, /home/krushna/CDAC_Project/HAL_CAN_RX/MXTmpFiles/system.tmp_save
2026-01-29 11:45:33,497 [INFO] CodeEngine:289 - Generated code: /home/krushna/CDAC_Project/HAL_CAN_RX/MXTmpFiles/system.tmp
2026-01-29 11:45:33,500 [INFO] CodeEngine:321 - oldGeneratedFile, /home/krushna/CDAC_Project/HAL_CAN_RX/Core/Inc/stm32f4xx_hal_conf.h_save
2026-01-29 11:45:33,560 [INFO] CodeEngine:345 - Generated code: /home/krushna/CDAC_Project/HAL_CAN_RX/Core/Inc/stm32f4xx_hal_conf.h
2026-01-29 11:45:33,572 [WARN] IPConfigManager:3811 - IP not found : TIM
2026-01-29 11:45:33,572 [WARN] CodeGenerator:4259 - IP not found : null
2026-01-29 11:45:33,574 [INFO] CodeEngine:265 - oldGeneratedFile, /home/krushna/CDAC_Project/HAL_CAN_RX/Core/Inc/main.h_save
2026-01-29 11:45:33,631 [INFO] CodeEngine:289 - Generated code: /home/krushna/CDAC_Project/HAL_CAN_RX/Core/Inc/main.h
2026-01-29 11:45:33,632 [INFO] CodeEngine:265 - oldGeneratedFile, /home/krushna/CDAC_Project/HAL_CAN_RX/Core/Src/main.c_save
2026-01-29 11:45:33,728 [INFO] CodeEngine:289 - Generated code: /home/krushna/CDAC_Project/HAL_CAN_RX/Core/Src/main.c
2026-01-29 11:45:33,910 [INFO] ProjectBuilder:3606 - Time for Copy HAL[1] : 19mS.
2026-01-29 11:45:33,911 [INFO] ProjectBuilder:5216 - Project Generator version: 4.7.0-B52
2026-01-29 11:45:33,987 [INFO] ConfigFileManager:1595 - The Die is : DIE413
2026-01-29 11:45:34,665 [INFO] ProjectBuilder:5496 - Time for Generating toolchain IDE Files: 754mS.
2026-01-29 11:45:34,665 [INFO] ProjectBuilder:3463 - Time for Copy CMSIS : 0mS.
2026-01-29 11:45:34,666 [INFO] ProjectBuilder:3463 - Time for Copy CMSIS : 0mS.
2026-01-29 12:19:23,871 [ERROR] AdobePublisher:187 - Exception while getting the server answer: java.net.SocketTimeoutException: Read timed out
2026-01-29 12:19:27,058 [ERROR] AdobePublisher:187 - Exception while getting the server answer: java.net.SocketTimeoutException: Read timed out
2026-01-29 12:59:10,001 [ERROR] ConfigurationRetriever:142 - IOException on connection: Read timed out
2026-01-29 13:08:51,483 [ERROR] ConfigurationRetriever:142 - IOException on connection: Connect timed out
2026-01-29 13:11:43,418 [ERROR] AdobePublisher:187 - Exception while getting the server answer: java.net.SocketTimeoutException: Read timed out
2026-01-29 15:18:43,305 [ERROR] ConfigurationRetriever:142 - IOException on connection: Read timed out
2026-01-29 15:58:57,927 [INFO] WebApp:194 - Connection lost
2026-01-29 15:59:01,960 [INFO] WebApp:191 - Connection restablished
2026-01-29 18:41:27,549 [INFO] Activator:176 - 


2026-01-29 18:41:27,550 [INFO] Activator:177 - !SESSION log4j initialized
2026-01-29 18:41:30,890 [INFO] LogOutputStream:77 - [STDOUT_REDIRECT] 
2026-01-29 18:41:31,144 [ERROR] ConfigurationRetriever:142 - IOException on connection: sw-center.st.com
2026-01-29 18:41:31,145 [ERROR] ConfigurationRetriever:142 - IOException on connection: sw-center.st.com
2026-01-29 18:41:31,146 [ERROR] ConfigurationRetriever:142 - IOException on connection: sw-center.st.com
2026-01-29 18:41:31,546 [INFO] ApplicationProperties:184 - Using Application install path: /opt/st/stm32cubeide_1.19.0/plugins/com.st.stm32cube.common.mx_6.15.0.202507011659
2026-01-29 18:41:31,565 [INFO] DbMcusXml:78 - Set database path to: /opt/st/stm32cubeide_1.19.0/plugins/com.st.stm32cube.common.mx_6.15.0.202507011659//db//mcu/
2026-01-29 18:41:31,565 [INFO] ApiDb:274 - Set plugin database path to: /opt/st/stm32cubeide_1.19.0/plugins/com.st.stm32cube.common.mx_6.15.0.202507011659//db//plugins/boardmanager/
2026-01-29 18:41:31,566 [WARN] ApiDb:259 - Overriding images path with different value:  => /opt/st/stm32cubeide_1.19.0/plugins/com.st.stm32cube.common.mx_6.15.0.202507011659//db//plugins/mcufinder/images/
2026-01-29 18:41:31,572 [INFO] ApiDb:250 - Set database path to: /home/krushna/.stmcufinder/plugins/mcufinder//mcu/
2026-01-29 18:41:31,574 [INFO] DbMcusAds:125 - Set database path to: /home/krushna/.stmcufinder/plugins/mcufinder//mcu/
2026-01-29 18:41:31,577 [INFO] CrossReferenceDbSqlite:203 - Set database path to: /home/krushna/.stmcufinder/plugins/mcufinder//mcu/cs/
2026-01-29 18:41:31,750 [INFO] RulesReader:64 - Compatibility file has been processed (317 Rules)
2026-01-29 18:41:31,843 [INFO] DbMcusXml:78 - Set database path to: /opt/st/stm32cubeide_1.19.0/plugins/com.st.stm32cube.common.mx_6.15.0.202507011659//db//mcu/
2026-01-29 18:41:31,844 [INFO] ApiDb:274 - Set plugin database path to: /opt/st/stm32cubeide_1.19.0/plugins/com.st.stm32cube.common.mx_6.15.0.202507011659//db//plugins/boardmanager/
2026-01-29 18:41:31,844 [INFO] ApiDb:261 - Set plugin images path to: /opt/st/stm32cubeide_1.19.0/plugins/com.st.stm32cube.common.mx_6.15.0.202507011659//db//plugins/mcufinder/images/
2026-01-29 18:41:31,844 [WARN] DbFile:41 - Overriding database path with different value: /home/krushna/.stmcufinder/plugins/mcufinder/ => /home/krushna/.stmcufinder/plugins/mcufinder
2026-01-29 18:41:31,844 [INFO] ApiDb:250 - Set database path to: /home/krushna/.stmcufinder/plugins/mcufinder//mcu/
2026-01-29 18:41:31,844 [WARN] DbFile:41 - Overriding database path with different value: /home/krushna/.stmcufinder/plugins/mcufinder/ => /home/krushna/.stmcufinder/plugins/mcufinder
2026-01-29 18:41:31,844 [INFO] DbMcusAds:125 - Set database path to: /home/krushna/.stmcufinder/plugins/mcufinder//mcu/
2026-01-29 18:41:31,844 [WARN] DbFile:41 - Overriding database path with different value: /home/krushna/.stmcufinder/plugins/mcufinder/ => /home/krushna/.stmcufinder/plugins/mcufinder
2026-01-29 18:41:31,845 [WARN] DbFile:41 - Overriding database path with different value: /home/krushna/.stmcufinder/plugins/mcufinder/ => /home/krushna/.stmcufinder/plugins/mcufinder
2026-01-29 18:41:31,845 [INFO] CrossReferenceDbSqlite:203 - Set database path to: /home/krushna/.stmcufinder/plugins/mcufinder//mcu/cs/
2026-01-29 18:41:31,943 [INFO] MainPanel:274 - HeapMemory: 268435456
2026-01-29 18:41:32,165 [INFO] DbMcusXml:78 - Set database path to: /opt/st/stm32cubeide_1.19.0/plugins/com.st.stm32cube.common.mx_6.15.0.202507011659//db//mcu/
2026-01-29 18:41:32,165 [INFO] ApiDb:274 - Set plugin database path to: /opt/st/stm32cubeide_1.19.0/plugins/com.st.stm32cube.common.mx_6.15.0.202507011659//db//plugins/boardmanager/
2026-01-29 18:41:32,165 [INFO] ApiDb:261 - Set plugin images path to: /opt/st/stm32cubeide_1.19.0/plugins/com.st.stm32cube.common.mx_6.15.0.202507011659//db//plugins/mcufinder/images/
2026-01-29 18:41:32,166 [WARN] DbFile:41 - Overriding database path with different value: /home/krushna/.stmcufinder/plugins/mcufinder/ => /home/krushna/.stmcufinder/plugins/mcufinder
2026-01-29 18:41:32,166 [INFO] ApiDb:250 - Set database path to: /home/krushna/.stmcufinder/plugins/mcufinder//mcu/
2026-01-29 18:41:32,166 [WARN] DbFile:41 - Overriding database path with different value: /home/krushna/.stmcufinder/plugins/mcufinder/ => /home/krushna/.stmcufinder/plugins/mcufinder
2026-01-29 18:41:32,166 [INFO] DbMcusAds:125 - Set database path to: /home/krushna/.stmcufinder/plugins/mcufinder//mcu/
2026-01-29 18:41:32,166 [WARN] DbFile:41 - Overriding database path with different value: /home/krushna/.stmcufinder/plugins/mcufinder/ => /home/krushna/.stmcufinder/plugins/mcufinder
2026-01-29 18:41:32,166 [WARN] DbFile:41 - Overriding database path with different value: /home/krushna/.stmcufinder/plugins/mcufinder/ => /home/krushna/.stmcufinder/plugins/mcufinder
2026-01-29 18:41:32,167 [INFO] CrossReferenceDbSqlite:203 - Set database path to: /home/krushna/.stmcufinder/plugins/mcufinder//mcu/cs/
2026-01-29 18:41:32,193 [INFO] ApplicationProperties:184 - Using Application install path: /opt/st/stm32cubeide_1.19.0/plugins/com.st.stm32cube.common.mx_6.15.0.202507011659
2026-01-29 18:41:32,196 [INFO] PluginManage:196 - Search for loadable plugins [exclusion list=, ]
2026-01-29 18:41:32,198 [INFO] PluginManage:310 - Check plugin analytics
2026-01-29 18:41:32,436 [INFO] AnalyticsPlugin:253 - Accepted Software Licenses: 
2026-01-29 18:41:32,437 [INFO] AnalyticsPlugin:255 - Accepted CMSIS Pack Licenses: 
2026-01-29 18:41:32,437 [INFO] AnalyticsPlugin:257 - Accepted Firmware Licenses: FW.F4.1.28.0
2026-01-29 18:41:32,439 [INFO] PluginManage:359 - Loaded plugin analytics (category:tool,tabindex:-1)
2026-01-29 18:41:32,440 [INFO] PluginManage:310 - Check plugin cadmodel
2026-01-29 18:41:32,440 [ERROR] ConfigurationRetriever:142 - IOException on connection: sw-center.st.com
2026-01-29 18:41:32,440 [ERROR] ConfigurationRetriever:142 - IOException on connection: sw-center.st.com
2026-01-29 18:41:32,440 [ERROR] ConfigurationRetriever:142 - IOException on connection: sw-center.st.com
2026-01-29 18:41:32,446 [INFO] CADModel:105 - Init CAD model plugin
2026-01-29 18:41:32,447 [INFO] PluginManage:359 - Loaded plugin cadmodel (category:power,tabindex:5)
2026-01-29 18:41:32,447 [INFO] PluginManage:310 - Check plugin clock
2026-01-29 18:41:32,461 [INFO] PluginManage:359 - Loaded plugin clock (category:base,tabindex:2)
2026-01-29 18:41:32,461 [INFO] PluginManage:310 - Check plugin ddr
2026-01-29 18:41:32,464 [INFO] PluginManage:359 - Loaded plugin ddr (category:tool,tabindex:6)
2026-01-29 18:41:32,464 [INFO] PluginManage:310 - Check plugin filemanager
2026-01-29 18:41:32,645 [INFO] PluginManage:359 - Loaded plugin filemanager (category:base,tabindex:10)
2026-01-29 18:41:32,645 [INFO] PluginManage:310 - Check plugin ipmanager
2026-01-29 18:41:32,650 [INFO] PluginManage:359 - Loaded plugin ipmanager (category:base,tabindex:5)
2026-01-29 18:41:32,651 [INFO] PluginManage:310 - Check plugin lpbam
2026-01-29 18:41:32,661 [INFO] PluginManage:359 - Loaded plugin lpbam (category:base,tabindex:0)
2026-01-29 18:41:32,661 [INFO] PluginManage:310 - Check plugin memorymap
2026-01-29 18:41:32,673 [INFO] PluginManage:359 - Loaded plugin memorymap (category:base,tabindex:4)
2026-01-29 18:41:32,673 [INFO] PluginManage:310 - Check plugin pinoutandconfiguration
2026-01-29 18:41:32,682 [INFO] PluginManage:359 - Loaded plugin pinoutandconfiguration (category:base,tabindex:1)
2026-01-29 18:41:32,682 [INFO] PluginManage:310 - Check plugin pinoutconfig
2026-01-29 18:41:32,795 [WARN] SupportedApi:132 - Cannot load RTOS API schema: s4s-elt-must-match.1: The content of 'definitions' must match (annotation?, (simpleType | complexType)?, (unique | key | keyref)*)). A problem was found starting at: attribute.
2026-01-29 18:41:32,982 [INFO] PluginManage:359 - Loaded plugin pinoutconfig (category:base,tabindex:0)
2026-01-29 18:41:32,982 [INFO] PluginManage:310 - Check plugin power
2026-01-29 18:41:32,994 [INFO] PluginManage:359 - Loaded plugin power (category:power,tabindex:4)
2026-01-29 18:41:32,994 [INFO] PluginManage:310 - Check plugin projectmanager
2026-01-29 18:41:33,014 [INFO] PluginManage:359 - Loaded plugin projectmanager (category:projectmanager,tabindex:4)
2026-01-29 18:41:33,014 [INFO] PluginManage:310 - Check plugin rif
2026-01-29 18:41:33,028 [INFO] PluginManage:359 - Loaded plugin rif (category:base,tabindex:3)
2026-01-29 18:41:33,028 [INFO] PluginManage:310 - Check plugin thirdparty
2026-01-29 18:41:33,177 [INFO] PluginManage:359 - Loaded plugin thirdparty (category:base,tabindex:-1)
2026-01-29 18:41:33,177 [WARN] IntegrityCheckThread:84 - waiting for thirdparty lock release [integrity check]
2026-01-29 18:41:33,177 [INFO] IntegrityCheckThread:86 - entering critical section [integrity check]
2026-01-29 18:41:33,177 [INFO] PluginManage:310 - Check plugin tools
2026-01-29 18:41:33,178 [INFO] ThirdPartyUpdaterWithRetryManager:70 - Updater plugin not ready yet. [1/15]
2026-01-29 18:41:33,180 [INFO] PluginManage:359 - Loaded plugin tools (category:base,tabindex:7)
2026-01-29 18:41:33,181 [INFO] PluginManage:310 - Check plugin tutovideos
2026-01-29 18:41:33,373 [INFO] PluginManage:359 - Loaded plugin tutovideos (category:base,tabindex:-1)
2026-01-29 18:41:33,373 [INFO] PluginManage:310 - Check plugin updater
2026-01-29 18:41:33,395 [INFO] PluginManage:359 - Loaded plugin updater (category:base,tabindex:12)
2026-01-29 18:41:33,395 [INFO] PluginManage:310 - Check plugin userauth
2026-01-29 18:41:33,399 [INFO] UserAuth:118 - Init User Auth plugin
2026-01-29 18:41:33,400 [INFO] PluginManage:359 - Loaded plugin userauth (category:base,tabindex:14)
2026-01-29 18:41:33,400 [INFO] PluginManage:283 - PluginManage : Loaded plugins [18]
2026-01-29 18:41:33,577 [INFO] PinOutPanel:1589 - setPackage(No Configuration,No Configuration)
2026-01-29 18:41:33,648 [INFO] CADModel:165 - CPN selected for project level
2026-01-29 18:41:33,648 [INFO] CADModel:114 - Register for checkConnection events
2026-01-29 18:41:33,657 [INFO] IPUIPlugin:80 - create IPUIPlugin
2026-01-29 18:41:33,658 [INFO] PluginManager:220 - loadIPPluginJar : add tsc
2026-01-29 18:41:33,663 [INFO] IPUIPlugin:80 - create IPUIPlugin
2026-01-29 18:41:33,663 [INFO] PluginManager:220 - loadIPPluginJar : add gpio
2026-01-29 18:41:33,671 [INFO] IPUIPlugin:80 - create IPUIPlugin
2026-01-29 18:41:33,671 [INFO] PluginManager:220 - loadIPPluginJar : add linkedlist
2026-01-29 18:41:33,680 [INFO] IPUIPlugin:80 - create IPUIPlugin
2026-01-29 18:41:33,680 [INFO] PluginManager:220 - loadIPPluginJar : add fmc
2026-01-29 18:41:33,687 [INFO] IPUIPlugin:80 - create IPUIPlugin
2026-01-29 18:41:33,689 [INFO] PluginManager:220 - loadIPPluginJar : add plateformsettings
2026-01-29 18:41:33,692 [INFO] IPUIPlugin:80 - create IPUIPlugin
2026-01-29 18:41:33,692 [INFO] PluginManager:220 - loadIPPluginJar : add cryp
2026-01-29 18:41:33,694 [INFO] IPUIPlugin:80 - create IPUIPlugin
2026-01-29 18:41:33,695 [INFO] PluginManager:220 - loadIPPluginJar : add i2c
2026-01-29 18:41:33,697 [INFO] IPUIPlugin:80 - create IPUIPlugin
2026-01-29 18:41:33,697 [INFO] PluginManager:220 - loadIPPluginJar : add lorawan
2026-01-29 18:41:33,700 [INFO] IPUIPlugin:80 - create IPUIPlugin
2026-01-29 18:41:33,701 [INFO] PluginManager:220 - loadIPPluginJar : add touchsensing
2026-01-29 18:41:33,702 [INFO] IPUIPlugin:80 - create IPUIPlugin
2026-01-29 18:41:33,703 [INFO] PluginManager:220 - loadIPPluginJar : add ltdc
2026-01-29 18:41:33,705 [INFO] IPUIPlugin:80 - create IPUIPlugin
2026-01-29 18:41:33,705 [INFO] PluginManager:220 - loadIPPluginJar : add i2s
2026-01-29 18:41:33,706 [INFO] IPUIPlugin:80 - create IPUIPlugin
2026-01-29 18:41:33,706 [INFO] PluginManager:220 - loadIPPluginJar : add fatfs
2026-01-29 18:41:33,713 [INFO] IPUIPlugin:80 - create IPUIPlugin
2026-01-29 18:41:33,713 [INFO] PluginManager:220 - loadIPPluginJar : add mdma
2026-01-29 18:41:33,715 [INFO] IPUIPlugin:80 - create IPUIPlugin
2026-01-29 18:41:33,715 [INFO] PluginManager:220 - loadIPPluginJar : add ts
2026-01-29 18:41:33,717 [INFO] IPUIPlugin:80 - create IPUIPlugin
2026-01-29 18:41:33,717 [INFO] PluginManager:220 - loadIPPluginJar : add ucpd
2026-01-29 18:41:33,719 [INFO] IPUIPlugin:80 - create IPUIPlugin
2026-01-29 18:41:33,719 [INFO] PluginManager:220 - loadIPPluginJar : add radio
2026-01-29 18:41:33,723 [INFO] IPUIPlugin:80 - create IPUIPlugin
2026-01-29 18:41:33,723 [INFO] PluginManager:220 - loadIPPluginJar : add ipddr
2026-01-29 18:41:33,727 [INFO] IPUIPlugin:80 - create IPUIPlugin
2026-01-29 18:41:33,727 [INFO] PluginManager:220 - loadIPPluginJar : add nvic
2026-01-29 18:41:33,731 [INFO] IPUIPlugin:80 - create IPUIPlugin
2026-01-29 18:41:33,731 [INFO] PluginManager:220 - loadIPPluginJar : add ddr_ctrl_phy
2026-01-29 18:41:33,733 [INFO] IPUIPlugin:80 - create IPUIPlugin
2026-01-29 18:41:33,733 [INFO] PluginManager:220 - loadIPPluginJar : add opamp
2026-01-29 18:41:33,736 [INFO] IPUIPlugin:80 - create IPUIPlugin
2026-01-29 18:41:33,736 [INFO] PluginManager:220 - loadIPPluginJar : add usart
2026-01-29 18:41:33,742 [INFO] IPUIPlugin:80 - create IPUIPlugin
2026-01-29 18:41:33,743 [INFO] PluginManager:220 - loadIPPluginJar : add freertos
2026-01-29 18:41:33,747 [INFO] IPUIPlugin:80 - create IPUIPlugin
2026-01-29 18:41:33,747 [INFO] PluginManager:220 - loadIPPluginJar : add usbx
2026-01-29 18:41:33,751 [INFO] IPUIPlugin:80 - create IPUIPlugin
2026-01-29 18:41:33,752 [INFO] PluginManager:220 - loadIPPluginJar : add sai
2026-01-29 18:41:33,754 [INFO] IPUIPlugin:80 - create IPUIPlugin
2026-01-29 18:41:33,755 [INFO] PluginManager:220 - loadIPPluginJar : add hash
2026-01-29 18:41:33,758 [INFO] IPUIPlugin:80 - create IPUIPlugin
2026-01-29 18:41:33,758 [INFO] PluginManager:220 - loadIPPluginJar : add openamp
2026-01-29 18:41:33,766 [INFO] IPUIPlugin:80 - create IPUIPlugin
2026-01-29 18:41:33,766 [INFO] PluginManager:220 - loadIPPluginJar : add gic
2026-01-29 18:41:33,769 [INFO] IPUIPlugin:80 - create IPUIPlugin
2026-01-29 18:41:33,769 [INFO] PluginManager:220 - loadIPPluginJar : add extmemmanager
2026-01-29 18:41:33,773 [INFO] IPUIPlugin:80 - create IPUIPlugin
2026-01-29 18:41:33,773 [INFO] PluginManager:220 - loadIPPluginJar : add pdm2pcm
2026-01-29 18:41:33,775 [INFO] IPUIPlugin:80 - create IPUIPlugin
2026-01-29 18:41:33,776 [INFO] PluginManager:220 - loadIPPluginJar : add tim
2026-01-29 18:41:33,779 [INFO] IPUIPlugin:80 - create IPUIPlugin
2026-01-29 18:41:33,779 [INFO] PluginManager:220 - loadIPPluginJar : add dma3
2026-01-29 18:41:33,787 [INFO] IPUIPlugin:80 - create IPUIPlugin
2026-01-29 18:41:33,787 [INFO] PluginManager:220 - loadIPPluginJar : add adc
2026-01-29 18:41:33,795 [INFO] IPUIPlugin:80 - create IPUIPlugin
2026-01-29 18:41:33,796 [INFO] PluginManager:220 - loadIPPluginJar : add stm32_wpan
2026-01-29 18:41:33,797 [INFO] IPUIPlugin:80 - create IPUIPlugin
2026-01-29 18:41:33,798 [INFO] PluginManager:220 - loadIPPluginJar : add tracer_emb
2026-01-29 18:41:33,801 [INFO] IPUIPlugin:80 - create IPUIPlugin
2026-01-29 18:41:33,801 [INFO] PluginManager:220 - loadIPPluginJar : add dfsdm
2026-01-29 18:41:33,804 [INFO] IPUIPlugin:80 - create IPUIPlugin
2026-01-29 18:41:33,804 [INFO] PluginManager:220 - loadIPPluginJar : add i3c
2026-01-29 18:41:33,807 [INFO] IPUIPlugin:80 - create IPUIPlugin
2026-01-29 18:41:33,808 [INFO] PluginManager:220 - loadIPPluginJar : add resmgrutility
2026-01-29 18:41:33,815 [INFO] IPUIPlugin:80 - create IPUIPlugin
2026-01-29 18:41:33,815 [INFO] PluginManager:220 - loadIPPluginJar : add dma
2026-01-29 18:41:33,818 [INFO] IPUIPlugin:80 - create IPUIPlugin
2026-01-29 18:41:33,818 [INFO] PluginManager:220 - loadIPPluginJar : add aes
2026-01-29 18:41:33,819 [INFO] IPUIPlugin:80 - create IPUIPlugin
2026-01-29 18:41:33,820 [INFO] PluginManager:220 - loadIPPluginJar : add quadspi
2026-01-29 18:41:33,823 [INFO] IPUIPlugin:80 - create IPUIPlugin
2026-01-29 18:41:33,824 [INFO] PluginManager:220 - loadIPPluginJar : add gtzc
2026-01-29 18:41:33,826 [INFO] IPUIPlugin:80 - create IPUIPlugin
2026-01-29 18:41:33,826 [INFO] PluginManager:220 - loadIPPluginJar : add spi
2026-01-29 18:41:33,828 [INFO] IPUIPlugin:80 - create IPUIPlugin
2026-01-29 18:41:33,828 [INFO] PluginManager:220 - loadIPPluginJar : add can
2026-01-29 18:41:33,829 [INFO] IPUIPlugin:80 - create IPUIPlugin
2026-01-29 18:41:33,830 [INFO] PluginManager:220 - loadIPPluginJar : add genericplugin
2026-01-29 18:41:33,831 [INFO] IPUIPlugin:80 - create IPUIPlugin
2026-01-29 18:41:33,831 [INFO] PluginManager:220 - loadIPPluginJar : add comp
2026-01-29 18:41:33,833 [INFO] IPUIPlugin:80 - create IPUIPlugin
2026-01-29 18:41:33,833 [INFO] PluginManager:220 - loadIPPluginJar : add gfxmmu
2026-01-29 18:41:33,937 [FATAL] Updater:351 - Updater called before beeing initialized
2026-01-29 18:41:33,966 [INFO] RulesReader:64 - Compatibility file has been processed (317 Rules)
2026-01-29 18:41:33,987 [INFO] RulesReader:64 - Compatibility file has been processed (317 Rules)
2026-01-29 18:41:33,999 [INFO] CADModel:165 - CPN selected for project level
2026-01-29 18:41:33,999 [INFO] CADModel:114 - Register for checkConnection events
2026-01-29 18:41:33,999 [FATAL] Updater:351 - Updater called before beeing initialized
2026-01-29 18:41:33,999 [ERROR] CADModel:125 - Updater not yet initialized, retry later 
2026-01-29 18:41:34,129 [FATAL] Updater:351 - Updater called before beeing initialized
2026-01-29 18:41:34,131 [INFO] CADModel:165 - CPN selected for project level
2026-01-29 18:41:34,131 [INFO] CADModel:114 - Register for checkConnection events
2026-01-29 18:41:34,131 [FATAL] Updater:351 - Updater called before beeing initialized
2026-01-29 18:41:34,131 [ERROR] CADModel:125 - Updater not yet initialized, retry later 
2026-01-29 18:41:34,135 [FATAL] Updater:351 - Updater called before beeing initialized
2026-01-29 18:41:34,208 [FATAL] Updater:351 - Updater called before beeing initialized
2026-01-29 18:41:34,212 [INFO] DbMcusAds:53 - JSON generation date=Thu Jan 08 21:27:51 IST 2026 (1767887871456)
2026-01-29 18:41:34,212 [FATAL] Updater:351 - Updater called before beeing initialized
2026-01-29 18:41:34,243 [WARN] DetailPanel:346 - Failed to get advertising image, set to default
2026-01-29 18:41:34,311 [FATAL] Updater:351 - Updater called before beeing initialized
2026-01-29 18:41:34,313 [FATAL] Updater:351 - Updater called before beeing initialized
2026-01-29 18:41:34,313 [FATAL] Updater:351 - Updater called before beeing initialized
2026-01-29 18:41:34,313 [WARN] DetailPanel:346 - Failed to get advertising image, set to default
2026-01-29 18:41:34,314 [FATAL] Updater:351 - Updater called before beeing initialized
2026-01-29 18:41:34,354 [ERROR] Updater:1198 - MainUpdater not yet initialized. External WinMGr cannot be set.
2026-01-29 18:41:34,356 [INFO] Updater:1134 - Updater Version found : 6.15.0
2026-01-29 18:41:34,379 [INFO] ApplicationProperties:184 - Using Application install path: /opt/st/stm32cubeide_1.19.0/plugins/com.st.stm32cube.common.mx_6.15.0.202507011659
2026-01-29 18:41:34,626 [INFO] MainUpdater:2872 - connection check result : 22
2026-01-29 18:41:34,626 [INFO] MainUpdater:289 - Updater Check For Update Now.
2026-01-29 18:41:34,626 [INFO] MicroXplorer:498 - Change Database Version : DB.6.0.150
2026-01-29 18:41:34,631 [INFO] McuFinderGlobals:63 - Set McuFinder mode to 2 (CubeIDE integrated)
2026-01-29 18:41:34,631 [INFO] UserAuth:171 - activating auth plugin
2026-01-29 18:41:34,634 [INFO] UserAuth:487 - Internet connection configuration mode: 2
2026-01-29 18:41:34,642 [INFO] UserAuth:487 - Internet connection configuration mode: 2
2026-01-29 18:41:34,840 [INFO] CheckServerUpdateThread:120 - End of CheckServer Thread
2026-01-29 18:41:36,334 [WARN] PackLoader:240 - Cannot read IP mode file for STMicroelectronics.FP-SNS-MOTENVWB1.1.4.0
2026-01-29 18:41:36,340 [WARN] PackLoader:240 - Cannot read IP mode file for STMicroelectronics.FP-ATR-ASTRA1.2.0.2
2026-01-29 18:41:36,346 [WARN] PackLoader:240 - Cannot read IP mode file for STMicroelectronics.X-CUBE-SMBUS.2.1.0
2026-01-29 18:41:36,349 [WARN] PackLoader:240 - Cannot read IP mode file for STMicroelectronics.X-CUBE-ST60.1.0.0
2026-01-29 18:41:36,381 [WARN] PackLoader:240 - Cannot read IP mode file for STMicroelectronics.X-CUBE-AZRTOS-F7.1.1.0
2026-01-29 18:41:36,388 [WARN] PackLoader:240 - Cannot read IP mode file for Cesanta.I-CUBE-Mongoose.7.19.0
2026-01-29 18:41:36,391 [WARN] PackLoader:240 - Cannot read IP mode file for STMicroelectronics.FP-SNS-MOTENV1.5.1.0
2026-01-29 18:41:36,399 [WARN] PackLoader:240 - Cannot read IP mode file for WES.I-CUBE-Cesium.1.4.0
2026-01-29 18:41:36,418 [WARN] PackLoader:240 - Cannot read IP mode file for Infineon.AIROC-Wi-Fi-Bluetooth-STM32.1.7.1
2026-01-29 18:41:36,428 [WARN] PackLoader:240 - Cannot read IP mode file for STMicroelectronics.X-CUBE-DISPLAY.3.0.0
2026-01-29 18:41:36,437 [WARN] PackLoader:240 - Cannot read IP mode file for STMicroelectronics.X-CUBE-NFC10.1.0.0
2026-01-29 18:41:36,442 [WARN] PackLoader:240 - Cannot read IP mode file for STMicroelectronics.X-CUBE-ST60.1.1.0
2026-01-29 18:41:36,446 [WARN] PackLoader:240 - Cannot read IP mode file for emotas.I-CUBE-CANOPEN.1.3.0
2026-01-29 18:41:36,450 [WARN] PackLoader:240 - Cannot read IP mode file for STMicroelectronics.X-CUBE-GNSS1.7.1.0
2026-01-29 18:41:36,455 [WARN] PackLoader:240 - Cannot read IP mode file for STMicroelectronics.FP-SNS-SMARTAG2.1.2.0
2026-01-29 18:41:36,458 [WARN] PackLoader:240 - Cannot read IP mode file for STMicroelectronics.FP-SNS-FLIGHT1.5.1.0
2026-01-29 18:41:36,464 [INFO] LogOutputStream:77 - [STDOUT_REDIRECT] 1 : Invalid condition id : UX_CORESTACK_Condition cause : null
2026-01-29 18:41:36,464 [INFO] LogOutputStream:77 - [STDOUT_REDIRECT] 1 : Invalid condition id : UX_CORESTACK_Condition cause : null
2026-01-29 18:41:36,465 [INFO] LogOutputStream:77 - [STDOUT_REDIRECT] 1 : Invalid condition id : UX_CORESTACK_Condition cause : null
2026-01-29 18:41:36,465 [INFO] LogOutputStream:77 - [STDOUT_REDIRECT] 1 : Invalid condition id : UX_CORESTACK_Condition cause : null
2026-01-29 18:41:36,465 [INFO] LogOutputStream:77 - [STDOUT_REDIRECT] 1 : Invalid condition id : UX_CORESTACK_Condition cause : null
2026-01-29 18:41:36,468 [WARN] PackLoader:240 - Cannot read IP mode file for STMicroelectronics.X-CUBE-AZRTOS-WL.2.0.0
2026-01-29 18:41:36,472 [WARN] PackLoader:240 - Cannot read IP mode file for STMicroelectronics.FP-SNS-MOTENV1.5.0.0
2026-01-29 18:41:36,487 [WARN] PackLoader:240 - Cannot read IP mode file for STMicroelectronics.X-CUBE-AZRTOS-H7RS.1.2.0
2026-01-29 18:41:36,493 [WARN] PackLoader:240 - Cannot read IP mode file for STMicroelectronics.X-CUBE-BLE2.3.3.0
2026-01-29 18:41:36,507 [WARN] PackLoader:240 - Cannot read IP mode file for STMicroelectronics.X-CUBE-NFC9.1.0.0
2026-01-29 18:41:36,511 [WARN] PackLoader:240 - Cannot read IP mode file for STMicroelectronics.X-CUBE-BLE1.7.1.0
2026-01-29 18:41:36,514 [WARN] PackLoader:240 - Cannot read IP mode file for wolfSSL.I-CUBE-wolfMQTT.1.19.2
2026-01-29 18:41:36,518 [WARN] PackLoader:240 - Cannot read IP mode file for STMicroelectronics.X-CUBE-FREERTOS.1.4.0
2026-01-29 18:41:36,523 [WARN] PackLoader:240 - Cannot read IP mode file for STMicroelectronics.X-CUBE-ST67W61.1.1.0
2026-01-29 18:41:36,578 [WARN] PackLoader:240 - Cannot read IP mode file for STMicroelectronics.X-CUBE-MEMS1.12.0.0
2026-01-29 18:41:36,746 [WARN] PackLoader:240 - Cannot read IP mode file for STMicroelectronics.X-CUBE-AZRTOS-G0.1.1.0
2026-01-29 18:41:36,752 [WARN] PackLoader:240 - Cannot read IP mode file for STMicroelectronics.X-CUBE-SAFEA1.1.2.2
2026-01-29 18:41:36,757 [WARN] PackLoader:240 - Cannot read IP mode file for STMicroelectronics.X-CUBE-NFC4.3.0.0
2026-01-29 18:41:36,765 [WARN] PackLoader:240 - Cannot read IP mode file for EmbeddedOffice.I-CUBE-FS-RTOS.1.0.1
2026-01-29 18:41:36,769 [WARN] PackLoader:240 - Cannot read IP mode file for STMicroelectronics.X-CUBE-WB05N.2.0.0
2026-01-29 18:41:36,772 [WARN] PackLoader:240 - Cannot read IP mode file for wolfSSL.I-CUBE-wolfTPM.3.8.0
2026-01-29 18:41:36,776 [WARN] PackLoader:240 - Cannot read IP mode file for STMicroelectronics.X-CUBE-TCPP.4.2.0
2026-01-29 18:41:36,781 [WARN] PackLoader:240 - Cannot read IP mode file for RealThread.X-CUBE-RT-Thread_Nano.4.1.1
2026-01-29 18:41:36,785 [WARN] PackLoader:240 - Cannot read IP mode file for STMicroelectronics.FP-ATR-SIGFOX1.3.2.0
2026-01-29 18:41:36,789 [WARN] PackLoader:240 - Cannot read IP mode file for ITTIA_DB.I-CUBE-ITTIADB.8.9.0
2026-01-29 18:41:36,794 [WARN] PackLoader:240 - Cannot read IP mode file for STMicroelectronics.X-CUBE-NFC6.3.2.0
2026-01-29 18:41:36,801 [WARN] PackLoader:240 - Cannot read IP mode file for STMicroelectronics.X-CUBE-ST67W61.1.0.0
2026-01-29 18:41:36,823 [WARN] PackLoader:240 - Cannot read IP mode file for SEGGER.I-CUBE-embOS.1.3.1
2026-01-29 18:41:36,856 [WARN] PackLoader:240 - Cannot read IP mode file for STMicroelectronics.X-CUBE-ALGOBUILD.1.4.0
2026-01-29 18:41:36,888 [WARN] PackLoader:240 - Cannot read IP mode file for STMicroelectronics.X-CUBE-MEMS1.11.3.0
2026-01-29 18:41:36,981 [WARN] PackLoader:240 - Cannot read IP mode file for STMicroelectronics.X-CUBE-PM33A1.1.0.0
2026-01-29 18:41:36,997 [WARN] PackLoader:240 - Cannot read IP mode file for STMicroelectronics.X-CUBE-AZRTOS-F4.1.1.0
2026-01-29 18:41:37,003 [WARN] PackLoader:240 - Cannot read IP mode file for Avnet-IotConnect.X-CUBE-IoTC-DA16k-PMOD.1.0.0
2026-01-29 18:41:37,006 [WARN] PackLoader:240 - Cannot read IP mode file for STMicroelectronics.X-CUBE-ISPU.2.1.0
2026-01-29 18:41:37,020 [WARN] PackLoader:240 - Cannot read IP mode file for STMicroelectronics.X-CUBE-IPS.3.2.0
2026-01-29 18:41:37,041 [WARN] PackLoader:240 - Cannot read IP mode file for STMicroelectronics.X-CUBE-AZRTOS-L5.2.0.0
2026-01-29 18:41:37,049 [WARN] PackLoader:240 - Cannot read IP mode file for STMicroelectronics.X-CUBE-NFC6.3.1.0
2026-01-29 18:41:37,056 [WARN] PackLoader:240 - Cannot read IP mode file for STMicroelectronics.X-CUBE-FREERTOS.1.3.1
2026-01-29 18:41:37,060 [WARN] PackLoader:240 - Cannot read IP mode file for STMicroelectronics.X-CUBE-TOUCHGFX.4.26.0
2026-01-29 18:41:37,063 [WARN] PackLoader:240 - Cannot read IP mode file for STMicroelectronics.X-CUBE-DPower.1.3.0
2026-01-29 18:41:37,073 [WARN] ConditionMgr:438 - getConditionDescription Invalid condition id : LAN8742 Phy interface Condition cause : null
2026-01-29 18:41:37,074 [WARN] PackLoader:240 - Cannot read IP mode file for STMicroelectronics.X-CUBE-AZRTOS-L4.2.0.0
2026-01-29 18:41:37,075 [WARN] ConditionMgr:1044 - genDependencies : Invalid condition id : LAN8742 Phy interface Condition cause : null
2026-01-29 18:41:37,075 [WARN] ConditionMgr:1044 - genDependencies : Invalid condition id : LAN8742 Phy interface Condition cause : null
2026-01-29 18:41:37,075 [WARN] ConditionMgr:1044 - genDependencies : Invalid condition id : LAN8742 Phy interface Condition cause : null
2026-01-29 18:41:37,080 [WARN] PackLoader:240 - Cannot read IP mode file for STMicroelectronics.X-CUBE-SFXS2LP1.4.0.0
2026-01-29 18:41:37,085 [WARN] PackLoader:240 - Cannot read IP mode file for STMicroelectronics.X-CUBE-ST67W61.1.2.0
2026-01-29 18:41:37,092 [WARN] ConditionMgr:438 - getConditionDescription Invalid condition id : UX DEVICE CLASS RTOS Condition cause : null
2026-01-29 18:41:37,092 [WARN] ConditionMgr:438 - getConditionDescription Invalid condition id : UX DEVICE CLASS RTOS Condition cause : null
2026-01-29 18:41:37,094 [WARN] PackLoader:240 - Cannot read IP mode file for STMicroelectronics.X-CUBE-AZRTOS-WB.2.0.0
2026-01-29 18:41:37,094 [WARN] ConditionMgr:1044 - genDependencies : Invalid condition id : UX DEVICE CLASS RTOS Condition cause : null
2026-01-29 18:41:37,094 [WARN] ConditionMgr:1044 - genDependencies : Invalid condition id : UX DEVICE CLASS RTOS Condition cause : null
2026-01-29 18:41:37,095 [WARN] ConditionMgr:1044 - genDependencies : Invalid condition id : UX DEVICE CLASS RTOS Condition cause : null
2026-01-29 18:41:37,095 [WARN] ConditionMgr:1044 - genDependencies : Invalid condition id : UX DEVICE CLASS RTOS Condition cause : null
2026-01-29 18:41:37,095 [WARN] ConditionMgr:1044 - genDependencies : Invalid condition id : UX DEVICE CLASS RTOS Condition cause : null
2026-01-29 18:41:37,099 [WARN] PackLoader:240 - Cannot read IP mode file for STMicroelectronics.X-CUBE-GNSS1.7.0.1
2026-01-29 18:41:37,101 [WARN] PackLoader:240 - Cannot read IP mode file for STMicroelectronics.X-CUBE-TOUCHGFX.4.25.0
2026-01-29 18:41:37,103 [WARN] ConditionMgr:438 - getConditionDescription Invalid condition id : Cortex-A Device cause : null
2026-01-29 18:41:37,109 [WARN] ConditionMgr:1044 - genDependencies : Invalid condition id : Cortex-A Device cause : null
2026-01-29 18:41:37,109 [WARN] ConditionMgr:1044 - genDependencies : Invalid condition id : Cortex-A Device cause : null
2026-01-29 18:41:37,109 [WARN] ConditionMgr:1044 - genDependencies : Invalid condition id : Cortex-A Device cause : null
2026-01-29 18:41:37,113 [WARN] PackLoader:240 - Cannot read IP mode file for STMicroelectronics.X-CUBE-STSE01.2.0.0
2026-01-29 18:41:37,120 [WARN] PackLoader:240 - Cannot read IP mode file for STMicroelectronics.X-CUBE-SUBG2.5.0.0
2026-01-29 18:41:37,133 [WARN] PackLoader:240 - Cannot read IP mode file for STMicroelectronics.X-CUBE-AZRTOS-H7RS.1.1.0
2026-01-29 18:41:37,143 [WARN] PackLoader:240 - Cannot read IP mode file for STMicroelectronics.X-CUBE-AZRTOS-G4.2.0.0
2026-01-29 18:41:37,146 [WARN] PackLoader:240 - Cannot read IP mode file for wolfSSL.I-CUBE-wolfSSH.1.4.20
2026-01-29 18:41:37,149 [WARN] PackLoader:240 - Cannot read IP mode file for STMicroelectronics.X-CUBE-NFC7.2.0.0
2026-01-29 18:41:37,157 [WARN] PackLoader:240 - Cannot read IP mode file for STMicroelectronics.X-CUBE-IPS.3.1.0
2026-01-29 18:41:37,162 [WARN] PackLoader:240 - Cannot read IP mode file for STMicroelectronics.X-CUBE-ALS.1.0.2
2026-01-29 18:41:37,175 [WARN] PackLoader:240 - Cannot read IP mode file for STMicroelectronics.X-CUBE-STSE01.1.0.0
2026-01-29 18:41:37,185 [WARN] PackLoader:240 - Cannot read IP mode file for STMicroelectronics.X-CUBE-TOF1.3.4.3
2026-01-29 18:41:37,193 [INFO] ThirdParty:978 - Integrity check success = true
2026-01-29 18:41:37,193 [INFO] IntegrityCheckThread:100 - exiting critical section [integrity check]
2026-01-29 18:41:37,193 [INFO] IntegrityCheckThread:103 - End integrity checks thread
2026-01-29 18:42:14,109 [INFO] McuFinderGlobals:63 - Set McuFinder mode to 2 (CubeIDE integrated)
2026-01-29 18:42:14,115 [INFO] MainUpdater:2872 - connection check result : 22
2026-01-29 18:42:14,117 [INFO] MainUpdater:2872 - connection check result : 22
2026-01-29 18:42:19,513 [INFO] MainUpdater:2872 - connection check result : 22
2026-01-29 18:42:21,301 [INFO] MicroXplorer:468 - Change Database Path : 
2026-01-29 18:42:21,301 [INFO] MicroXplorer:498 - Change Database Version : DB.6.0.150
2026-01-29 18:42:21,319 [WARN] ThirdParty:871 - waiting for thirdparty lock release [close project]
2026-01-29 18:42:21,319 [INFO] ThirdParty:873 - entering critical section [close project]
2026-01-29 18:42:21,320 [INFO] ThirdParty:883 - exiting critical section [close project]
2026-01-29 18:42:21,323 [INFO] PinOutPanel:1589 - setPackage(No Configuration,No Configuration)
2026-01-29 18:42:21,324 [INFO] UtilMem:75 - Begin LoadConfig() Used Memory: 245743504 Bytes (309329920)
2026-01-29 18:42:21,330 [INFO] MicroXplorer:468 - Change Database Path : /home/krushna/.stm32cubemx/databases/DB.6.0.130/db/
2026-01-29 18:42:21,330 [INFO] MicroXplorer:498 - Change Database Version : DB.6.0.130
2026-01-29 18:42:24,706 [INFO] OpenFileManager:355 - Change cursor
2026-01-29 18:42:24,754 [INFO] Mcu:2029 - Initializing MCU STM32F407V(E-G)Tx STM32F407VGTx STM32F407VGT6
2026-01-29 18:42:26,192 [INFO] Context:786 - Trying to add GPIOservice into a context  which must be forbidden
2026-01-29 18:42:26,737 [INFO] ImportTextPane:234 - (OptionalMessage_ERROR) Pin17 (VP_RIF_VS_RIF1) cannot be retrieved for this MCU
2026-01-29 18:42:26,870 [INFO] RtosManager:558 - Registered RTOS mode: class=CMSIS, group=RTOS, mode=CMSIS_V1, owner=FREERTOS
2026-01-29 18:42:26,870 [INFO] RtosManager:558 - Registered RTOS mode: class=CMSIS, group=RTOS2, mode=CMSIS_V2, owner=FREERTOS
2026-01-29 18:42:26,870 [INFO] RtosManager:558 - Registered RTOS mode: class=RTOS, group=Core, mode=CMSIS_V1, owner=FREERTOS
2026-01-29 18:42:26,870 [INFO] RtosManager:558 - Registered RTOS mode: class=RTOS, group=Core, mode=CMSIS_V2, owner=FREERTOS
2026-01-29 18:42:26,870 [WARN] ModelIntegratedComponent:184 - Missing modes for component STMicroelectronics:FreeRTOS:0.0.1:STMicroelectronics:RTOS:FreeRTOS:Core:::10.2.0:
2026-01-29 18:42:26,889 [WARN] ModelIntegratedComponent:63 - No mode defined for component null
2026-01-29 18:42:26,889 [WARN] ModelIntegratedComponent:63 - No mode defined for component null
2026-01-29 18:42:26,889 [WARN] ModelIntegratedComponent:63 - No mode defined for component null
2026-01-29 18:42:26,889 [WARN] ModelIntegratedComponent:63 - No mode defined for component null
2026-01-29 18:42:26,889 [WARN] ModelIntegratedComponent:63 - No mode defined for component null
2026-01-29 18:42:26,889 [WARN] ModelIntegratedComponent:63 - No mode defined for component null
2026-01-29 18:42:26,889 [WARN] ModelIntegratedComponent:63 - No mode defined for component null
2026-01-29 18:42:26,889 [WARN] ModelIntegratedComponent:63 - No mode defined for component null
2026-01-29 18:42:26,890 [WARN] ModelIntegratedComponent:63 - No mode defined for component null
2026-01-29 18:42:26,890 [WARN] ModelIntegratedComponent:63 - No mode defined for component null
2026-01-29 18:42:26,890 [WARN] ModelIntegratedComponent:63 - No mode defined for component null
2026-01-29 18:42:26,890 [WARN] ModelIntegratedComponent:63 - No mode defined for component null
2026-01-29 18:42:26,890 [WARN] ModelIntegratedComponent:63 - No mode defined for component null
2026-01-29 18:42:26,890 [WARN] ModelIntegratedComponent:63 - No mode defined for component null
2026-01-29 18:42:26,890 [WARN] ModelIntegratedComponent:63 - No mode defined for component null
2026-01-29 18:42:26,890 [WARN] ModelIntegratedComponent:63 - No mode defined for component null
2026-01-29 18:42:26,890 [WARN] ModelIntegratedComponent:63 - No mode defined for component null
2026-01-29 18:42:26,890 [WARN] ModelIntegratedComponent:63 - No mode defined for component null
2026-01-29 18:42:26,890 [WARN] ModelIntegratedComponent:63 - No mode defined for component null
2026-01-29 18:42:26,890 [WARN] ModelIntegratedComponent:63 - No mode defined for component null
2026-01-29 18:42:26,890 [WARN] ModelIntegratedComponent:63 - No mode defined for component null
2026-01-29 18:42:26,890 [WARN] ModelIntegratedComponent:63 - No mode defined for component null
2026-01-29 18:42:26,890 [WARN] ModelIntegratedComponent:63 - No mode defined for component null
2026-01-29 18:42:26,890 [WARN] ModelIntegratedComponent:63 - No mode defined for component null
2026-01-29 18:42:26,890 [WARN] ModelIntegratedComponent:63 - No mode defined for component null
2026-01-29 18:42:26,890 [WARN] ModelIntegratedComponent:63 - No mode defined for component null
2026-01-29 18:42:26,890 [WARN] ModelIntegratedComponent:63 - No mode defined for component null
2026-01-29 18:42:26,890 [WARN] ModelIntegratedComponent:63 - No mode defined for component null
2026-01-29 18:42:26,890 [WARN] ModelIntegratedComponent:63 - No mode defined for component null
2026-01-29 18:42:26,890 [WARN] ModelIntegratedComponent:63 - No mode defined for component null
2026-01-29 18:42:26,891 [WARN] ModelIntegratedComponent:63 - No mode defined for component null
2026-01-29 18:42:26,891 [WARN] ModelIntegratedComponent:63 - No mode defined for component null
2026-01-29 18:42:26,891 [WARN] ModelIntegratedComponent:63 - No mode defined for component null
2026-01-29 18:42:26,891 [WARN] ModelIntegratedComponent:63 - No mode defined for component null
2026-01-29 18:42:26,891 [WARN] ModelIntegratedComponent:63 - No mode defined for component null
2026-01-29 18:42:26,891 [WARN] ModelPack:524 - Component already loaded: STMicroelectronics:HAL Drivers:0.0.0:STMicroelectronics:Device:STMicro_Driver:XSPI:HAL::0.0.1:HAL_XSPI
2026-01-29 18:42:26,980 [INFO] ThirdPartyModel:298 - Start build external matchings
2026-01-29 18:42:27,417 [INFO] ThirdPartyModel:316 - End build external matchings
2026-01-29 18:42:27,452 [INFO] ImportTextPane:234 - (OptionalMessage_ERROR) IP (RCC) : Parameter (RTCHSEDivFreq_Value) has invalid value (4000000)
2026-01-29 18:42:27,887 [INFO] ApiDb:581 - Connected to CubeFinder SQLite database (/home/krushna/.stmcufinder/plugins/mcufinder/mcu/cube-finder-db.db)
2026-01-29 18:42:27,941 [INFO] ApiDb:668 - CubeFinder database Data Model version=2.1
2026-01-29 18:42:27,941 [INFO] ApiDb:669 - CubeFinder database Configuration version=3.0.39
2026-01-29 18:42:27,942 [INFO] ApiDb:670 - CubeFinder database generation date=2025-12-22 (1766407740)
2026-01-29 18:42:27,942 [INFO] ApiDb:671 - CubeFinder database FW Pack versions=[FP-ATR-ASTRA1_V2.0.0, FP-SNS-FLIGHT1_V5.1.0, FP-SNS-MOTENV1_V5.1.0, FP-SNS-MOTENVWB1_V1.4.0, FP-SNS-SMARTAG2_V1.2.0, FP-SNS-STBOX1_V2.1.0, STM32Cube_FW_C0_V1.4.0, STM32Cube_FW_F4_V1.28.3, STM32Cube_FW_F7_V1.17.4, STM32Cube_FW_G0_V1.6.2, STM32Cube_FW_G4_V1.6.1, STM32Cube_FW_H5_V1.5.1, STM32Cube_FW_H7RS_V1.3.0, STM32Cube_FW_H7_V1.12.1, STM32Cube_FW_L0_V1.12.2, STM32Cube_FW_L4_V1.18.1, STM32Cube_FW_L5_V1.6.0, STM32Cube_FW_N6_V1.3.0, STM32Cube_FW_U0_V1.3.0, STM32Cube_FW_U3_V1.2.1, STM32Cube_FW_U5_V1.8.0, STM32Cube_FW_WB0_V1.4.0, STM32Cube_FW_WBA_V1.8.0, STM32Cube_FW_WB_V1.24.0, STM32Cube_FW_WL3_V1.3.0, STM32Cube_FW_WL_V1.4.0, X-CUBE-ALGOBUILD_V1.4.0, X-CUBE-ALS_V1.0.2, X-CUBE-AZRTOS-F4_V1.1.0, X-CUBE-AZRTOS-F7_V1.1.0, X-CUBE-AZRTOS-G0_V1.1.0, X-CUBE-AZRTOS-G4_V2.0.0, X-CUBE-AZRTOS-H7RS_V1.1.0, X-CUBE-AZRTOS-H7_V3.4.0, X-CUBE-AZRTOS-L4_V2.0.0, X-CUBE-AZRTOS-L5_V2.0.0, X-CUBE-AZRTOS-WB_V2.0.0, X-CUBE-AZRTOS-WL_V2.0.0, X-CUBE-BLE1_V7.1.0, X-CUBE-BLE2_V3.3.0, X-CUBE-BLEMGR_V4.1.0, X-CUBE-EEPRMA1_V5.2.0, X-CUBE-FREERTOS_V1.3.1, X-CUBE-GNSS1_V6.0.0, X-CUBE-MEMS1_V12.0.0, X-CUBE-NFC4_V3.0.0, X-CUBE-NFC7_V2.0.0, X-CUBE-SFXS2LP1_V4.0.0, X-CUBE-ST67W61_V1.1.0, X-CUBE-SUBG2_V5.0.0, X-CUBE-TOF1_V3.4.3]
2026-01-29 18:42:28,043 [INFO] DbBoardsSqlite:226 - include board P-NUCLEO-WB55-NUCLEO as a kit item of type 'Nucleo-64'
2026-01-29 18:42:28,043 [INFO] DbBoardsSqlite:226 - include board P-NUCLEO-WB55-USBDONGLE as a kit item of type 'Nucleo USB Dongle'
2026-01-29 18:42:28,044 [INFO] DbBoardsSqlite:226 - include board STEVAL-IDP005V1 as a kit item of type 'Evaluation Board'
2026-01-29 18:42:28,045 [INFO] DbBoardsSqlite:226 - include board STEVAL-IDP005V2 as a kit item of type 'Evaluation Board'
2026-01-29 18:42:28,165 [INFO] ApiDb:240 - Found 880 in-development CPN: [B-G473E-ZEST1S, B-WB1M-WPAN1, B-WBA5M-WPAN, B-WL5M-SUBG1, NUCLEO-C031C6, NUCLEO-C051C8, NUCLEO-C071RB, NUCLEO-C092RC, NUCLEO-H503RB, NUCLEO-H533RE, NUCLEO-H563ZI, NUCLEO-H7S3L8, NUCLEO-N657X0-Q, NUCLEO-U031R8, NUCLEO-U083RC, NUCLEO-U385RG-Q, NUCLEO-U545RE-Q, NUCLEO-U5A5ZJ-Q, NUCLEO-WB05KZ, NUCLEO-WB07CC, NUCLEO-WB09KE, NUCLEO-WBA52CG, NUCLEO-WBA55CG, NUCLEO-WL33CC1, NUCLEO-WL33CC2, STEVAL-PROTEUS1, STEVAL-SMARTAG2, STEVAL-STWINBX1, STM320518-EVAL, STM32C0116-DK, STM32C011D6Y3TR, STM32C011D6Y6TR, STM32C011F4P3, STM32C011F4P6, STM32C011F4U3, STM32C011F4U6TR, STM32C011F6P3, STM32C011F6P6, STM32C011F6U3, STM32C011F6U6TR, STM32C011J4M3, STM32C011J4M6, STM32C011J6M3, STM32C011J6M6, STM32C0316-DK, STM32C031C4T3, STM32C031C4T6, STM32C031C4U3, STM32C031C4U6, STM32C031C6T3, STM32C031C6T6, STM32C031C6U3, STM32C031C6U6, STM32C031F4P3, STM32C031F4P6, STM32C031F6P3, STM32C031F6P6, STM32C031G4U3, STM32C031G4U6, STM32C031G6U3, STM32C031G6U6, STM32C031K4T3, STM32C031K4T6, STM32C031K4U3, STM32C031K4U6, STM32C031K6T3, STM32C031K6T6, STM32C031K6U3, STM32C031K6U6, STM32C051C6T6, STM32C051C6U6, STM32C051C8T6, STM32C051C8U6, STM32C051D8Y6TR, STM32C051F6P6, STM32C051F8P6, STM32C051G6U6, STM32C051G8U6, STM32C051K6T6, STM32C051K6U6, STM32C051K8T6, STM32C071C8T6, STM32C071C8T6N, STM32C071C8U6, STM32C071C8U6N, STM32C071CBT6, STM32C071CBT6N, STM32C071CBU6, STM32C071CBU6N, STM32C071F8P6, STM32C071F8P6N, STM32C071FBP6, STM32C071FBP6N, STM32C071FBY6TR, STM32C071G8U6, STM32C071G8U6N, STM32C071GBU6, STM32C071GBU6N, STM32C071K8T6, STM32C071K8T6N, STM32C071K8U6, STM32C071K8U6N, STM32C071KBT6, STM32C071KBT6N, STM32C071KBU6, STM32C071KBU6N, STM32C071R8T6, STM32C071R8T6N, STM32C071RBI6N, STM32C071RBT6, STM32C071RBT6N, STM32C091CBT6, STM32C091CBU6, STM32C091CCT6, STM32C091CCU6, STM32C091ECY6TR, STM32C091FBP6, STM32C091FCP6, STM32C091GBU6, STM32C091GCU6, STM32C091KBT6, STM32C091KBU6, STM32C091KCT6, STM32C091KCU6, STM32C091RBT6, STM32C091RCI6, STM32C091RCT6, STM32C092CBT6, STM32C092CBU6, STM32C092CCT6, STM32C092CCU6, STM32C092ECY6TR, STM32C092FBP6, STM32C092FCP6, STM32C092GBU6, STM32C092GCU6, STM32C092KBT6, STM32C092KBU6, STM32C092KCT6, STM32C092KCU6, STM32C092RBT6, STM32C092RCI6, STM32C092RCT6, STM32G071K8TXN, STM32G071K8UXN, STM32G081GBU6N, STM32G081KBT6N, STM32G081KBUXN, STM32G0B1CCT6N, STM32G0B1KCT6, STM32G0B1NEY6TR, STM32G0B1RCT6N, STM32G0C1CCT6, STM32G0C1CCT6N, STM32G0C1CCU6N, STM32G0C1CET6N, STM32G0C1CEU6N, STM32G0C1KCT6, STM32G0C1NEY6TR, STM32G0C1RCI6N, STM32G0C1RCT6N, STM32G0C1REI6N, STM32G0C1RET6N, STM32G0C1VCI6, STM32G0C1VEI6, STM32G411C6T3, STM32G411C6T6, STM32G411C6U3, STM32G411C6U6, STM32G411C8T3, STM32G411C8T6, STM32G411C8U3, STM32G411C8U6, STM32G411CBT3, STM32G411CBT6, STM32G411CBU3, STM32G411CBU6, STM32G411K6T3, STM32G411K6T6, STM32G411K6U3, STM32G411K6U6, STM32G411K8T3, STM32G411K8T6, STM32G411K8U3, STM32G411K8U6, STM32G411KBT3, STM32G411KBT6, STM32G411KBU3, STM32G411KBU6, STM32G411M6T3, STM32G411M6T6, STM32G411M8T3, STM32G411M8T6, STM32G411MBT3, STM32G411MBT6, STM32G411R6T3, STM32G411R6T6, STM32G411R8T3, STM32G411R8T6, STM32G411RBT3, STM32G411RBT6, STM32G414CBT3, STM32G414CBT6, STM32G414CBU3, STM32G414CBU6, STM32G414CCT3, STM32G414CCT6, STM32G414CCU3, STM32G414CCU6, STM32G414MBT3, STM32G414MBT6, STM32G414MCT3, STM32G414MCT6, STM32G414RBT3, STM32G414RBT6, STM32G414RCT3, STM32G414RCT6, STM32G414VBT3, STM32G414VBT6, STM32G414VCT3, STM32G414VCT6, STM32G431CBT3Z, STM32G431RBT3Z, STM32G471CCT6, STM32G471CCU6, STM32G471CET3, STM32G471CET6, STM32G471CEU3, STM32G471CEU6, STM32G471MCT6, STM32G471MET3, STM32G471MET6, STM32G471MEY6TR, STM32G471QCT6, STM32G471QET3, STM32G471RCT6, STM32G471RET3, STM32G471RET6, STM32G471VCH6, STM32G471VCI6, STM32G471VCT6, STM32G471VEH3, STM32G471VEH6, STM32G471VEI3, STM32G471VEI6, STM32G471VET3, STM32G471VET6, STM32G473QET3Z, STM32G473RET3Z, STM32G474CCT6, STM32G491RET3Z, STM32H503CBT6, STM32H503CBU6, STM32H503EBY6TR, STM32H503KBU6, STM32H503RBT6, STM32H523CCT6, STM32H523CCU6, STM32H523CET6, STM32H523CEU6, STM32H523HEY6TR, STM32H523RCT6, STM32H523RET6, STM32H523VCI6, STM32H523VCT6, STM32H523VEI6, STM32H523VET6, STM32H523ZCJ6, STM32H523ZCT6, STM32H523ZEJ6, STM32H523ZET6, STM32H533CET6, STM32H533CEU6, STM32H533HEY6TR, STM32H533RET6, STM32H533VEI6, STM32H533VET6, STM32H533ZEJ6, STM32H533ZET6, STM32H562AGI6, STM32H562AII6, STM32H562IGK6, STM32H562IGT6, STM32H562IIK6, STM32H562IIT6, STM32H562RGT6, STM32H562RGV6, STM32H562RIT6, STM32H562RIV6, STM32H562VGT6, STM32H562VIT6, STM32H562ZGT6, STM32H562ZIT6, STM32H563AGI6, STM32H563AII3Q, STM32H563AII6, STM32H563IGK6, STM32H563IGT6, STM32H563IIK3Q, STM32H563IIK6, STM32H563IIT3Q, STM32H563IIT6, STM32H563MIY3QTR, STM32H563RGT6, STM32H563RGV6, STM32H563RIT6, STM32H563RIV6, STM32H563VGT6, STM32H563VIT3Q, STM32H563VIT6, STM32H563ZGT6, STM32H563ZIT3Q, STM32H563ZIT6, STM32H573AII3Q, STM32H573AII6, STM32H573I-DK, STM32H573IIK3Q, STM32H573IIK6, STM32H573IIT3Q, STM32H573IIT6, STM32H573MIY3QTR, STM32H573RIT6, STM32H573RIV6, STM32H573VIT3Q, STM32H573VIT6, STM32H573ZIT3Q, STM32H573ZIT6, STM32H7R3A8I6, STM32H7R3I8K6, STM32H7R3I8T6, STM32H7R3L8H6, STM32H7R3L8H6H, STM32H7R3R8V6, STM32H7R3V8H6, STM32H7R3V8T6, STM32H7R3V8Y6TR, STM32H7R3Z8J6, STM32H7R3Z8T6, STM32H7R7A8I6, STM32H7R7I8K6, STM32H7R7I8T6, STM32H7R7L8H6, STM32H7R7L8H6H, STM32H7R7Z8J6, STM32H7S3A8I6, STM32H7S3I8K6, STM32H7S3I8T6, STM32H7S3L8H6, STM32H7S3L8H6H, STM32H7S3R8V6, STM32H7S3V8H6, STM32H7S3V8T6, STM32H7S3V8Y6TR, STM32H7S3Z8J6, STM32H7S3Z8T6, STM32H7S78-DK, STM32H7S7A8I6, STM32H7S7I8K6, STM32H7S7I8T6, STM32H7S7L8H6, STM32H7S7L8H6H, STM32H7S7Z8J6, STM32L4R5QGI6STR, STM32MP131AAE3, STM32MP131AAF3, STM32MP131AAG3, STM32MP131CAE3, STM32MP131CAF3, STM32MP131CAG3, STM32MP131DAE7, STM32MP131DAF7, STM32MP131DAG7, STM32MP131FAE7, STM32MP131FAF7, STM32MP131FAG7, STM32MP133AAE3, STM32MP133AAF3, STM32MP133AAG3, STM32MP133CAE3, STM32MP133CAF3, STM32MP133CAG3, STM32MP133DAE7, STM32MP133DAF7, STM32MP133DAG7, STM32MP133FAE7, STM32MP133FAF7, STM32MP133FAG7, STM32MP135AAE3, STM32MP135AAF3, STM32MP135AAG3, STM32MP135CAE3, STM32MP135CAF3, STM32MP135CAG3, STM32MP135DAE7, STM32MP135DAF7, STM32MP135DAG7, STM32MP135F-DK, STM32MP135FAE7, STM32MP135FAF7, STM32MP135FAF7T, STM32MP135FAF7U, STM32MP135FAG7, STM32MP211AAL3, STM32MP211AAM3, STM32MP211AAN3, STM32MP211AAO3, STM32MP211CAL3, STM32MP211CAM3, STM32MP211CAN3, STM32MP211CAO3, STM32MP211DAL3, STM32MP211DAM3, STM32MP211DAN3, STM32MP211DAO3, STM32MP211FAL3, STM32MP211FAM3, STM32MP211FAN3, STM32MP211FAO3, STM32MP213AAL3, STM32MP213AAM3, STM32MP213AAN3, STM32MP213AAO3, STM32MP213CAL3, STM32MP213CAM3, STM32MP213CAN3, STM32MP213CAO3, STM32MP213DAL3, STM32MP213DAM3, STM32MP213DAN3, STM32MP213DAO3, STM32MP213FAL3, STM32MP213FAM3, STM32MP213FAN3, STM32MP213FAO3, STM32MP215AAL3, STM32MP215AAM3, STM32MP215AAN3, STM32MP215AAO3, STM32MP215CAL3, STM32MP215CAM3, STM32MP215CAN3, STM32MP215CAO3, STM32MP215DAL3, STM32MP215DAM3, STM32MP215DAN3, STM32MP215DAO3, STM32MP215F-DK, STM32MP215FAL3, STM32MP215FAM3, STM32MP215FAN3, STM32MP215FAO3, STM32MP231AAJ3, STM32MP231AAK3, STM32MP231AAL3, STM32MP231CAJ3, STM32MP231CAK3, STM32MP231CAL3, STM32MP231DAJ3, STM32MP231DAK3, STM32MP231DAL3, STM32MP231FAJ3, STM32MP231FAK3, STM32MP231FAL3, STM32MP233AAJ3, STM32MP233AAK3, STM32MP233AAL3, STM32MP233CAJ3, STM32MP233CAK3, STM32MP233CAL3, STM32MP233DAJ3, STM32MP233DAK3, STM32MP233DAL3, STM32MP233FAJ3, STM32MP233FAK3, STM32MP233FAL3, STM32MP235AAJ3, STM32MP235AAK3, STM32MP235AAL3, STM32MP235CAJ3, STM32MP235CAK3, STM32MP235CAL3, STM32MP235DAJ3, STM32MP235DAK3, STM32MP235DAL3, STM32MP235FAJ3, STM32MP235FAK3, STM32MP235FAL3, STM32MP251AAI3, STM32MP251AAK3, STM32MP251AAL3, STM32MP251CAI3, STM32MP251CAK3, STM32MP251CAL3, STM32MP251DAI3, STM32MP251DAK3, STM32MP251DAL3, STM32MP251FAI3, STM32MP251FAK3, STM32MP251FAL3, STM32MP253AAI3, STM32MP253AAK3, STM32MP253AAL3, STM32MP253CAI3, STM32MP253CAK3, STM32MP253CAL3, STM32MP253DAI3, STM32MP253DAK3, STM32MP253DAL3, STM32MP253FAI3, STM32MP253FAK3, STM32MP253FAL3, STM32MP255AAI3, STM32MP255AAK3, STM32MP255AAL3, STM32MP255CAI3, STM32MP255CAK3, STM32MP255CAL3, STM32MP255DAI3, STM32MP255DAK3, STM32MP255DAL3, STM32MP255FAI3, STM32MP255FAK3, STM32MP255FAL3, STM32MP257AAI3, STM32MP257AAK3, STM32MP257AAL3, STM32MP257CAI3, STM32MP257CAK3, STM32MP257CAL3, STM32MP257DAI3, STM32MP257DAK3, STM32MP257DAL3, STM32MP257F-DK, STM32MP257F-EV1, STM32MP257FAI3, STM32MP257FAK3, STM32MP257FAL3, STM32N645A0H3Q, STM32N645B0H3Q, STM32N645I0H3Q, STM32N645L0H3Q, STM32N645X0H3Q, STM32N645Z0H3Q, STM32N647A0H3Q, STM32N647B0H3Q, STM32N647I0H3Q, STM32N647L0H3Q, STM32N647X0H3Q, STM32N647Z0H3Q, STM32N655A0H3Q, STM32N655B0H3Q, STM32N655I0H3Q, STM32N655L0H3Q, STM32N655X0H3Q, STM32N655Z0H3Q, STM32N6570-DK, STM32N657A0H3Q, STM32N657B0H3Q, STM32N657I0H3Q, STM32N657L0H3Q, STM32N657X0H3Q, STM32N657Z0H3Q, STM32U031C6T6, STM32U031C6U6, STM32U031C8T6, STM32U031C8U6, STM32U031F4P6, STM32U031F6P6, STM32U031F8P6, STM32U031G6Y6TR, STM32U031G8Y6TR, STM32U031K4U6, STM32U031K6U6, STM32U031K8U6, STM32U031R6I6, STM32U031R6T6, STM32U031R8I6, STM32U031R8T6, STM32U073C8T6, STM32U073C8U6, STM32U073CBT6, STM32U073CBU6, STM32U073CCT6, STM32U073CCU6, STM32U073H8Y6TR, STM32U073HBY6TR, STM32U073HCY6TR, STM32U073K8U6, STM32U073KBU6, STM32U073KCU6, STM32U073M8I6, STM32U073M8T6, STM32U073MBI6, STM32U073MBT6, STM32U073MCI6, STM32U073MCT6, STM32U073R8I6, STM32U073R8T6, STM32U073RBI6, STM32U073RBT6, STM32U073RCI6, STM32U073RCT6, STM32U083C-DK, STM32U083CCT6, STM32U083CCU6, STM32U083HCY6TR, STM32U083KCU6, STM32U083MCI6, STM32U083MCT6, STM32U083RCI6, STM32U083RCT6, STM32U375CET6, STM32U375CET6Q, STM32U375CEU6, STM32U375CEU6Q, STM32U375CEY6QTR, STM32U375CGT6, STM32U375CGT6Q, STM32U375CGU6, STM32U375CGU6Q, STM32U375CGY6QTR, STM32U375KEU6, STM32U375KGU6, STM32U375REI6, STM32U375REI6Q, STM32U375RET6, STM32U375RET6Q, STM32U375REY6GTR, STM32U375REY6QTR, STM32U375RGI6, STM32U375RGI6Q, STM32U375RGT6, STM32U375RGT6Q, STM32U375RGY6GTR, STM32U375RGY6QTR, STM32U375VEI6, STM32U375VEI6Q, STM32U375VET6, STM32U375VET6Q, STM32U375VGI6, STM32U375VGI6Q, STM32U375VGT6, STM32U375VGT6Q, STM32U385CGT6, STM32U385CGT6Q, STM32U385CGU6, STM32U385CGU6Q, STM32U385CGY6QTR, STM32U385KGU6, STM32U385RGI6, STM32U385RGI6Q, STM32U385RGT6, STM32U385RGT6Q, STM32U385RGY6GTR, STM32U385RGY6QTR, STM32U385VGI6, STM32U385VGI6Q, STM32U385VGT6, STM32U385VGT6Q, STM32U535CBT6, STM32U535CBT6Q, STM32U535CBU6, STM32U535CBU6Q, STM32U535CCT6, STM32U535CCT6Q, STM32U535CCU6, STM32U535CCU6Q, STM32U535CET6, STM32U535CET6Q, STM32U535CEU6, STM32U535CEU6Q, STM32U535JEY6QTR, STM32U535NCY6QTR, STM32U535NEY6QTR, STM32U535RBI6, STM32U535RBI6Q, STM32U535RBT6, STM32U535RBT6Q, STM32U535RCI6, STM32U535RCI6Q, STM32U535RCT6, STM32U535RCT6Q, STM32U535REI6, STM32U535REI6Q, STM32U535RET6, STM32U535RET6Q, STM32U535VCI6, STM32U535VCI6Q, STM32U535VCT6, STM32U535VCT6Q, STM32U535VEI6, STM32U535VEI6Q, STM32U535VET6, STM32U535VET6Q, STM32U545CET6, STM32U545CET6Q, STM32U545CEU6, STM32U545CEU6Q, STM32U545JEY6QTR, STM32U545NEY6QTR, STM32U545REI6, STM32U545REI6Q, STM32U545RET6, STM32U545RET6Q, STM32U545VEI6, STM32U545VEI6Q, STM32U545VET6, STM32U545VET6Q, STM32U595AIH6, STM32U595AIH6Q, STM32U595AJH6, STM32U595AJH6Q, STM32U595QII6, STM32U595QII6Q, STM32U595QJI6, STM32U595QJI6Q, STM32U595RIT6, STM32U595RIT6Q, STM32U595RJT6, STM32U595RJT6Q, STM32U595VIT6, STM32U595VIT6Q, STM32U595VJT6, STM32U595VJT6Q, STM32U595ZIT6, STM32U595ZIT6Q, STM32U595ZIY6QTR, STM32U595ZJT6, STM32U595ZJT6Q, STM32U595ZJY6QTR, STM32U599BJY6QTR, STM32U599NIH6Q, STM32U599NJH6Q, STM32U599VIT6Q, STM32U599VJT6, STM32U599VJT6Q, STM32U599ZIT6Q, STM32U599ZIY6QTR, STM32U599ZJT6Q, STM32U599ZJY6QTR, STM32U5A5AJH6, STM32U5A5AJH6Q, STM32U5A5QII3Q , STM32U5A5QJI6, STM32U5A5QJI6Q, STM32U5A5RJT6, STM32U5A5RJT6Q, STM32U5A5VJT6, STM32U5A5VJT6Q, STM32U5A5ZJT6, STM32U5A5ZJT6Q, STM32U5A5ZJY6QTR, STM32U5A9BJY6QTR, STM32U5A9J-DK, STM32U5A9NJH6Q, STM32U5A9VJT6Q, STM32U5A9ZJT6Q, STM32U5A9ZJY6QTR, STM32U5F7VIT6, STM32U5F7VIT6Q, STM32U5F7VJT6, STM32U5F7VJT6Q, STM32U5F9BJY6QTR, STM32U5F9NJH6Q, STM32U5F9VIT6Q, STM32U5F9VJT6Q, STM32U5F9ZIJ6QTR, STM32U5F9ZIT6Q, STM32U5F9ZJJ6QTR, STM32U5F9ZJT6Q, STM32U5G7VJT6, STM32U5G7VJT6Q, STM32U5G9BJY6QTR, STM32U5G9J-DK1, STM32U5G9J-DK2, STM32U5G9NJH6Q, STM32U5G9VJT6Q, STM32U5G9ZJJ6QTR, STM32U5G9ZJT6Q, STM32WB05KZV6TR, STM32WB05KZV7TR, STM32WB05TZF6TR, STM32WB05TZF7TR, STM32WB06CCF6TR, STM32WB06CCF7TR, STM32WB06CCV6TR, STM32WB06CCV7TR, STM32WB06KCV6TR, STM32WB06KCV7TR, STM32WB07CCF6TR, STM32WB07CCF7TR, STM32WB07CCV6TR, STM32WB07CCV7TR, STM32WB07KCV6TR, STM32WB07KCV7TR, STM32WB09KEV6TR, STM32WB09KEV7TR, STM32WB09TEF6TR, STM32WB09TEF7TR, STM32WB1MMCH6, STM32WBA50KGU6, STM32WBA50KGU6TR, STM32WBA52CEU6, STM32WBA52CEU6TR, STM32WBA52CEU7, STM32WBA52CEU7TR, STM32WBA52CGU6, STM32WBA52CGU6TR, STM32WBA52CGU6U, STM32WBA52CGU7, STM32WBA52CGU7TR, STM32WBA52KEU6, STM32WBA52KEU6TR, STM32WBA52KGU6, STM32WBA52KGU6TR, STM32WBA54CEU6, STM32WBA54CEU6TR, STM32WBA54CEU7, STM32WBA54CEU7TR, STM32WBA54CGU6, STM32WBA54CGU6TR, STM32WBA54CGU7, STM32WBA54CGU7TR, STM32WBA54KEU6, STM32WBA54KEU6TR, STM32WBA54KEU7, STM32WBA54KEU7TR, STM32WBA54KGU6, STM32WBA54KGU6TR, STM32WBA54KGU7, STM32WBA54KGU7TR, STM32WBA55CEU6, STM32WBA55CEU6TR, STM32WBA55CEU7, STM32WBA55CEU7TR, STM32WBA55CGU6, STM32WBA55CGU6TR, STM32WBA55CGU6U, STM32WBA55CGU7, STM32WBA55CGU7TR, STM32WBA55G-DK1, STM32WBA55HEF6, STM32WBA55HEF7, STM32WBA55HGF6, STM32WBA55HGF7, STM32WBA55UEI6, STM32WBA55UEI6TR, STM32WBA55UEI7, STM32WBA55UEI7TR, STM32WBA55UGI6, STM32WBA55UGI6TR, STM32WBA55UGI7, STM32WBA55UGI7TR, STM32WBA5MMGH6TR, STM32WBA62MGF6, STM32WBA62MIF6, STM32WBA65MGF7, STM32WBA65MIF6, STM32WBA65MIF7, STM32WL30K8V6, STM32WL30KBV6, STM32WL31C8V6, STM32WL31CBV6, STM32WL31K8V6, STM32WL31KBV6, STM32WL33C8V6, STM32WL33C8V6X, STM32WL33CBV6, STM32WL33CBV6X, STM32WL33CCV6, STM32WL33CCV6A, STM32WL33CCV6X, STM32WL33K8V7, STM32WL33K8V7X, STM32WL33KBV7 , STM32WL33KBV7X, STM32WL33KCV7, STM32WL33KCV7X, STM32WL5MOCH6, STM32WL5MOCH6TR]
2026-01-29 18:42:28,169 [INFO] ApiDb:668 - CubeFinder database Data Model version=2.1
2026-01-29 18:42:28,169 [INFO] ApiDb:669 - CubeFinder database Configuration version=3.0.39
2026-01-29 18:42:28,169 [INFO] ApiDb:670 - CubeFinder database generation date=2025-12-22 (1766407740)
2026-01-29 18:42:28,169 [INFO] ApiDb:671 - CubeFinder database FW Pack versions=[FP-ATR-ASTRA1_V2.0.0, FP-SNS-FLIGHT1_V5.1.0, FP-SNS-MOTENV1_V5.1.0, FP-SNS-MOTENVWB1_V1.4.0, FP-SNS-SMARTAG2_V1.2.0, FP-SNS-STBOX1_V2.1.0, STM32Cube_FW_C0_V1.4.0, STM32Cube_FW_F4_V1.28.3, STM32Cube_FW_F7_V1.17.4, STM32Cube_FW_G0_V1.6.2, STM32Cube_FW_G4_V1.6.1, STM32Cube_FW_H5_V1.5.1, STM32Cube_FW_H7RS_V1.3.0, STM32Cube_FW_H7_V1.12.1, STM32Cube_FW_L0_V1.12.2, STM32Cube_FW_L4_V1.18.1, STM32Cube_FW_L5_V1.6.0, STM32Cube_FW_N6_V1.3.0, STM32Cube_FW_U0_V1.3.0, STM32Cube_FW_U3_V1.2.1, STM32Cube_FW_U5_V1.8.0, STM32Cube_FW_WB0_V1.4.0, STM32Cube_FW_WBA_V1.8.0, STM32Cube_FW_WB_V1.24.0, STM32Cube_FW_WL3_V1.3.0, STM32Cube_FW_WL_V1.4.0, X-CUBE-ALGOBUILD_V1.4.0, X-CUBE-ALS_V1.0.2, X-CUBE-AZRTOS-F4_V1.1.0, X-CUBE-AZRTOS-F7_V1.1.0, X-CUBE-AZRTOS-G0_V1.1.0, X-CUBE-AZRTOS-G4_V2.0.0, X-CUBE-AZRTOS-H7RS_V1.1.0, X-CUBE-AZRTOS-H7_V3.4.0, X-CUBE-AZRTOS-L4_V2.0.0, X-CUBE-AZRTOS-L5_V2.0.0, X-CUBE-AZRTOS-WB_V2.0.0, X-CUBE-AZRTOS-WL_V2.0.0, X-CUBE-BLE1_V7.1.0, X-CUBE-BLE2_V3.3.0, X-CUBE-BLEMGR_V4.1.0, X-CUBE-EEPRMA1_V5.2.0, X-CUBE-FREERTOS_V1.3.1, X-CUBE-GNSS1_V6.0.0, X-CUBE-MEMS1_V12.0.0, X-CUBE-NFC4_V3.0.0, X-CUBE-NFC7_V2.0.0, X-CUBE-SFXS2LP1_V4.0.0, X-CUBE-ST67W61_V1.1.0, X-CUBE-SUBG2_V5.0.0, X-CUBE-TOF1_V3.4.3]
2026-01-29 18:42:30,586 [INFO] ApiDb:240 - Found 880 in-development CPN: [B-G473E-ZEST1S, B-WB1M-WPAN1, B-WBA5M-WPAN, B-WL5M-SUBG1, NUCLEO-C031C6, NUCLEO-C051C8, NUCLEO-C071RB, NUCLEO-C092RC, NUCLEO-H503RB, NUCLEO-H533RE, NUCLEO-H563ZI, NUCLEO-H7S3L8, NUCLEO-N657X0-Q, NUCLEO-U031R8, NUCLEO-U083RC, NUCLEO-U385RG-Q, NUCLEO-U545RE-Q, NUCLEO-U5A5ZJ-Q, NUCLEO-WB05KZ, NUCLEO-WB07CC, NUCLEO-WB09KE, NUCLEO-WBA52CG, NUCLEO-WBA55CG, NUCLEO-WL33CC1, NUCLEO-WL33CC2, STEVAL-PROTEUS1, STEVAL-SMARTAG2, STEVAL-STWINBX1, STM320518-EVAL, STM32C0116-DK, STM32C011D6Y3TR, STM32C011D6Y6TR, STM32C011F4P3, STM32C011F4P6, STM32C011F4U3, STM32C011F4U6TR, STM32C011F6P3, STM32C011F6P6, STM32C011F6U3, STM32C011F6U6TR, STM32C011J4M3, STM32C011J4M6, STM32C011J6M3, STM32C011J6M6, STM32C0316-DK, STM32C031C4T3, STM32C031C4T6, STM32C031C4U3, STM32C031C4U6, STM32C031C6T3, STM32C031C6T6, STM32C031C6U3, STM32C031C6U6, STM32C031F4P3, STM32C031F4P6, STM32C031F6P3, STM32C031F6P6, STM32C031G4U3, STM32C031G4U6, STM32C031G6U3, STM32C031G6U6, STM32C031K4T3, STM32C031K4T6, STM32C031K4U3, STM32C031K4U6, STM32C031K6T3, STM32C031K6T6, STM32C031K6U3, STM32C031K6U6, STM32C051C6T6, STM32C051C6U6, STM32C051C8T6, STM32C051C8U6, STM32C051D8Y6TR, STM32C051F6P6, STM32C051F8P6, STM32C051G6U6, STM32C051G8U6, STM32C051K6T6, STM32C051K6U6, STM32C051K8T6, STM32C071C8T6, STM32C071C8T6N, STM32C071C8U6, STM32C071C8U6N, STM32C071CBT6, STM32C071CBT6N, STM32C071CBU6, STM32C071CBU6N, STM32C071F8P6, STM32C071F8P6N, STM32C071FBP6, STM32C071FBP6N, STM32C071FBY6TR, STM32C071G8U6, STM32C071G8U6N, STM32C071GBU6, STM32C071GBU6N, STM32C071K8T6, STM32C071K8T6N, STM32C071K8U6, STM32C071K8U6N, STM32C071KBT6, STM32C071KBT6N, STM32C071KBU6, STM32C071KBU6N, STM32C071R8T6, STM32C071R8T6N, STM32C071RBI6N, STM32C071RBT6, STM32C071RBT6N, STM32C091CBT6, STM32C091CBU6, STM32C091CCT6, STM32C091CCU6, STM32C091ECY6TR, STM32C091FBP6, STM32C091FCP6, STM32C091GBU6, STM32C091GCU6, STM32C091KBT6, STM32C091KBU6, STM32C091KCT6, STM32C091KCU6, STM32C091RBT6, STM32C091RCI6, STM32C091RCT6, STM32C092CBT6, STM32C092CBU6, STM32C092CCT6, STM32C092CCU6, STM32C092ECY6TR, STM32C092FBP6, STM32C092FCP6, STM32C092GBU6, STM32C092GCU6, STM32C092KBT6, STM32C092KBU6, STM32C092KCT6, STM32C092KCU6, STM32C092RBT6, STM32C092RCI6, STM32C092RCT6, STM32G071K8TXN, STM32G071K8UXN, STM32G081GBU6N, STM32G081KBT6N, STM32G081KBUXN, STM32G0B1CCT6N, STM32G0B1KCT6, STM32G0B1NEY6TR, STM32G0B1RCT6N, STM32G0C1CCT6, STM32G0C1CCT6N, STM32G0C1CCU6N, STM32G0C1CET6N, STM32G0C1CEU6N, STM32G0C1KCT6, STM32G0C1NEY6TR, STM32G0C1RCI6N, STM32G0C1RCT6N, STM32G0C1REI6N, STM32G0C1RET6N, STM32G0C1VCI6, STM32G0C1VEI6, STM32G411C6T3, STM32G411C6T6, STM32G411C6U3, STM32G411C6U6, STM32G411C8T3, STM32G411C8T6, STM32G411C8U3, STM32G411C8U6, STM32G411CBT3, STM32G411CBT6, STM32G411CBU3, STM32G411CBU6, STM32G411K6T3, STM32G411K6T6, STM32G411K6U3, STM32G411K6U6, STM32G411K8T3, STM32G411K8T6, STM32G411K8U3, STM32G411K8U6, STM32G411KBT3, STM32G411KBT6, STM32G411KBU3, STM32G411KBU6, STM32G411M6T3, STM32G411M6T6, STM32G411M8T3, STM32G411M8T6, STM32G411MBT3, STM32G411MBT6, STM32G411R6T3, STM32G411R6T6, STM32G411R8T3, STM32G411R8T6, STM32G411RBT3, STM32G411RBT6, STM32G414CBT3, STM32G414CBT6, STM32G414CBU3, STM32G414CBU6, STM32G414CCT3, STM32G414CCT6, STM32G414CCU3, STM32G414CCU6, STM32G414MBT3, STM32G414MBT6, STM32G414MCT3, STM32G414MCT6, STM32G414RBT3, STM32G414RBT6, STM32G414RCT3, STM32G414RCT6, STM32G414VBT3, STM32G414VBT6, STM32G414VCT3, STM32G414VCT6, STM32G431CBT3Z, STM32G431RBT3Z, STM32G471CCT6, STM32G471CCU6, STM32G471CET3, STM32G471CET6, STM32G471CEU3, STM32G471CEU6, STM32G471MCT6, STM32G471MET3, STM32G471MET6, STM32G471MEY6TR, STM32G471QCT6, STM32G471QET3, STM32G471RCT6, STM32G471RET3, STM32G471RET6, STM32G471VCH6, STM32G471VCI6, STM32G471VCT6, STM32G471VEH3, STM32G471VEH6, STM32G471VEI3, STM32G471VEI6, STM32G471VET3, STM32G471VET6, STM32G473QET3Z, STM32G473RET3Z, STM32G474CCT6, STM32G491RET3Z, STM32H503CBT6, STM32H503CBU6, STM32H503EBY6TR, STM32H503KBU6, STM32H503RBT6, STM32H523CCT6, STM32H523CCU6, STM32H523CET6, STM32H523CEU6, STM32H523HEY6TR, STM32H523RCT6, STM32H523RET6, STM32H523VCI6, STM32H523VCT6, STM32H523VEI6, STM32H523VET6, STM32H523ZCJ6, STM32H523ZCT6, STM32H523ZEJ6, STM32H523ZET6, STM32H533CET6, STM32H533CEU6, STM32H533HEY6TR, STM32H533RET6, STM32H533VEI6, STM32H533VET6, STM32H533ZEJ6, STM32H533ZET6, STM32H562AGI6, STM32H562AII6, STM32H562IGK6, STM32H562IGT6, STM32H562IIK6, STM32H562IIT6, STM32H562RGT6, STM32H562RGV6, STM32H562RIT6, STM32H562RIV6, STM32H562VGT6, STM32H562VIT6, STM32H562ZGT6, STM32H562ZIT6, STM32H563AGI6, STM32H563AII3Q, STM32H563AII6, STM32H563IGK6, STM32H563IGT6, STM32H563IIK3Q, STM32H563IIK6, STM32H563IIT3Q, STM32H563IIT6, STM32H563MIY3QTR, STM32H563RGT6, STM32H563RGV6, STM32H563RIT6, STM32H563RIV6, STM32H563VGT6, STM32H563VIT3Q, STM32H563VIT6, STM32H563ZGT6, STM32H563ZIT3Q, STM32H563ZIT6, STM32H573AII3Q, STM32H573AII6, STM32H573I-DK, STM32H573IIK3Q, STM32H573IIK6, STM32H573IIT3Q, STM32H573IIT6, STM32H573MIY3QTR, STM32H573RIT6, STM32H573RIV6, STM32H573VIT3Q, STM32H573VIT6, STM32H573ZIT3Q, STM32H573ZIT6, STM32H7R3A8I6, STM32H7R3I8K6, STM32H7R3I8T6, STM32H7R3L8H6, STM32H7R3L8H6H, STM32H7R3R8V6, STM32H7R3V8H6, STM32H7R3V8T6, STM32H7R3V8Y6TR, STM32H7R3Z8J6, STM32H7R3Z8T6, STM32H7R7A8I6, STM32H7R7I8K6, STM32H7R7I8T6, STM32H7R7L8H6, STM32H7R7L8H6H, STM32H7R7Z8J6, STM32H7S3A8I6, STM32H7S3I8K6, STM32H7S3I8T6, STM32H7S3L8H6, STM32H7S3L8H6H, STM32H7S3R8V6, STM32H7S3V8H6, STM32H7S3V8T6, STM32H7S3V8Y6TR, STM32H7S3Z8J6, STM32H7S3Z8T6, STM32H7S78-DK, STM32H7S7A8I6, STM32H7S7I8K6, STM32H7S7I8T6, STM32H7S7L8H6, STM32H7S7L8H6H, STM32H7S7Z8J6, STM32L4R5QGI6STR, STM32MP131AAE3, STM32MP131AAF3, STM32MP131AAG3, STM32MP131CAE3, STM32MP131CAF3, STM32MP131CAG3, STM32MP131DAE7, STM32MP131DAF7, STM32MP131DAG7, STM32MP131FAE7, STM32MP131FAF7, STM32MP131FAG7, STM32MP133AAE3, STM32MP133AAF3, STM32MP133AAG3, STM32MP133CAE3, STM32MP133CAF3, STM32MP133CAG3, STM32MP133DAE7, STM32MP133DAF7, STM32MP133DAG7, STM32MP133FAE7, STM32MP133FAF7, STM32MP133FAG7, STM32MP135AAE3, STM32MP135AAF3, STM32MP135AAG3, STM32MP135CAE3, STM32MP135CAF3, STM32MP135CAG3, STM32MP135DAE7, STM32MP135DAF7, STM32MP135DAG7, STM32MP135F-DK, STM32MP135FAE7, STM32MP135FAF7, STM32MP135FAF7T, STM32MP135FAF7U, STM32MP135FAG7, STM32MP211AAL3, STM32MP211AAM3, STM32MP211AAN3, STM32MP211AAO3, STM32MP211CAL3, STM32MP211CAM3, STM32MP211CAN3, STM32MP211CAO3, STM32MP211DAL3, STM32MP211DAM3, STM32MP211DAN3, STM32MP211DAO3, STM32MP211FAL3, STM32MP211FAM3, STM32MP211FAN3, STM32MP211FAO3, STM32MP213AAL3, STM32MP213AAM3, STM32MP213AAN3, STM32MP213AAO3, STM32MP213CAL3, STM32MP213CAM3, STM32MP213CAN3, STM32MP213CAO3, STM32MP213DAL3, STM32MP213DAM3, STM32MP213DAN3, STM32MP213DAO3, STM32MP213FAL3, STM32MP213FAM3, STM32MP213FAN3, STM32MP213FAO3, STM32MP215AAL3, STM32MP215AAM3, STM32MP215AAN3, STM32MP215AAO3, STM32MP215CAL3, STM32MP215CAM3, STM32MP215CAN3, STM32MP215CAO3, STM32MP215DAL3, STM32MP215DAM3, STM32MP215DAN3, STM32MP215DAO3, STM32MP215F-DK, STM32MP215FAL3, STM32MP215FAM3, STM32MP215FAN3, STM32MP215FAO3, STM32MP231AAJ3, STM32MP231AAK3, STM32MP231AAL3, STM32MP231CAJ3, STM32MP231CAK3, STM32MP231CAL3, STM32MP231DAJ3, STM32MP231DAK3, STM32MP231DAL3, STM32MP231FAJ3, STM32MP231FAK3, STM32MP231FAL3, STM32MP233AAJ3, STM32MP233AAK3, STM32MP233AAL3, STM32MP233CAJ3, STM32MP233CAK3, STM32MP233CAL3, STM32MP233DAJ3, STM32MP233DAK3, STM32MP233DAL3, STM32MP233FAJ3, STM32MP233FAK3, STM32MP233FAL3, STM32MP235AAJ3, STM32MP235AAK3, STM32MP235AAL3, STM32MP235CAJ3, STM32MP235CAK3, STM32MP235CAL3, STM32MP235DAJ3, STM32MP235DAK3, STM32MP235DAL3, STM32MP235FAJ3, STM32MP235FAK3, STM32MP235FAL3, STM32MP251AAI3, STM32MP251AAK3, STM32MP251AAL3, STM32MP251CAI3, STM32MP251CAK3, STM32MP251CAL3, STM32MP251DAI3, STM32MP251DAK3, STM32MP251DAL3, STM32MP251FAI3, STM32MP251FAK3, STM32MP251FAL3, STM32MP253AAI3, STM32MP253AAK3, STM32MP253AAL3, STM32MP253CAI3, STM32MP253CAK3, STM32MP253CAL3, STM32MP253DAI3, STM32MP253DAK3, STM32MP253DAL3, STM32MP253FAI3, STM32MP253FAK3, STM32MP253FAL3, STM32MP255AAI3, STM32MP255AAK3, STM32MP255AAL3, STM32MP255CAI3, STM32MP255CAK3, STM32MP255CAL3, STM32MP255DAI3, STM32MP255DAK3, STM32MP255DAL3, STM32MP255FAI3, STM32MP255FAK3, STM32MP255FAL3, STM32MP257AAI3, STM32MP257AAK3, STM32MP257AAL3, STM32MP257CAI3, STM32MP257CAK3, STM32MP257CAL3, STM32MP257DAI3, STM32MP257DAK3, STM32MP257DAL3, STM32MP257F-DK, STM32MP257F-EV1, STM32MP257FAI3, STM32MP257FAK3, STM32MP257FAL3, STM32N645A0H3Q, STM32N645B0H3Q, STM32N645I0H3Q, STM32N645L0H3Q, STM32N645X0H3Q, STM32N645Z0H3Q, STM32N647A0H3Q, STM32N647B0H3Q, STM32N647I0H3Q, STM32N647L0H3Q, STM32N647X0H3Q, STM32N647Z0H3Q, STM32N655A0H3Q, STM32N655B0H3Q, STM32N655I0H3Q, STM32N655L0H3Q, STM32N655X0H3Q, STM32N655Z0H3Q, STM32N6570-DK, STM32N657A0H3Q, STM32N657B0H3Q, STM32N657I0H3Q, STM32N657L0H3Q, STM32N657X0H3Q, STM32N657Z0H3Q, STM32U031C6T6, STM32U031C6U6, STM32U031C8T6, STM32U031C8U6, STM32U031F4P6, STM32U031F6P6, STM32U031F8P6, STM32U031G6Y6TR, STM32U031G8Y6TR, STM32U031K4U6, STM32U031K6U6, STM32U031K8U6, STM32U031R6I6, STM32U031R6T6, STM32U031R8I6, STM32U031R8T6, STM32U073C8T6, STM32U073C8U6, STM32U073CBT6, STM32U073CBU6, STM32U073CCT6, STM32U073CCU6, STM32U073H8Y6TR, STM32U073HBY6TR, STM32U073HCY6TR, STM32U073K8U6, STM32U073KBU6, STM32U073KCU6, STM32U073M8I6, STM32U073M8T6, STM32U073MBI6, STM32U073MBT6, STM32U073MCI6, STM32U073MCT6, STM32U073R8I6, STM32U073R8T6, STM32U073RBI6, STM32U073RBT6, STM32U073RCI6, STM32U073RCT6, STM32U083C-DK, STM32U083CCT6, STM32U083CCU6, STM32U083HCY6TR, STM32U083KCU6, STM32U083MCI6, STM32U083MCT6, STM32U083RCI6, STM32U083RCT6, STM32U375CET6, STM32U375CET6Q, STM32U375CEU6, STM32U375CEU6Q, STM32U375CEY6QTR, STM32U375CGT6, STM32U375CGT6Q, STM32U375CGU6, STM32U375CGU6Q, STM32U375CGY6QTR, STM32U375KEU6, STM32U375KGU6, STM32U375REI6, STM32U375REI6Q, STM32U375RET6, STM32U375RET6Q, STM32U375REY6GTR, STM32U375REY6QTR, STM32U375RGI6, STM32U375RGI6Q, STM32U375RGT6, STM32U375RGT6Q, STM32U375RGY6GTR, STM32U375RGY6QTR, STM32U375VEI6, STM32U375VEI6Q, STM32U375VET6, STM32U375VET6Q, STM32U375VGI6, STM32U375VGI6Q, STM32U375VGT6, STM32U375VGT6Q, STM32U385CGT6, STM32U385CGT6Q, STM32U385CGU6, STM32U385CGU6Q, STM32U385CGY6QTR, STM32U385KGU6, STM32U385RGI6, STM32U385RGI6Q, STM32U385RGT6, STM32U385RGT6Q, STM32U385RGY6GTR, STM32U385RGY6QTR, STM32U385VGI6, STM32U385VGI6Q, STM32U385VGT6, STM32U385VGT6Q, STM32U535CBT6, STM32U535CBT6Q, STM32U535CBU6, STM32U535CBU6Q, STM32U535CCT6, STM32U535CCT6Q, STM32U535CCU6, STM32U535CCU6Q, STM32U535CET6, STM32U535CET6Q, STM32U535CEU6, STM32U535CEU6Q, STM32U535JEY6QTR, STM32U535NCY6QTR, STM32U535NEY6QTR, STM32U535RBI6, STM32U535RBI6Q, STM32U535RBT6, STM32U535RBT6Q, STM32U535RCI6, STM32U535RCI6Q, STM32U535RCT6, STM32U535RCT6Q, STM32U535REI6, STM32U535REI6Q, STM32U535RET6, STM32U535RET6Q, STM32U535VCI6, STM32U535VCI6Q, STM32U535VCT6, STM32U535VCT6Q, STM32U535VEI6, STM32U535VEI6Q, STM32U535VET6, STM32U535VET6Q, STM32U545CET6, STM32U545CET6Q, STM32U545CEU6, STM32U545CEU6Q, STM32U545JEY6QTR, STM32U545NEY6QTR, STM32U545REI6, STM32U545REI6Q, STM32U545RET6, STM32U545RET6Q, STM32U545VEI6, STM32U545VEI6Q, STM32U545VET6, STM32U545VET6Q, STM32U595AIH6, STM32U595AIH6Q, STM32U595AJH6, STM32U595AJH6Q, STM32U595QII6, STM32U595QII6Q, STM32U595QJI6, STM32U595QJI6Q, STM32U595RIT6, STM32U595RIT6Q, STM32U595RJT6, STM32U595RJT6Q, STM32U595VIT6, STM32U595VIT6Q, STM32U595VJT6, STM32U595VJT6Q, STM32U595ZIT6, STM32U595ZIT6Q, STM32U595ZIY6QTR, STM32U595ZJT6, STM32U595ZJT6Q, STM32U595ZJY6QTR, STM32U599BJY6QTR, STM32U599NIH6Q, STM32U599NJH6Q, STM32U599VIT6Q, STM32U599VJT6, STM32U599VJT6Q, STM32U599ZIT6Q, STM32U599ZIY6QTR, STM32U599ZJT6Q, STM32U599ZJY6QTR, STM32U5A5AJH6, STM32U5A5AJH6Q, STM32U5A5QII3Q , STM32U5A5QJI6, STM32U5A5QJI6Q, STM32U5A5RJT6, STM32U5A5RJT6Q, STM32U5A5VJT6, STM32U5A5VJT6Q, STM32U5A5ZJT6, STM32U5A5ZJT6Q, STM32U5A5ZJY6QTR, STM32U5A9BJY6QTR, STM32U5A9J-DK, STM32U5A9NJH6Q, STM32U5A9VJT6Q, STM32U5A9ZJT6Q, STM32U5A9ZJY6QTR, STM32U5F7VIT6, STM32U5F7VIT6Q, STM32U5F7VJT6, STM32U5F7VJT6Q, STM32U5F9BJY6QTR, STM32U5F9NJH6Q, STM32U5F9VIT6Q, STM32U5F9VJT6Q, STM32U5F9ZIJ6QTR, STM32U5F9ZIT6Q, STM32U5F9ZJJ6QTR, STM32U5F9ZJT6Q, STM32U5G7VJT6, STM32U5G7VJT6Q, STM32U5G9BJY6QTR, STM32U5G9J-DK1, STM32U5G9J-DK2, STM32U5G9NJH6Q, STM32U5G9VJT6Q, STM32U5G9ZJJ6QTR, STM32U5G9ZJT6Q, STM32WB05KZV6TR, STM32WB05KZV7TR, STM32WB05TZF6TR, STM32WB05TZF7TR, STM32WB06CCF6TR, STM32WB06CCF7TR, STM32WB06CCV6TR, STM32WB06CCV7TR, STM32WB06KCV6TR, STM32WB06KCV7TR, STM32WB07CCF6TR, STM32WB07CCF7TR, STM32WB07CCV6TR, STM32WB07CCV7TR, STM32WB07KCV6TR, STM32WB07KCV7TR, STM32WB09KEV6TR, STM32WB09KEV7TR, STM32WB09TEF6TR, STM32WB09TEF7TR, STM32WB1MMCH6, STM32WBA50KGU6, STM32WBA50KGU6TR, STM32WBA52CEU6, STM32WBA52CEU6TR, STM32WBA52CEU7, STM32WBA52CEU7TR, STM32WBA52CGU6, STM32WBA52CGU6TR, STM32WBA52CGU6U, STM32WBA52CGU7, STM32WBA52CGU7TR, STM32WBA52KEU6, STM32WBA52KEU6TR, STM32WBA52KGU6, STM32WBA52KGU6TR, STM32WBA54CEU6, STM32WBA54CEU6TR, STM32WBA54CEU7, STM32WBA54CEU7TR, STM32WBA54CGU6, STM32WBA54CGU6TR, STM32WBA54CGU7, STM32WBA54CGU7TR, STM32WBA54KEU6, STM32WBA54KEU6TR, STM32WBA54KEU7, STM32WBA54KEU7TR, STM32WBA54KGU6, STM32WBA54KGU6TR, STM32WBA54KGU7, STM32WBA54KGU7TR, STM32WBA55CEU6, STM32WBA55CEU6TR, STM32WBA55CEU7, STM32WBA55CEU7TR, STM32WBA55CGU6, STM32WBA55CGU6TR, STM32WBA55CGU6U, STM32WBA55CGU7, STM32WBA55CGU7TR, STM32WBA55G-DK1, STM32WBA55HEF6, STM32WBA55HEF7, STM32WBA55HGF6, STM32WBA55HGF7, STM32WBA55UEI6, STM32WBA55UEI6TR, STM32WBA55UEI7, STM32WBA55UEI7TR, STM32WBA55UGI6, STM32WBA55UGI6TR, STM32WBA55UGI7, STM32WBA55UGI7TR, STM32WBA5MMGH6TR, STM32WBA62MGF6, STM32WBA62MIF6, STM32WBA65MGF7, STM32WBA65MIF6, STM32WBA65MIF7, STM32WL30K8V6, STM32WL30KBV6, STM32WL31C8V6, STM32WL31CBV6, STM32WL31K8V6, STM32WL31KBV6, STM32WL33C8V6, STM32WL33C8V6X, STM32WL33CBV6, STM32WL33CBV6X, STM32WL33CCV6, STM32WL33CCV6A, STM32WL33CCV6X, STM32WL33K8V7, STM32WL33K8V7X, STM32WL33KBV7 , STM32WL33KBV7X, STM32WL33KCV7, STM32WL33KCV7X, STM32WL5MOCH6, STM32WL5MOCH6TR]
2026-01-29 18:42:30,592 [INFO] DbMcus:218 - Found 4876 MCUs, 4876 are supported
2026-01-29 18:42:30,600 [INFO] ApiDb:423 - Load user favorites file /home/krushna/.stm32cubeide/favorites.mcus.txt: 0 item(s)
2026-01-29 18:42:30,601 [INFO] ApiDb:427 - User favorites MCUs=[]
2026-01-29 18:42:30,601 [INFO] DbMcus:224 - Set 0 / 0 favorites MCUs
2026-01-29 18:42:31,103 [INFO] BoardInfo:889 - No configuration file found for board P-NUCLEO-WB55
2026-01-29 18:42:31,103 [INFO] DbBoards:161 - Kit is not supported: P-NUCLEO-WB55
2026-01-29 18:42:31,107 [INFO] BoardInfo:889 - No configuration file found for board STEVAL-BFA001V1B
2026-01-29 18:42:31,107 [INFO] DbBoards:161 - Kit is not supported: STEVAL-BFA001V1B
2026-01-29 18:42:31,107 [INFO] BoardInfo:889 - No configuration file found for board STEVAL-BFA001V2B
2026-01-29 18:42:31,108 [INFO] DbBoards:161 - Kit is not supported: STEVAL-BFA001V2B
2026-01-29 18:42:31,206 [INFO] DbBoards:168 - Found 212 boards, 209 are supported
2026-01-29 18:42:31,206 [INFO] DbBoards:169 - Found 212 boards, 43 of them is supported for  Bsp
2026-01-29 18:42:31,219 [INFO] ApiDb:423 - Load user favorites file /home/krushna/.stm32cubeide/favorites.boards.txt: 2 item(s)
2026-01-29 18:42:31,219 [INFO] ApiDb:427 - User favorites Boards=[NUCLEO-F446RE, STM32F407G-DISC1]
2026-01-29 18:42:31,219 [INFO] DbBoards:198 - Set 2 / 2 favorites Boards
2026-01-29 18:42:31,270 [INFO] UtilMem:75 - End LoadConfig() Used Memory: 241658336 Bytes (439353344)
2026-01-29 18:42:31,426 [WARN] ThirdParty:833 - waiting for thirdparty lock release [change project]
2026-01-29 18:42:31,427 [INFO] ThirdParty:835 - entering critical section [change project]
2026-01-29 18:42:31,427 [INFO] ThirdParty:1030 - CMSIS Pack Vendor :STMicroelectronics X-CUBE-PM33A1 1.0.0
2026-01-29 18:42:31,427 [INFO] ThirdParty:1030 - CMSIS Pack Vendor :STMicroelectronics USBPD 4.1
2026-01-29 18:42:31,427 [INFO] ThirdParty:1030 - CMSIS Pack Vendor :STMicroelectronics X-CUBE-NFC9 1.0.0
2026-01-29 18:42:31,427 [INFO] ThirdParty:1030 - CMSIS Pack Vendor :STMicroelectronics USB_HOST 2.0.0
2026-01-29 18:42:31,427 [INFO] ThirdParty:1030 - CMSIS Pack Vendor :STMicroelectronics FP-SNS-MOTENVWB1 1.4.0
2026-01-29 18:42:31,427 [INFO] ThirdParty:1030 - CMSIS Pack Vendor :STMicroelectronics X-CUBE-AZRTOS-F4 1.1.0
2026-01-29 18:42:31,427 [INFO] ThirdParty:1030 - CMSIS Pack Vendor :STMicroelectronics LIBJPEG 8.0.0
2026-01-29 18:42:31,427 [INFO] ThirdParty:1030 - CMSIS Pack Vendor :STMicroelectronics FP-ATR-ASTRA1 2.0.2
2026-01-29 18:42:31,427 [INFO] ThirdParty:1030 - CMSIS Pack Vendor :STMicroelectronics X-CUBE-BLE1 7.1.0
2026-01-29 18:42:31,427 [INFO] ThirdParty:1030 - CMSIS Pack Vendor :Avnet-IotConnect X-CUBE-IoTC-DA16k-PMOD 1.0.0
2026-01-29 18:42:31,428 [INFO] ThirdParty:1030 - CMSIS Pack Vendor :STMicroelectronics X-CUBE-SMBUS 2.1.0
2026-01-29 18:42:31,428 [INFO] ThirdParty:1030 - CMSIS Pack Vendor :wolfSSL I-CUBE-wolfMQTT 1.19.2
2026-01-29 18:42:31,428 [INFO] ThirdParty:1030 - CMSIS Pack Vendor :STMicroelectronics USB_DEVICE 3.0.0
2026-01-29 18:42:31,428 [INFO] ThirdParty:1030 - CMSIS Pack Vendor :STMicroelectronics X-CUBE-ISPU 2.1.0
2026-01-29 18:42:31,428 [INFO] ThirdParty:1030 - CMSIS Pack Vendor :STMicroelectronics X-CUBE-FREERTOS 1.4.0
2026-01-29 18:42:31,428 [INFO] ThirdParty:1030 - CMSIS Pack Vendor :STMicroelectronics X-CUBE-IPS 3.2.0
2026-01-29 18:42:31,428 [INFO] ThirdParty:1030 - CMSIS Pack Vendor :STMicroelectronics X-CUBE-AZRTOS-WB 2.0.0
2026-01-29 18:42:31,428 [INFO] ThirdParty:1030 - CMSIS Pack Vendor :STMicroelectronics X-CUBE-ST60 1.0.0
2026-01-29 18:42:31,428 [INFO] ThirdParty:1030 - CMSIS Pack Vendor :STMicroelectronics X-CUBE-GNSS1 7.0.1
2026-01-29 18:42:31,428 [INFO] ThirdParty:1030 - CMSIS Pack Vendor :STMicroelectronics X-CUBE-AZRTOS-F7 1.1.0
2026-01-29 18:42:31,428 [INFO] ThirdParty:1030 - CMSIS Pack Vendor :STMicroelectronics X-CUBE-AZRTOS-L5 2.0.0
2026-01-29 18:42:31,428 [INFO] ThirdParty:1030 - CMSIS Pack Vendor :STMicroelectronics X-CUBE-TOUCHGFX 4.25.0
2026-01-29 18:42:31,429 [INFO] ThirdParty:1030 - CMSIS Pack Vendor :STMicroelectronics USB_DEVICE 2.0.0
2026-01-29 18:42:31,429 [INFO] ThirdParty:1030 - CMSIS Pack Vendor :STMicroelectronics X-CUBE-NFC6 3.1.0
2026-01-29 18:42:31,429 [INFO] ThirdParty:1030 - CMSIS Pack Vendor :STMicroelectronics X-CUBE-ST67W61 1.1.0
2026-01-29 18:42:31,429 [INFO] ThirdParty:1030 - CMSIS Pack Vendor :Cesanta I-CUBE-Mongoose 7.19.0
2026-01-29 18:42:31,429 [INFO] ThirdParty:1030 - CMSIS Pack Vendor :quantropi X-CUBE-qispace-sdk-base 2.1.0
2026-01-29 18:42:31,429 [INFO] ThirdParty:1030 - CMSIS Pack Vendor :STMicroelectronics X-CUBE-MEMS1 12.0.0
2026-01-29 18:42:31,429 [INFO] ThirdParty:1030 - CMSIS Pack Vendor :STMicroelectronics X-CUBE-STSE01 2.0.0
2026-01-29 18:42:31,429 [INFO] ThirdParty:1030 - CMSIS Pack Vendor :STMicroelectronics FP-SNS-MOTENV1 5.1.0
2026-01-29 18:42:31,429 [INFO] ThirdParty:1030 - CMSIS Pack Vendor :STMicroelectronics FreeRTOS 0.0.1
2026-01-29 18:42:31,429 [INFO] ThirdParty:1030 - CMSIS Pack Vendor :STMicroelectronics X-CUBE-AZRTOS-G0 1.1.0
2026-01-29 18:42:31,429 [INFO] ThirdParty:1030 - CMSIS Pack Vendor :STMicroelectronics X-CUBE-SAFEA1 1.2.2
2026-01-29 18:42:31,429 [INFO] ThirdParty:1030 - CMSIS Pack Vendor :STMicroelectronics X-CUBE-NFC4 3.0.0
2026-01-29 18:42:31,430 [INFO] ThirdParty:1030 - CMSIS Pack Vendor :STMicroelectronics X-CUBE-SUBG2 5.0.0
2026-01-29 18:42:31,430 [INFO] ThirdParty:1030 - CMSIS Pack Vendor :STMicroelectronics X-CUBE-AZRTOS-H7RS 1.1.0
2026-01-29 18:42:31,430 [INFO] ThirdParty:1030 - CMSIS Pack Vendor :STMicroelectronics STM32_WPAN 1.0.0
2026-01-29 18:42:31,430 [INFO] ThirdParty:1030 - CMSIS Pack Vendor :EmbeddedOffice I-CUBE-FS-RTOS 1.0.1
2026-01-29 18:42:31,430 [INFO] ThirdParty:1030 - CMSIS Pack Vendor :STMicroelectronics lwIP 2.0.3
2026-01-29 18:42:31,430 [INFO] ThirdParty:1030 - CMSIS Pack Vendor :WES I-CUBE-Cesium 1.4.0
2026-01-29 18:42:31,430 [INFO] ThirdParty:1030 - CMSIS Pack Vendor :STMicroelectronics USB_HOST 1.0.0
2026-01-29 18:42:31,430 [INFO] ThirdParty:1030 - CMSIS Pack Vendor :Infineon AIROC-Wi-Fi-Bluetooth-STM32 1.7.1
2026-01-29 18:42:31,430 [INFO] ThirdParty:1030 - CMSIS Pack Vendor :STMicroelectronics X-CUBE-AZRTOS-G4 2.0.0
2026-01-29 18:42:31,430 [INFO] ThirdParty:1030 - CMSIS Pack Vendor :STMicroelectronics X-CUBE-WB05N 2.0.0
2026-01-29 18:42:31,430 [INFO] ThirdParty:1030 - CMSIS Pack Vendor :STMicroelectronics PDM2PCM 3.1.0
2026-01-29 18:42:31,431 [INFO] ThirdParty:1030 - CMSIS Pack Vendor :STMicroelectronics PDM2PCM 3.3.0
2026-01-29 18:42:31,431 [INFO] ThirdParty:1030 - CMSIS Pack Vendor :wolfSSL I-CUBE-wolfTPM 3.8.0
2026-01-29 18:42:31,431 [INFO] ThirdParty:1030 - CMSIS Pack Vendor :STMicroelectronics X-CUBE-DISPLAY 3.0.0
2026-01-29 18:42:31,431 [INFO] ThirdParty:1030 - CMSIS Pack Vendor :wolfSSL I-CUBE-wolfSSH 1.4.20
2026-01-29 18:42:31,431 [INFO] ThirdParty:1030 - CMSIS Pack Vendor :STMicroelectronics X-CUBE-NFC7 2.0.0
2026-01-29 18:42:31,431 [INFO] ThirdParty:1030 - CMSIS Pack Vendor :STMicroelectronics X-CUBE-TCPP 4.2.0
2026-01-29 18:42:31,431 [INFO] ThirdParty:1030 - CMSIS Pack Vendor :RealThread X-CUBE-RT-Thread_Nano 4.1.1
2026-01-29 18:42:31,431 [INFO] ThirdParty:1030 - CMSIS Pack Vendor :STMicroelectronics FP-ATR-SIGFOX1 3.2.0
2026-01-29 18:42:31,431 [INFO] ThirdParty:1030 - CMSIS Pack Vendor :STMicroelectronics X-CUBE-NFC10 1.0.0
2026-01-29 18:42:31,431 [INFO] ThirdParty:1030 - CMSIS Pack Vendor :STMicroelectronics X-CUBE-FREERTOS 1.3.1
2026-01-29 18:42:31,431 [INFO] ThirdParty:1030 - CMSIS Pack Vendor :STMicroelectronics HAL Drivers 0.0.0
2026-01-29 18:42:31,431 [INFO] ThirdParty:1030 - CMSIS Pack Vendor :STMicroelectronics MBEDTLS 2.16.2
2026-01-29 18:42:31,431 [INFO] ThirdParty:1030 - CMSIS Pack Vendor :STMicroelectronics X-CUBE-ST60 1.1.0
2026-01-29 18:42:31,431 [INFO] ThirdParty:1030 - CMSIS Pack Vendor :STMicroelectronics X-CUBE-IPS 3.1.0
2026-01-29 18:42:31,431 [INFO] ThirdParty:1030 - CMSIS Pack Vendor :STMicroelectronics X-CUBE-ALS 1.0.2
2026-01-29 18:42:31,431 [INFO] ThirdParty:1030 - CMSIS Pack Vendor :emotas I-CUBE-CANOPEN 1.3.0
2026-01-29 18:42:31,431 [INFO] ThirdParty:1030 - CMSIS Pack Vendor :STMicroelectronics MBEDTLS 2.14.1
2026-01-29 18:42:31,431 [INFO] ThirdParty:1030 - CMSIS Pack Vendor :STMicroelectronics X-CUBE-GNSS1 7.1.0
2026-01-29 18:42:31,431 [INFO] ThirdParty:1030 - CMSIS Pack Vendor :ITTIA_DB I-CUBE-ITTIADB 8.9.0
2026-01-29 18:42:31,431 [INFO] ThirdParty:1030 - CMSIS Pack Vendor :STMicroelectronics X-CUBE-TOUCHGFX 4.26.0
2026-01-29 18:42:31,432 [INFO] ThirdParty:1030 - CMSIS Pack Vendor :STMicroelectronics X-CUBE-STSE01 1.0.0
2026-01-29 18:42:31,432 [INFO] ThirdParty:1030 - CMSIS Pack Vendor :STMicroelectronics X-CUBE-NFC6 3.2.0
2026-01-29 18:42:31,432 [INFO] ThirdParty:1030 - CMSIS Pack Vendor :STMicroelectronics X-CUBE-ST67W61 1.0.0
2026-01-29 18:42:31,432 [INFO] ThirdParty:1030 - CMSIS Pack Vendor :STMicroelectronics ThreadX 1.0.0
2026-01-29 18:42:31,432 [INFO] ThirdParty:1030 - CMSIS Pack Vendor :STMicroelectronics FP-SNS-SMARTAG2 1.2.0
2026-01-29 18:42:31,432 [INFO] ThirdParty:1030 - CMSIS Pack Vendor :STMicroelectronics FP-SNS-FLIGHT1 5.1.0
2026-01-29 18:42:31,432 [INFO] ThirdParty:1030 - CMSIS Pack Vendor :STMicroelectronics X-CUBE-AZRTOS-WL 2.0.0
2026-01-29 18:42:31,432 [INFO] ThirdParty:1030 - CMSIS Pack Vendor :SEGGER I-CUBE-embOS 1.3.1
2026-01-29 18:42:31,432 [INFO] ThirdParty:1030 - CMSIS Pack Vendor :STMicroelectronics X-CUBE-ALGOBUILD 1.4.0
2026-01-29 18:42:31,432 [INFO] ThirdParty:1030 - CMSIS Pack Vendor :STMicroelectronics X-CUBE-DPower 1.3.0
2026-01-29 18:42:31,432 [INFO] ThirdParty:1030 - CMSIS Pack Vendor :STMicroelectronics X-CUBE-MEMS1 11.3.0
2026-01-29 18:42:31,432 [INFO] ThirdParty:1030 - CMSIS Pack Vendor :STMicroelectronics FP-SNS-MOTENV1 5.0.0
2026-01-29 18:42:31,432 [INFO] ThirdParty:1030 - CMSIS Pack Vendor :STMicroelectronics USB_DEVICE 1.0.0
2026-01-29 18:42:31,432 [INFO] ThirdParty:1030 - CMSIS Pack Vendor :STMicroelectronics X-CUBE-AZRTOS-H7RS 1.2.0
2026-01-29 18:42:31,432 [INFO] ThirdParty:1030 - CMSIS Pack Vendor :STMicroelectronics X-CUBE-AZRTOS-L4 2.0.0
2026-01-29 18:42:31,432 [INFO] ThirdParty:1030 - CMSIS Pack Vendor :STMicroelectronics ThreadX 0.0.2
2026-01-29 18:42:31,432 [INFO] ThirdParty:1030 - CMSIS Pack Vendor :STMicroelectronics lwIP 2.1.2
2026-01-29 18:42:31,432 [INFO] ThirdParty:1030 - CMSIS Pack Vendor :STMicroelectronics X-CUBE-SFXS2LP1 4.0.0
2026-01-29 18:42:31,432 [INFO] ThirdParty:1030 - CMSIS Pack Vendor :STMicroelectronics X-CUBE-BLE2 3.3.0
2026-01-29 18:42:31,432 [INFO] ThirdParty:1030 - CMSIS Pack Vendor :Avnet-IOTCONNECT X-CUBE-iotc-st67-sdk 1.0.0
2026-01-29 18:42:31,432 [INFO] ThirdParty:1030 - CMSIS Pack Vendor :STMicroelectronics X-CUBE-TOF1 3.4.3
2026-01-29 18:42:31,433 [INFO] ThirdParty:1030 - CMSIS Pack Vendor :STMicroelectronics PDM2PCM 3.2.0
2026-01-29 18:42:31,433 [INFO] ThirdParty:1030 - CMSIS Pack Vendor :STMicroelectronics X-CUBE-ST67W61 1.2.0
2026-01-29 18:42:31,433 [INFO] ThirdParty:841 - exiting critical section [change project]
2026-01-29 18:42:31,824 [INFO] PinOutPanel:1589 - setPackage(No Configuration,No Configuration)
2026-01-29 18:42:31,826 [INFO] PinOutPanel:1589 - setPackage(STM32F407VGTx,LQFP100)
2026-01-29 18:42:32,361 [INFO] UtilMem:75 - Before build in PCC Used Memory: 347117264 Bytes (439353344)
2026-01-29 18:42:32,959 [INFO] UtilMem:75 - After build in PCC Used Memory: 278744640 Bytes (439353344)
2026-01-29 18:42:32,994 [INFO] IPUIPlugin:80 - create IPUIPlugin
2026-01-29 18:42:32,994 [INFO] IPUIPlugin:80 - create IPUIPlugin
2026-01-29 18:42:32,994 [INFO] IPUIPlugin:80 - create IPUIPlugin
2026-01-29 18:42:32,994 [INFO] IPUIPlugin:80 - create IPUIPlugin
2026-01-29 18:42:32,994 [INFO] IPUIPlugin:80 - create IPUIPlugin
2026-01-29 18:42:32,994 [INFO] IPUIPlugin:80 - create IPUIPlugin
2026-01-29 18:42:32,994 [INFO] IPUIPlugin:80 - create IPUIPlugin
2026-01-29 18:42:32,995 [INFO] IPUIPlugin:80 - create IPUIPlugin
2026-01-29 18:42:32,995 [INFO] IPUIPlugin:80 - create IPUIPlugin
2026-01-29 18:42:32,995 [INFO] IPUIPlugin:80 - create IPUIPlugin
2026-01-29 18:42:32,995 [INFO] IPUIPlugin:80 - create IPUIPlugin
2026-01-29 18:42:32,995 [INFO] IPUIPlugin:80 - create IPUIPlugin
2026-01-29 18:42:32,995 [INFO] IPUIPlugin:80 - create IPUIPlugin
2026-01-29 18:42:32,995 [INFO] IPUIPlugin:80 - create IPUIPlugin
2026-01-29 18:42:32,995 [INFO] IPUIPlugin:80 - create IPUIPlugin
2026-01-29 18:42:32,995 [INFO] IPUIPlugin:80 - create IPUIPlugin
2026-01-29 18:42:32,995 [INFO] IPUIPlugin:80 - create IPUIPlugin
2026-01-29 18:42:32,995 [INFO] IPUIPlugin:80 - create IPUIPlugin
2026-01-29 18:42:32,995 [INFO] IPUIPlugin:80 - create IPUIPlugin
2026-01-29 18:42:32,996 [INFO] IPUIPlugin:80 - create IPUIPlugin
2026-01-29 18:42:32,996 [INFO] IPUIPlugin:80 - create IPUIPlugin
2026-01-29 18:42:32,996 [INFO] IPUIPlugin:80 - create IPUIPlugin
2026-01-29 18:42:32,996 [INFO] IPUIPlugin:80 - create IPUIPlugin
2026-01-29 18:42:32,996 [INFO] IPUIPlugin:80 - create IPUIPlugin
2026-01-29 18:42:32,996 [INFO] IPUIPlugin:80 - create IPUIPlugin
2026-01-29 18:42:32,997 [INFO] IPUIPlugin:80 - create IPUIPlugin
2026-01-29 18:42:32,997 [INFO] IPUIPlugin:80 - create IPUIPlugin
2026-01-29 18:42:32,997 [INFO] IPUIPlugin:80 - create IPUIPlugin
2026-01-29 18:42:32,997 [INFO] IPUIPlugin:80 - create IPUIPlugin
2026-01-29 18:42:32,997 [INFO] IPUIPlugin:80 - create IPUIPlugin
2026-01-29 18:42:32,997 [INFO] IPUIPlugin:80 - create IPUIPlugin
2026-01-29 18:42:32,998 [INFO] IPUIPlugin:80 - create IPUIPlugin
2026-01-29 18:42:32,998 [INFO] IPUIPlugin:80 - create IPUIPlugin
2026-01-29 18:42:32,998 [INFO] IPUIPlugin:80 - create IPUIPlugin
2026-01-29 18:42:32,998 [INFO] IPUIPlugin:80 - create IPUIPlugin
2026-01-29 18:42:32,998 [INFO] IPUIPlugin:80 - create IPUIPlugin
2026-01-29 18:42:32,998 [INFO] IPUIPlugin:80 - create IPUIPlugin
2026-01-29 18:42:32,999 [INFO] IPUIPlugin:80 - create IPUIPlugin
2026-01-29 18:42:32,999 [INFO] IPUIPlugin:80 - create IPUIPlugin
2026-01-29 18:42:32,999 [INFO] IPUIPlugin:80 - create IPUIPlugin
2026-01-29 18:42:32,999 [INFO] IPUIPlugin:80 - create IPUIPlugin
2026-01-29 18:42:32,999 [INFO] IPUIPlugin:80 - create IPUIPlugin
2026-01-29 18:42:32,999 [INFO] IPUIPlugin:80 - create IPUIPlugin
2026-01-29 18:42:33,000 [INFO] IPUIPlugin:80 - create IPUIPlugin
2026-01-29 18:42:33,000 [INFO] IPUIPlugin:80 - create IPUIPlugin
2026-01-29 18:42:33,000 [INFO] IPUIPlugin:80 - create IPUIPlugin
2026-01-29 18:42:33,000 [INFO] IPUIPlugin:80 - create IPUIPlugin
2026-01-29 18:42:33,000 [INFO] IPUIPlugin:80 - create IPUIPlugin
2026-01-29 18:42:33,000 [INFO] IPUIPlugin:80 - create IPUIPlugin
2026-01-29 18:42:33,000 [INFO] IPUIPlugin:80 - create IPUIPlugin
2026-01-29 18:42:33,000 [INFO] IPUIPlugin:80 - create IPUIPlugin
2026-01-29 18:42:33,001 [INFO] IPUIPlugin:80 - create IPUIPlugin
2026-01-29 18:42:33,001 [INFO] IPUIPlugin:80 - create IPUIPlugin
2026-01-29 18:42:33,001 [INFO] IPUIPlugin:80 - create IPUIPlugin
2026-01-29 18:42:33,001 [INFO] IPUIPlugin:80 - create IPUIPlugin
2026-01-29 18:42:33,001 [INFO] IPUIPlugin:80 - create IPUIPlugin
2026-01-29 18:42:33,002 [INFO] IPUIPlugin:80 - create IPUIPlugin
2026-01-29 18:42:33,002 [INFO] IPUIPlugin:80 - create IPUIPlugin
2026-01-29 18:42:33,029 [INFO] ApiDbMcu:532 - Load IP Config File for PDM2PCM
2026-01-29 18:42:33,038 [INFO] Can:71 - Can Add PropertyChangeListener com.st.microxplorer.plugins.ip.can.Can@47b91a71
2026-01-29 18:42:33,040 [WARN] IP:2250 - I2C_Coeff_DF not found: check if there is a RefParameter without a condition.
2026-01-29 18:42:33,040 [WARN] IP:2250 - Analog_Filter not found: check if there is a RefParameter without a condition.
2026-01-29 18:42:33,183 [INFO] CADModel:165 - CPN selected for project levelSTM32F407VGT6
2026-01-29 18:42:33,183 [INFO] CADModel:114 - Register for checkConnection events
2026-01-29 18:42:33,222 [INFO] OpenFileManager:386 - Restore cursor
2026-01-29 18:42:33,462 [WARN] IP:2250 - I2C_Coeff_DF not found: check if there is a RefParameter without a condition.
2026-01-29 18:42:33,462 [WARN] IP:2250 - Analog_Filter not found: check if there is a RefParameter without a condition.
2026-01-29 18:42:33,462 [WARN] IP:2250 - I2C_Coeff_DF not found: check if there is a RefParameter without a condition.
2026-01-29 18:42:33,462 [WARN] IP:2250 - Analog_Filter not found: check if there is a RefParameter without a condition.
